fetched_at,place_name,AREA_NM,AREA_CD,_key_used,LIVE_DST_MESSAGE__DST_SE_NM,LIVE_DST_MESSAGE__EMRG_STEP_NM,LIVE_DST_MESSAGE__MSG_CN,LIVE_DST_MESSAGE__CRT_DT
2026-07-20T20:11:17.042168+09:00,북서울꿈의숲,북서울꿈의숲,POI096,KEY_1,호우,안전안내,"오늘 밤부터 강하고 많은 비가 예상됩니다. ▲빗물받이 덮개 제거 ▲우이천 등 하천변 접근 금지 ▲지하공간 침수 우려 시 지대가 높은 곳으로 즉시 대피 ▲축대, 옹벽 등 붕괴 위험지역 접근 금지 ▲북한산 인근 산사태 취약지역 접근 금지 등 안전에 유의하시기 바랍니다. [강북구]",2026-07-20 17:31:40
2026-07-20T20:11:17.042168+09:00,창동 신경제 중심지,창동 신경제 중심지,POI079,KEY_4,호우,안전안내,"오늘 밤부터 도봉구에 강한 비가 예상되오니, 집 인근 빗물받이 덮개 제거 등 사전정비를 해주시기 바랍니다. 또한 강우 시에는 관내 하천, 도봉산 및 급경사지 등 위험지역 출입 자제, 지하 공간에 물이 차오르면 즉시 지대가 높은 곳으로 대피 등 안전에 유의하시기 바랍니다.[도봉구청]",2026-07-20 16:53:15
2026-07-20T20:11:17.042168+09:00,청량리 제기동 일대 전통시장,청량리 제기동 일대 전통시장,POI081,KEY_2,호우,안전안내,"오늘 늦은 밤부터 많은 비가 예상되오니, ▲지속적인 강우로 약해진 내 집 주변 담장, 축대 등 노후 시설물 점검 및 빗물받이 덮개 제거 ▲성북천, 정릉천, 중랑천 등 우천 시 하천 출입 자제 ▲기상 상황을 수시로 확인하여 안전에 유의하시기 바랍니다.[동대문구]",2026-07-20 18:23:47
2026-07-20T20:11:17.042168+09:00,미아사거리역,미아사거리역,POI026,KEY_2,호우,안전안내,"오늘 밤부터 강하고 많은 비가 예상됩니다. ▲빗물받이 덮개 제거 ▲우이천 등 하천변 접근 금지 ▲지하공간 침수 우려 시 지대가 높은 곳으로 즉시 대피 ▲축대, 옹벽 등 붕괴 위험지역 접근 금지 ▲북한산 인근 산사태 취약지역 접근 금지 등 안전에 유의하시기 바랍니다. [강북구]",2026-07-20 17:31:40
2026-07-20T20:11:17.042168+09:00,성신여대입구역,성신여대입구역,POI035,KEY_2,호우,안전안내,"오늘 늦은 밤부터 많은 비가 예상되오니 지속적인 강우로 약해진 ▲내 집 주변 담장·축대 등 노후시설물 점검 및 빗물받이 덮개 제거 ▲성북천,정릉천,우이천,중랑천 등 우천 시 하천출입 자제 ▲기상상황을 수시로 확인하여 안전에 유의하시기 바랍니다.[성북구]",2026-07-20 18:04:58
2026-07-20T20:11:17.042168+09:00,수유역,수유역,POI036,KEY_3,호우,안전안내,"오늘 밤부터 강하고 많은 비가 예상됩니다. ▲빗물받이 덮개 제거 ▲우이천 등 하천변 접근 금지 ▲지하공간 침수 우려 시 지대가 높은 곳으로 즉시 대피 ▲축대, 옹벽 등 붕괴 위험지역 접근 금지 ▲북한산 인근 산사태 취약지역 접근 금지 등 안전에 유의하시기 바랍니다. [강북구]",2026-07-20 17:31:40
2026-07-20T20:11:17.042168+09:00,쌍문역,쌍문역,POI070,KEY_3,호우,안전안내,"오늘 밤부터 도봉구에 강한 비가 예상되오니, 집 인근 빗물받이 덮개 제거 등 사전정비를 해주시기 바랍니다. 또한 강우 시에는 관내 하천, 도봉산 및 급경사지 등 위험지역 출입 자제, 지하 공간에 물이 차오르면 즉시 지대가 높은 곳으로 대피 등 안전에 유의하시기 바랍니다.[도봉구청]",2026-07-20 16:53:15
2026-07-20T20:11:17.042168+09:00,장한평역,장한평역,POI049,KEY_2,호우,안전안내,"오늘 늦은 밤부터 많은 비가 예상되오니, ▲지속적인 강우로 약해진 내 집 주변 담장, 축대 등 노후 시설물 점검 및 빗물받이 덮개 제거 ▲성북천, 정릉천, 중랑천 등 우천 시 하천 출입 자제 ▲기상 상황을 수시로 확인하여 안전에 유의하시기 바랍니다.[동대문구]",2026-07-20 18:23:47
2026-07-20T20:11:17.042168+09:00,회기역,회기역,POI056,KEY_1,호우,안전안내,"오늘 늦은 밤부터 많은 비가 예상되오니, ▲지속적인 강우로 약해진 내 집 주변 담장, 축대 등 노후 시설물 점검 및 빗물받이 덮개 제거 ▲성북천, 정릉천, 중랑천 등 우천 시 하천 출입 자제 ▲기상 상황을 수시로 확인하여 안전에 유의하시기 바랍니다.[동대문구]",2026-07-20 18:23:47
