fetched_at,place_name,AREA_NM,AREA_CD,_key_used,STAT_NM,STAT_ID,STAT_ADDR,STAT_X,STAT_Y,STAT_USETIME,STAT_PARKPAY,STAT_LIMITYN,STAT_LIMITDETAIL,STAT_KINDDETAIL
2026-05-25T00:33:07.112731+09:00,광화문·덕수궁,광화문·덕수궁,POI009,KEY_2,경복궁주차장,CV002874,서울특별시 종로구 사직로 161,126.97872741,37.577568439,06:00 ~ 23:00,N,N,,관광지
2026-05-25T00:33:07.112731+09:00,광화문·덕수궁,광화문·덕수궁,POI009,KEY_2,서울도시기반시설본부,CV000259,서울특별시 중구 청계천로 8,126.978292,37.5688401,07:00~19:00,N,N,,공공기관
2026-05-25T00:33:07.112731+09:00,광화문·덕수궁,광화문·덕수궁,POI009,KEY_2,서울신문사 급속충전소,EP210068,서울특별시 중구 세종대로 124,126.9778737,37.5674199,24시간 이용가능,Y,N,시설 상황에 따라 이용이 제한될 수 있음,사업장(사옥)
2026-05-25T00:33:07.112731+09:00,광화문·덕수궁,광화문·덕수궁,POI009,KEY_2,서울종로 세종로공영주차장1,EV003446,서울특별시 종로구 세종대로 지하189,126.9759148,37.5733741,24시간 이용가능,N,N,,공영주차장
2026-05-25T00:33:07.112731+09:00,광화문·덕수궁,광화문·덕수궁,POI009,KEY_2,워터 서울 광화문,BE111108,서울특별시 종로구 종로1길 50,126.978913,37.574641,24시간 이용가능,N,N,,기타
2026-05-25T00:33:07.112731+09:00,광화문·덕수궁,광화문·덕수궁,POI009,KEY_2,종로 동아일보미디어센터,EP240036,서울특별시 종로구 청계천로 1,126.9780203,37.5695464,24시간 이용가능,Y,N,시설 상황에 따라 이용이 제한될 수 있음,기타
2026-05-25T00:33:07.112731+09:00,광화문·덕수궁,광화문·덕수궁,POI009,KEY_2,한국무역보험공사 종로,BNAB0301,서울특별시 종로구 종로 14,126.978871,37.569774,19:00~22:00,N,N,시설 상황에 따라 이용이 제한될 수 있음,기타
2026-05-25T00:33:07.112731+09:00,광화문·덕수궁,광화문·덕수궁,POI009,KEY_2,한국프레스센터,EC110009,서울특별시 중구 세종대로 124,126.9778737,37.5674199,24시간 이용가능,Y,N,,공공기관
2026-05-25T00:33:07.112731+09:00,창덕궁·종묘,창덕궁·종묘,POI012,KEY_1,서울시 종묘공영주차장(급속),EV003444,서울특별시 종로구 종로 157,126.9948635,37.5731335,24시간 이용가능,N,N,,공영주차장
2026-05-25T00:33:07.112731+09:00,창덕궁·종묘,창덕궁·종묘,POI012,KEY_1,서울종로 인의빌딩,EV008451,서울특별시 종로구 창경궁로 112-7,126.9980775,37.5725688,24시간 이용가능,Y,N,외부인 출입불가,아파트
2026-05-25T00:33:07.112731+09:00,창덕궁·종묘,창덕궁·종묘,POI012,KEY_1,서울하나손해보험빌딩,AM900049,서울특별시 종로구 창경궁로 117,126.9970973,37.57280393,24시간 이용가능,N,N,,일반주차장
2026-05-25T00:33:07.112731+09:00,창덕궁·종묘,창덕궁·종묘,POI012,KEY_1,종묘공영주차장,CV001050,서울특별시 종로구 종로 157,126.995828,37.5709841,24시간 이용가능,N,N,,공영주차장
2026-05-25T00:33:07.112731+09:00,강남 MICE 관광특구,강남 MICE 관광특구,POI001,KEY_2,서울강남 코엑스라이브플라자B3,EV004352,서울특별시 강남구 영동대로 513,127.059159,37.5118239,24시간 이용가능,Y,N,외부인 사용불가,사업장(사옥)
2026-05-25T00:33:07.112731+09:00,강남 MICE 관광특구,강남 MICE 관광특구,POI001,KEY_2,서울강남 코엑스옥상 1,EV004262,서울특별시 강남구 영동대로 513,127.059159,37.5118239,24시간 이용가능,Y,N,외부인 사용불가,사업장(사옥)
2026-05-25T00:33:07.112731+09:00,동대문 관광특구,동대문 관광특구,POI002,KEY_3,서울시 동대문공영주차장(급속),EV003445,서울특별시 중구 마장로 22,127.01211146,37.567265557,24시간 이용가능,N,N,,공영주차장
2026-05-25T00:33:07.112731+09:00,동대문 관광특구,동대문 관광특구,POI002,KEY_3,중구 중구구민회관 부설주차장,BNBN0270,"서울특별시 중구 을지로39길 40 (을지로6가, 구민회관)",127.0060501,37.5684795,0000~0000,N,N,시설 상황에 따라 이용이 제한될 수 있음,사업장(사옥)
2026-05-25T00:33:07.112731+09:00,명동 관광특구,명동 관광특구,POI003,KEY_4,삼익패션타운,EC004819,서울특별시 중구 남대문시장8길 7,126.9788327,37.5601443,24시간 이용가능,Y,N,,사업장(사옥)
2026-05-25T00:33:07.112731+09:00,명동 관광특구,명동 관광특구,POI003,KEY_4,서울도시기반시설본부,CV000259,서울특별시 중구 청계천로 8,126.978292,37.5688401,07:00~19:00,N,N,,공공기관
2026-05-25T00:33:07.112731+09:00,명동 관광특구,명동 관광특구,POI003,KEY_4,서울신문사 급속충전소,EP210068,서울특별시 중구 세종대로 124,126.9778737,37.5674199,24시간 이용가능,Y,N,시설 상황에 따라 이용이 제한될 수 있음,사업장(사옥)
2026-05-25T00:33:07.112731+09:00,명동 관광특구,명동 관광특구,POI003,KEY_4,서울중앙우체국청사,EC004965,서울특별시 중구 소공로 70,126.982169,37.5615987,24시간 이용가능,Y,N,,공공기관
2026-05-25T00:33:07.112731+09:00,명동 관광특구,명동 관광특구,POI003,KEY_4,페럼타워,CV003940,서울특별시 중구 을지로5길 19,126.984149,37.566935,05:00 ~ 24:00,N,N,,사업장(사옥)
2026-05-25T00:33:07.112731+09:00,명동 관광특구,명동 관광특구,POI003,KEY_4,포르쉐 HPC 데스티네이션 서울 웨스틴 조선 호텔 지상1층,CV000888,서울특별시 중구 소공로 106,126.980205,37.564463,09:00~18:00,Y,N,,숙박시설
2026-05-25T00:33:07.112731+09:00,명동 관광특구,명동 관광특구,POI003,KEY_4,포르쉐 HPC 데스티네이션 서울 웨스틴 조선 호텔 지하4층,CV002057,서울특별시 중구 소공로 106,126.980135,37.5648873,09:00~18:00,Y,N,,서비스센터
2026-05-25T00:33:07.112731+09:00,명동 관광특구,명동 관광특구,POI003,KEY_4,하나은행 명동사옥 (급속),EP210350,서울특별시 중구 을지로 66,126.9850107,37.5651546,24시간 이용가능,N,N,시설 상황에 따라 이용이 제한될 수 있음,금융기관
2026-05-25T00:33:07.112731+09:00,명동 관광특구,명동 관광특구,POI003,KEY_4,하나은행 을지로본점 급속충전소,EP230196,"서울 중구 을지로 35 (을지로1가, (주)하나은행 본점)",126.9818658,37.5664918,24시간 이용가능,N,N,시설 상황에 따라 이용이 제한될 수 있음,금융기관
2026-05-25T00:33:07.112731+09:00,명동 관광특구,명동 관광특구,POI003,KEY_4,한국프레스센터,EC110009,서울특별시 중구 세종대로 124,126.9778737,37.5674199,24시간 이용가능,Y,N,,공공기관
2026-05-25T00:33:07.112731+09:00,잠실 관광특구,잠실 관광특구,POI005,KEY_2,서울송파 신동아로쟌뷰,EV005690,서울특별시 송파구 석촌호수로 188,127.0980153,37.50623,24시간 이용가능,N,N,"외부인 사용불가, 주차비유료",아파트
2026-05-25T00:33:07.112731+09:00,잠실 관광특구,잠실 관광특구,POI005,KEY_2,서울송파 한성백제박물관(급속),EV008986,서울특별시 송파구 위례성대로 71,127.1208007,37.5154287,09:00~22:00만 이용가능,N,N,09:00~22:00만 이용가능,박물관
2026-05-25T00:33:07.112731+09:00,잠실 관광특구,잠실 관광특구,POI005,KEY_2,서울송파 한성백제박물관(완속),EV008987,서울특별시 송파구 위례성대로 71,127.1199196,37.5155051,09:00~22:00만 이용가능,N,N,09:00~22:00만 이용가능,박물관
2026-05-25T00:33:07.112731+09:00,잠실 관광특구,잠실 관광특구,POI005,KEY_2,서울시 잠실역공영주차장(급속),EV003440,서울특별시 송파구 올림픽로 지하 265,127.1018579,37.5138593,24시간 이용가능,N,N,,공영주차장
2026-05-25T00:33:07.112731+09:00,잠실 관광특구,잠실 관광특구,POI005,KEY_2,서울올림픽공원 남2문주차장,ME19X403,서울특별시 송파구 올림픽로,127.123837,37.514973,24시간 이용가능,Y,N,,공원
2026-05-25T00:33:07.112731+09:00,잠실 관광특구,잠실 관광특구,POI005,KEY_2,석촌호수효성해링턴타워,DL000014,서울특별시 송파구 석촌호수로 210,127.1003,37.50656,24시간 이용가능,N,N,,오피스텔
2026-05-25T00:33:07.112731+09:00,잠실 관광특구,잠실 관광특구,POI005,KEY_2,올림픽공원,ME19A152,서울특별시 송파구 올림픽로 424,127.115847,37.5171577,24시간 이용가능,N,N,,공원
2026-05-25T00:33:07.112731+09:00,잠실 관광특구,잠실 관광특구,POI005,KEY_2,잠실엘퍼스트오피스텔,CA000106,서울특별시 송파구 백제고분로51길 7,127.11466980,37.515822625,24시간 이용가능,N,Y,거주자 외 출입제한,오피스텔
2026-05-25T00:33:07.112731+09:00,잠실 관광특구,잠실 관광특구,POI005,KEY_2,효성올림픽카운티,DL000052,서울특별시 송파구 백제고분로 497,127.1146,37.5149,24시간 이용가능,Y,N,,아파트
2026-05-25T00:33:07.112731+09:00,종로·청계 관광특구,종로·청계 관광특구,POI006,KEY_3,종로 동아일보미디어센터,EP240036,서울특별시 종로구 청계천로 1,126.9780203,37.5695464,24시간 이용가능,Y,N,시설 상황에 따라 이용이 제한될 수 있음,기타
2026-05-25T00:33:07.112731+09:00,종로·청계 관광특구,종로·청계 관광특구,POI006,KEY_3,한국무역보험공사 종로,BNAB0301,서울특별시 종로구 종로 14,126.978871,37.569774,19:00~22:00,N,N,시설 상황에 따라 이용이 제한될 수 있음,기타
2026-05-25T00:33:07.112731+09:00,홍대 관광특구,홍대 관광특구,POI007,KEY_4,마포 동양한강트레벨오피스텔(B3F),CGA00022,서울특별시 마포구 양화로 56,126.9150619,37.5497514,24시간 이용가능,Y,Y,거주자외 출입제한,오피스텔
2026-05-25T00:33:07.112731+09:00,홍대 관광특구,홍대 관광특구,POI007,KEY_4,마포 메세나폴리스아파트,EV000122,서울특별시 마포구 양화로 45,126.913952,37.5515013,"24시간 이용가능,입주민만 사용가능 거주자외출입제한",Y,N,,아파트
2026-05-25T00:33:07.112731+09:00,홍대 관광특구,홍대 관광특구,POI007,KEY_4,서울마포 LC타워,EV006436,서울특별시 마포구 양화로 186,126.9258931,37.5576685,24시간 이용가능,N,N,외부인 사용불가,아파트
2026-05-25T00:33:07.112731+09:00,홍대 관광특구,홍대 관광특구,POI007,KEY_4,세아타워 지하4층 주차장-1,EC003240,서울특별시 마포구 양화로 45,126.91357,37.5501103,24시간 이용가능,N,N,,마트(쇼핑몰)
2026-05-25T00:33:07.112731+09:00,홍대 관광특구,홍대 관광특구,POI007,KEY_4,세아타워 지하4층 주차장-2,EC003241,서울특별시 마포구 양화로 45,126.9135587,37.5500697,24시간 이용가능,N,N,,마트(쇼핑몰)
2026-05-25T00:33:07.112731+09:00,홍대 관광특구,홍대 관광특구,POI007,KEY_4,영화진흥위원회,EP210306,서울특별시 마포구 와우산로 143,126.9289464,37.5542498,24시간 이용가능,Y,N,,사업장(사옥)
2026-05-25T00:33:07.112731+09:00,홍대 관광특구,홍대 관광특구,POI007,KEY_4,채비스테이 홍대,CV004090,서울특별시 마포구 양화로 85,126.91707200,37.552269000,24시간 이용가능,Y,N,,카페
2026-05-25T00:33:07.112731+09:00,남산공원,남산공원,POI091,KEY_3,국립극장,DO000048,서울특별시 중구 장충단로 59,127.000269,37.553619,24시간 이용가능,Y,N,,공연장
2026-05-25T00:33:07.112731+09:00,남산공원,남산공원,POI091,KEY_3,국립중앙극장-1,ME22D402,서울특별시 중구 장충단로59,127.0001305,37.5528698,부분개방(07:00~23:00),N,N,,공연장
2026-05-25T00:33:07.112731+09:00,남산공원,남산공원,POI091,KEY_3,국립중앙극장-2,ME22D134,서울특별시 중구 장충단로59,127.0001305,37.5528698,부분개방(07:00~23:00),N,N,,공연장
2026-05-25T00:33:07.112731+09:00,남산공원,남산공원,POI091,KEY_3,반얀트리클럽앤스파,CV001949,서울특별시 중구 장충단로 60,127.0006792,37.5503802,24시간 이용가능,N,Y,시설 사용자 외 이용이 제한될 수 있음,숙박시설
2026-05-25T00:33:07.112731+09:00,남산공원,남산공원,POI091,KEY_3,서울중구 장충체육관,EV008991,서울특별시 중구 동호로 241,127.0066775,37.5586407,24시간 이용가능,N,N,외부인 사용불가,기타
2026-05-25T00:33:07.112731+09:00,북서울꿈의숲,북서울꿈의숲,POI096,KEY_1,서울강북 꿈의숲롯데캐슬1,EV008508,서울특별시 강북구 오현로 56,127.0364759,37.6184116,24시간 이용가능,Y,N,외부인 출입불가,아파트
2026-05-25T00:33:07.112731+09:00,북서울꿈의숲,북서울꿈의숲,POI096,KEY_1,서울강북 꿈의숲롯데캐슬1,EV008508,서울특별시 강북구 오현로 56,127.0364759,37.6184116,24시간 이용가능,Y,Y,외부인 출입불가,아파트
2026-05-25T00:33:07.112731+09:00,북서울꿈의숲,북서울꿈의숲,POI096,KEY_1,서울강북 북서울꿈의숲 동문 및 서문주차장(콘센트),EV010675,서울특별시 강북구 월계로 173,127.0443247,37.6202545,24시간 이용가능,N,N,외부인 사용불가,아파트
2026-05-25T00:33:07.112731+09:00,북서울꿈의숲,북서울꿈의숲,POI096,KEY_1,서울강북 북서울꿈의숲 동문 및 서문주차장(콘센트),EV010675,서울특별시 강북구 월계로 173,127.0443247,37.6202545,24시간 이용가능,N,N,"주차비 유료,외부인 사용불가",아파트
2026-05-25T00:33:07.112731+09:00,여의서로,여의서로,POI126,KEY_4,국회의사당,BT200001,서울특별시 영등포구 의사당대로 1,126.91641,37.53292,24시간 이용가능,Y,N,,기타
2026-05-25T00:33:07.112731+09:00,여의서로,여의서로,POI126,KEY_4,국회의사당 6문,ME22C802,서울특별시 영등포구 의사당대로 1,126.9174606,37.5326039,24시간 이용가능,Y,N,,공공기관
2026-05-25T00:33:07.112731+09:00,올림픽공원,올림픽공원,POI127,KEY_1,서울송파 한성백제박물관(급속),EV008986,서울특별시 송파구 위례성대로 71,127.1208007,37.5154287,09:00~22:00만 이용가능,N,N,09:00~22:00만 이용가능,박물관
2026-05-25T00:33:07.112731+09:00,올림픽공원,올림픽공원,POI127,KEY_1,서울송파 한성백제박물관(완속),EV008987,서울특별시 송파구 위례성대로 71,127.1199196,37.5155051,09:00~22:00만 이용가능,N,N,09:00~22:00만 이용가능,박물관
2026-05-25T00:33:07.112731+09:00,올림픽공원,올림픽공원,POI127,KEY_1,서울올림픽공원 남2문주차장,ME19X403,서울특별시 송파구 올림픽로,127.123837,37.514973,24시간 이용가능,Y,N,,공원
2026-05-25T00:33:07.112731+09:00,올림픽공원,올림픽공원,POI127,KEY_1,올림픽공원,ME19A152,서울특별시 송파구 올림픽로 424,127.115847,37.5171577,24시간 이용가능,N,N,,공원
2026-05-25T00:33:07.112731+09:00,월드컵공원,월드컵공원,POI106,KEY_2,서울마포 월드컵공원 난지삼거리주차장,EV010081,서울특별시 마포구 월드컵로 365,126.8873915,37.5711561,24시간 이용가능,Y,N,,공원주차장
2026-05-25T00:33:07.112731+09:00,월드컵공원,월드컵공원,POI106,KEY_2,서울마포 월드컵공원 난지중앙로,EV010080,서울특별시 마포구 월드컵로 243-60,126.8800727,37.5696851,24시간 이용가능,Y,N,,공영주차장
2026-05-25T00:33:07.112731+09:00,월드컵공원,월드컵공원,POI106,KEY_2,월드컵공원 주차장,CV004156,서울특별시 마포구 월드컵로 243-60,126.8987163,37.5635472,24시간 이용가능,N,N,,공원
2026-05-25T00:33:07.112731+09:00,응봉산,응봉산,POI107,KEY_3,서울성동 대림1차아파트 1,EV010331,서울특별시 성동구 독서당로62길 43,127.0335265,37.551901,24시간 이용가능,Y,N,,아파트
2026-05-25T00:33:07.112731+09:00,응봉산,응봉산,POI107,KEY_3,서울성동 대림1차아파트 2,EV010332,"서울특별시 성동구 독서당로62길 43(응봉동, 대림아파트)",127.0335265,37.5519010,24시간 이용가능,N,Y,외부인 사용불가,아파트
2026-05-25T00:33:07.112731+09:00,가락시장,가락시장,POI058,KEY_2,가락시장,ME19Y601,서울특별시 송파구 양재대로 932,127.113843,37.494161,24시간 이용가능,N,N,,마트(쇼핑몰)
2026-05-25T00:33:07.112731+09:00,가락시장,가락시장,POI058,KEY_2,롯데마트 송파점,ME174029,서울특별시 송파구 중대로 80,127.1178931,37.4918392,24시간 이용가능,N,N,,마트(쇼핑몰)
2026-05-25T00:33:07.112731+09:00,가로수길,가로수길,POI059,KEY_3,JB미소빌딩,CI0I0003,서울특별시 강남구 논현로 841,127.0277620,37.5240297,24시간 이용가능,Y,N,,기타
2026-05-25T00:33:07.112731+09:00,가로수길,가로수길,POI059,KEY_3,서울 광림교회,EP190075,서울특별시 강남구 논현로163길 33,127.0255799,37.5238944,24시간 이용가능/시설 상황에 따라 이용이 제한될 수 있습니다,Y,Y,시설 상황에 따라 이용이 제한될 수 있음,종교시설
2026-05-25T00:33:07.112731+09:00,가로수길,가로수길,POI059,KEY_3,신구초등학교 공영주차장,BT000131,서울특별시 강남구 압구정로18길 28,127.0241859,37.52311907,24시간 이용가능,N,N,,공영주차장
2026-05-25T00:33:07.112731+09:00,가로수길,가로수길,POI059,KEY_3,포르쉐 HPC데스티네이션 신사스퀘어,CV001669,서울특별시 강남구 강남대로 652,127.019063,37.519607,24시간 이용가능,N,N,,기타
2026-05-25T00:33:07.112731+09:00,서촌,서촌,POI067,KEY_3,옥인공영주차장,CV004618,서울특별시 종로구 필운대로 83,126.967095,37.583155,24시간 이용가능,N,N,,공영주차장
2026-05-25T00:33:07.112731+09:00,서촌,서촌,POI067,KEY_3,인왕교통 버스차고지,CR000260,서울특별시 종로구 옥인동 181-10,126.963851,37.582101,24시간 이용가능,Y,N,버스전용,기타
2026-05-25T00:33:07.112731+09:00,서촌,서촌,POI067,KEY_3,종로구보건소,CV002634,"서울특별시 종로구 옥인동 45-30 종로구보건소, 청운효자동자치회관",126.9692391,37.581712,24시간 이용가능,Y,N,,보건소
2026-05-25T00:33:07.112731+09:00,성수카페거리,성수카페거리,POI068,KEY_4,성수 금호2차아파트,DL000036,서울특별시 성동구 연무장길 31-1,127.05314,37.543748,24시간 이용가능,Y,N,,아파트
2026-05-25T00:33:07.112731+09:00,성수카페거리,성수카페거리,POI068,KEY_4,성수드림빌드지식산업센터,AM900065,서울특별시 성동구 아차산로 132,127.0583489,37.54359489,24시간 이용가능,N,N,,일반주차장
2026-05-25T00:33:07.112731+09:00,송리단길·호수단길,송리단길·호수단길,POI121,KEY_1,서울송파 신동아로쟌뷰,EV005690,서울특별시 송파구 석촌호수로 188,127.0980153,37.50623,24시간 이용가능,N,N,"외부인 사용불가, 주차비유료",아파트
2026-05-25T00:33:07.112731+09:00,송리단길·호수단길,송리단길·호수단길,POI121,KEY_1,석촌호수효성해링턴타워,DL000014,서울특별시 송파구 석촌호수로 210,127.1003,37.50656,24시간 이용가능,N,N,,오피스텔
2026-05-25T00:33:07.112731+09:00,압구정로데오거리,압구정로데오거리,POI071,KEY_3,서울강남 대원칸타빌아파트 1,EV000923,"서울특별시 강남구 압구정로48길 15 (신사동, 압구정대원칸타빌아파트)",127.0370362,37.5273611,24시간 이용가능,Y,N,,아파트
2026-05-25T00:33:07.112731+09:00,압구정로데오거리,압구정로데오거리,POI071,KEY_3,서울강남 대원칸타빌아파트1(B1),EV005483,서울특별시 강남구 압구정로48길 15,127.037245,37.527529,24시간 이용가능,Y,N,외부인 사용불가,아파트
2026-05-25T00:33:07.112731+09:00,압구정로데오거리,압구정로데오거리,POI071,KEY_3,서울강남 대원칸타빌아파트1(B2),EV005484,서울특별시 강남구 압구정로48길 15,127.03727112,37.527656081,24시간 이용가능,Y,N,외부인 사용불가,아파트
2026-05-25T00:33:07.112731+09:00,압구정로데오거리,압구정로데오거리,POI071,KEY_3,한양조씨병참공파종회,EC003206,서울특별시 강남구 선릉로 823,127.0393426,37.5256356,24시간 이용가능,N,N,,기타
2026-05-25T00:33:07.112731+09:00,여의도,여의도,POI072,KEY_4,EV충전소 SK여의도주유소 (ev Most),EM000001,서울특별시 영등포구 의사당대로 154,126.927370,37.517737,07:00-22:00,Y,N,,주유소
2026-05-25T00:33:07.112731+09:00,여의도,여의도,POI072,KEY_4,교보증권 본사,CV004456,서울특별시 영등포구 의사당대로 97,126.924533,37.522753,09:00~18:00,N,Y,외부인 출입불가,사업장(사옥)
2026-05-25T00:33:07.112731+09:00,여의도,여의도,POI072,KEY_4,국회 서편 주차장,ME20A410,서울특별시 영등포구 여의도동 1,126.9127433,37.5318027,24시간 이용가능,Y,N,,공공기관
2026-05-25T00:33:07.112731+09:00,여의도,여의도,POI072,KEY_4,국회 서편 주차장,ME20A410,서울특별시 영등포구 여의도동 1,126.9127433,37.5318027,24시간 이용가능,Y,N,,공공기관
2026-05-25T00:33:07.112731+09:00,여의도,여의도,POI072,KEY_4,국회 헌정기념관 주차장,ME20A411,서울특별시 영등포구 여의도동 1,126.919483,37.53175,24시간 이용가능,Y,N,,공공기관
2026-05-25T00:33:07.112731+09:00,여의도,여의도,POI072,KEY_4,국회도서관,ME183103,"서울특별시 영등포구 의사당대로1, 국회도서관 앞",126.91764312,37.530302464,24시간 이용가능,Y,N,,공공기관
2026-05-25T00:33:07.112731+09:00,여의도,여의도,POI072,KEY_4,국회의사당,BT200001,서울특별시 영등포구 의사당대로 1,126.91641,37.53292,24시간 이용가능,Y,N,,기타
2026-05-25T00:33:07.112731+09:00,여의도,여의도,POI072,KEY_4,세우빌딩,BPA00006,서울특별시 영등포구 여의공원로 115,126.92,37.53,05:00~00:00,N,Y,시설 상황에 따라 이용이 제한될 수 있음,기타
2026-05-25T00:33:07.112731+09:00,여의도,여의도,POI072,KEY_4,국회의사당 6문,ME22C802,서울특별시 영등포구 의사당대로 1,126.9174606,37.5326039,24시간 이용가능,Y,N,,공공기관
2026-05-25T00:33:07.112731+09:00,여의도,여의도,POI072,KEY_4,국회의원회관,ME183219,"서울특별시 영등포구 의사당대로1, 국회의원회관 주차장 우측",126.914480,37.528194,09:00 ~ 18:00,Y,N,,공공기관
2026-05-25T00:33:07.112731+09:00,여의도,여의도,POI072,KEY_4,국회의원회관,ME183219,"서울특별시 영등포구 의사당대로1, 국회의원회관 주차장 우측",126.914480,37.528194,09:00 ~ 18:00,Y,N,,공공기관
2026-05-25T00:33:07.112731+09:00,여의도,여의도,POI072,KEY_4,드림리버오피스텔,EC110022,서울특별시 영등포구 은행로 54,126.9245374,37.5297624,24시간 이용가능,Y,Y,거주자외 출입제한,빌라
2026-05-25T00:33:07.112731+09:00,여의도,여의도,POI072,KEY_4,민주당사,CI0I0019,서울특별시 영등포구 국회대로68길 7,126.9195086,37.5294792,24시간 이용가능,Y,N,,기타
2026-05-25T00:33:07.112731+09:00,여의도,여의도,POI072,KEY_4,백상빌딩,CI0I000C,서울특별시 영등포구 국제금융로6길 30,126.9266154,37.5217254,24시간 이용가능,Y,N,,기타
2026-05-25T00:33:07.112731+09:00,여의도,여의도,POI072,KEY_4,삼천리 여의도 본사,EASCLYP1,서울특별시 영등포구 국제금융로6길 42,126.9255739,37.5209431,24시간 이용가능,N,N,시설 상황에 따라 이용이 제한될 수 있음,사업장(사옥)
2026-05-25T00:33:07.112731+09:00,여의도,여의도,POI072,KEY_4,서린빌딩(샬레코리아),CV000262,서울특별시 영등포구 여의대방로65길 17,126.929253,37.519683,24시간 이용가능,N,N,,사업장(사옥)
2026-05-25T00:33:07.112731+09:00,여의도,여의도,POI072,KEY_4,서울 영등포구 KBS 별관,BNBN0037,서울특별시 영등포구 여의대방로 359,126.929118,37.518669,부분 비개방,N,N,시설 상황에 따란 이용이 제한될 수 있음,기타
2026-05-25T00:33:07.112731+09:00,여의도,여의도,POI072,KEY_4,서울 영등포구 KBS 연구동,BNBN0543,서울특별시 영등포구 국회대로62길 4,126.91495,37.526994,비개방,N,N,시설 상황에 따라 이용이 제한될 수 있음,공공기관
2026-05-25T00:33:07.112731+09:00,여의도,여의도,POI072,KEY_4,서울영등포 여의도국민일보,EV005357,서울특별시 영등포구 여의공원로 101,126.9248927,37.529272,24시간 이용가능,Y,N,외부인 사용불가,사업장(사옥)
2026-05-25T00:33:07.112731+09:00,여의도,여의도,POI072,KEY_4,여의도 화랑아파트(야외주차장),CGA00026,서울특별시 영등포구 국제금융로7가길 21,126.9355606,37.5221532,24시간 이용가능,Y,Y,거주자외 출입제한,아파트
2026-05-25T00:33:07.112731+09:00,여의도,여의도,POI072,KEY_4,여의도SK증권빌딩,CV004354,서울특별시 영등포구 국제금융로8길 31,126.9281192,37.5194777,24시간 이용가능,N,N,,금융기관
2026-05-25T00:33:07.112731+09:00,여의도,여의도,POI072,KEY_4,여의도사학연금서울회관,CV002274,서울특별시 영등포구 의사당대로 96,126.92287700,37.521523000,24시간 이용가능,N,N,,사업장(사옥)
2026-05-25T00:33:07.112731+09:00,여의도,여의도,POI072,KEY_4,여의도순복음교회,CSCS1006,서울특별시 영등포구 은행로 55,126.914169,37.53049,24시간 이용가능,Y,N,,종교시설
2026-05-25T00:33:07.112731+09:00,여의도,여의도,POI072,KEY_4,익스콘벤처타워,EC110040,서울특별시 영등포구 은행로 3,126.9196651,37.5275095,24시간 이용가능,Y,N,,사업장(사옥)
2026-05-25T00:33:07.112731+09:00,여의도,여의도,POI072,KEY_4,장미아파트,CV001272,서울특별시 영등포구 국제금융로7길 32,126.934486,37.523403,24시간 이용가능(입주민 외 이용제한 있을 수 있음),Y,Y,입주민 외 이용제한 있을 수 있음,아파트
2026-05-25T00:33:07.112731+09:00,여의도,여의도,POI072,KEY_4,한국수출입은행,CSCS1051,서울특별시 영등포구 은행로 38,126.923399,37.528637,24시간 이용가능,Y,N,.,오피스텔
2026-05-25T00:33:07.112731+09:00,여의도,여의도,POI072,KEY_4,한국장애인개발원 본사,ME19A159,서울특별시 영등포구 의사당대로 22,126.9179381,37.5269301,"24시간 이용가능, 5부제 해당 차량 출입통제",N,N,,공공기관
2026-05-25T00:33:07.112731+09:00,여의도,여의도,POI072,KEY_4,한국증권금융 본사,CV004487,서울특별시 영등포구 국제금융로8길 10,126.929336,37.52165,외부인 이용불가,Y,Y,외부인이 전기차 충전목적만으로 출입할 수 없습니다,금융기관
2026-05-25T00:33:07.112731+09:00,여의도,여의도,POI072,KEY_4,행진빌딩,CI0I0005,서울특별시 영등포구 국제금융로 106,126.9333119,37.5190524,24시간 이용가능,Y,N,,기타
2026-05-25T00:33:07.112731+09:00,영등포 타임스퀘어,영등포 타임스퀘어,POI074,KEY_2,영등포 점프밀라노(B4F),CGA00094,서울특별시 영등포구 영중로 28,126.9058681,37.5188593,24시간 이용가능,N,N,,오피스텔
2026-05-25T00:33:07.112731+09:00,영등포 타임스퀘어,영등포 타임스퀘어,POI074,KEY_2,영등포 제3공영주차장,DO000015,서울특별시 영등포구 문래로 196,126.902438,37.517949,24시간 이용가능,N,N,,공영주차장
2026-05-25T00:33:07.112731+09:00,영등포 타임스퀘어,영등포 타임스퀘어,POI074,KEY_2,영등포구 영등포제3공영주차장,BNBN0328,"서울특별시 영등포구 문래로 196 (영등포동4가, 영등포구 관광정보센터)",126.9041419,37.5170070,0000~0000,N,N,시설 상황에 따라 이용이 제한될 수 있음,사업장(사옥)
2026-05-25T00:33:07.112731+09:00,인사동,인사동,POI078,KEY_2,서울종로 운현궁SK허브,EV008539,서울특별시 종로구 삼일대로 461,126.985829,37.5755955,24시간 이용가능,N,N,외부인 사용불가,아파트
2026-05-25T00:33:07.112731+09:00,인사동,인사동,POI078,KEY_2,태화빌딩,ME174039,서울특별시 종로구 인사동5길 29,126.9850443,37.5718148,24시간 이용가능,N,N,,사업장(사옥)
2026-05-25T00:33:07.112731+09:00,잠실롯데타워·석촌호수,잠실롯데타워·석촌호수,POI120,KEY_3,서울송파 신동아로쟌뷰,EV005690,서울특별시 송파구 석촌호수로 188,127.0980153,37.50623,24시간 이용가능,N,N,"외부인 사용불가, 주차비유료",아파트
2026-05-25T00:33:07.112731+09:00,잠실롯데타워·석촌호수,잠실롯데타워·석촌호수,POI120,KEY_3,서울시 잠실역공영주차장(급속),EV003440,서울특별시 송파구 올림픽로 지하 265,127.1018579,37.5138593,24시간 이용가능,N,N,,공영주차장
2026-05-25T00:33:07.112731+09:00,잠실롯데타워·석촌호수,잠실롯데타워·석촌호수,POI120,KEY_3,석촌호수효성해링턴타워,DL000014,서울특별시 송파구 석촌호수로 210,127.1003,37.50656,24시간 이용가능,N,N,,오피스텔
2026-05-25T00:33:07.112731+09:00,잠실롯데타워·석촌호수,잠실롯데타워·석촌호수,POI120,KEY_3,올림픽공원,ME19A152,서울특별시 송파구 올림픽로 424,127.115847,37.5171577,24시간 이용가능,N,N,,공원
2026-05-25T00:33:07.112731+09:00,잠실롯데타워·석촌호수,잠실롯데타워·석촌호수,POI120,KEY_3,잠실엘퍼스트오피스텔,CA000106,서울특별시 송파구 백제고분로51길 7,127.11466980,37.515822625,24시간 이용가능,N,Y,거주자 외 출입제한,오피스텔
2026-05-25T00:33:07.112731+09:00,잠실롯데타워·석촌호수,잠실롯데타워·석촌호수,POI120,KEY_3,효성올림픽카운티,DL000052,서울특별시 송파구 백제고분로 497,127.1146,37.5149,24시간 이용가능,Y,N,,아파트
2026-05-25T00:33:07.112731+09:00,창동 신경제 중심지,창동 신경제 중심지,POI079,KEY_4,(주)농협유통창동농산물종합,EP190009,서울특별시 도봉구 마들로11길 20,127.0518028,37.6550378,24시간 이용가능,Y,Y,시설 상황에 따라 이용이 제한될 수 있음,마트(쇼핑몰)
2026-05-25T00:33:07.112731+09:00,창동 신경제 중심지,창동 신경제 중심지,POI079,KEY_4,도봉어르신문화센터,CV001170,서울특별시 도봉구 마들로 536,127.0508762,37.6600934,24시간 이용가능,Y,N,,지자체시설
2026-05-25T00:33:07.112731+09:00,창동 신경제 중심지,창동 신경제 중심지,POI079,KEY_4,서울교통공사 창동차량기지,CGA00082,서울특별시 노원구 노원로 573,127.05400285,37.660291354,24시간 이용가능,Y,Y,임직원 외 출입제한,공공기관
2026-05-25T00:33:07.112731+09:00,창동 신경제 중심지,창동 신경제 중심지,POI079,KEY_4,서울도봉 창동문화체육센터,EV008827,서울특별시 도봉구 노해로69길 132,127.0507053,37.6581174,24시간 이용가능,Y,N,외부인 출입불가,기타
2026-05-25T00:33:07.112731+09:00,창동 신경제 중심지,창동 신경제 중심지,POI079,KEY_4,서울도봉 창동역공영주차장,EV008830,서울특별시 도봉구 노해로65길 17-6,127.0458688,37.6522498,24시간 이용가능,Y,N,,공영주차장
2026-05-25T00:33:07.112731+09:00,창동 신경제 중심지,창동 신경제 중심지,POI079,KEY_4,서울도봉 창동역동측주차장,EV008835,서울특별시 도봉구 마들로11길 74,127.0487373,37.6540776,24시간 이용가능,Y,N,,공영주차장
2026-05-25T00:33:07.112731+09:00,창동 신경제 중심지,창동 신경제 중심지,POI079,KEY_4,서울사진미술관,EP021000,서울특별시 도봉구 마들로13길 68,127.04894781,37.655515022,24시간 이용가능,Y,N,,전시관
2026-05-25T00:33:07.112731+09:00,창동 신경제 중심지,창동 신경제 중심지,POI079,KEY_4,서울시 창동문화체육센터(급속),EV003435,서울특별시 도봉구 노해로69길 132,127.0504457,37.658277,24시간 이용가능,N,N,,지자체시설
2026-05-25T00:33:07.112731+09:00,창동 신경제 중심지,창동 신경제 중심지,POI079,KEY_4,서울시 창동역서주차장(급속),EV003436,서울특별시 도봉구 노해로65길 17-6,127.0458688,37.6522498,24시간 이용가능,N,Y,시설 상황에 따라 이용이 제한될 수 있음,공영주차장
2026-05-25T00:33:07.112731+09:00,창동 신경제 중심지,창동 신경제 중심지,POI079,KEY_4,와우쇼핑,EBWOWSNW,서울특별시 노원구 노해로 507,127.0640219,37.6553322,09:00~20:00,Y,N,,마트(쇼핑몰)
2026-05-25T00:33:07.112731+09:00,창동 신경제 중심지,창동 신경제 중심지,POI079,KEY_4,용화여고,CU200035,서울특별시 노원구 동일로 1461,127.058376,37.6587686,24시간 이용가능,Y,N,,학교
2026-05-25T00:33:07.112731+09:00,창동 신경제 중심지,창동 신경제 중심지,POI079,KEY_4,창동시드큐브_아마노,EC110100,서울특별시 도봉구 마들로13길 61,127.04995279,37.654175471,24시간 이용가능,N,N,,사업장(사옥)
2026-05-25T00:33:07.112731+09:00,창동 신경제 중심지,창동 신경제 중심지,POI079,KEY_4,창동시드큐브_아마노 (급),EC110099,서울특별시 도봉구 마들로13길 61,127.04979567,37.654406806,24시간 이용가능,N,N,,사업장(사옥)
2026-05-25T00:33:07.112731+09:00,창동 신경제 중심지,창동 신경제 중심지,POI079,KEY_4,한국전기안전공사 서울북부지사,CV000240,서울특별시 도봉구 노해로67길 14,127.0494501,37.652269,24시간 이용가능(시설이용자 외 이용제한 있을 수 있음),Y,N,,공공기관
2026-05-25T00:33:07.112731+09:00,창동 신경제 중심지,창동 신경제 중심지,POI079,KEY_4,화랑빌딩,CPCT0023,서울특별시 노원구 상계로 64,127.062278,37.655792,24시간 이용가능,Y,N,,기타
2026-05-25T00:33:07.112731+09:00,청량리 제기동 일대 전통시장,청량리 제기동 일대 전통시장,POI081,KEY_2,디자이너스호텔,CPCP1064,서울특별시 동대문구 왕산로 226,127.0477,37.5817,24시간 이용가능,Y,N,,기타
2026-05-25T00:33:07.112731+09:00,청량리 제기동 일대 전통시장,청량리 제기동 일대 전통시장,POI081,KEY_2,서울약령시 공영주차장,ME18B284,서울특별시 동대문구 약령중앙로 26,127.03715,37.58051,24시간 이용가능,N,N,,공영주차장
2026-05-25T00:33:07.112731+09:00,DMC(디지털미디어시티),DMC(디지털미디어시티),POI084,KEY_1,Park M (주차복합빌딩),ME19A246,서울특별시 마포구 매봉산로 80,126.8941079,37.5783444,24시간 이용가능,N,N,,일반주차장
2026-05-25T00:33:07.112731+09:00,DMC(디지털미디어시티),DMC(디지털미디어시티),POI084,KEY_1,마포 누리꿈스퀘어빌딩 급속충전소(스타코프),EP021300,"서울특별시 마포구 월드컵북로 396 (상암동, 누리꿈스퀘어)",126.8897829,37.579428342,24시간 이용가능,Y,N,,기타
2026-05-25T00:33:07.112731+09:00,DMC(디지털미디어시티),DMC(디지털미디어시티),POI084,KEY_1,마포 우리금융상암센터(B3F),CGA00059,서울특별시 마포구 월드컵북로60길 17,126.8859923,37.5833854,24시간 이용가능,Y,Y,임직원 외 출입제한,사업장(사옥)
2026-05-25T00:33:07.112731+09:00,DMC(디지털미디어시티),DMC(디지털미디어시티),POI084,KEY_1,마포구 상암1공영주차장,BNBN0843,서울특별시 마포구 성암로 197,126.8971993,37.5771432,~,N,N,시설 상황에 따라 이용이 제한될 수 있음,공영주차장
2026-05-25T00:33:07.112731+09:00,DMC(디지털미디어시티),DMC(디지털미디어시티),POI084,KEY_1,상암1 공영주차장,ME19A245,서울특별시 마포구 성암로 197,126.8973596,37.577011200000,24시간 이용가능,N,N,,공영주차장
2026-05-25T00:33:07.112731+09:00,DMC(디지털미디어시티),DMC(디지털미디어시티),POI084,KEY_1,서울 한샘상암사옥 충전소,AM900012,서울특별시 마포구 성암로 179,126.8987638,37.5761509,24시간 이용가능,N,N,시설 상황에 따라 이용이 제한될 수 있음,기타
2026-05-25T00:33:07.112731+09:00,DMC(디지털미디어시티),DMC(디지털미디어시티),POI084,KEY_1,서울 한샘상암사옥 충전소,EP220314,서울특별시 마포구 성암로 179,126.8987638,37.5761509,24시간 이용가능,Y,N,시설 상황에 따라 이용이 제한될 수 있음,기타
2026-05-25T00:33:07.112731+09:00,DMC(디지털미디어시티),DMC(디지털미디어시티),POI084,KEY_1,서울 한샘상암사옥 충전소,EP220314,서울특별시 마포구 성암로 179,126.8987638,37.5761509,24시간 이용가능,Y,Y,시설 상황에 따라 이용이 제한될 수 있음,기타
2026-05-25T00:33:07.112731+09:00,DMC(디지털미디어시티),DMC(디지털미디어시티),POI084,KEY_1,서울경제진흥원,CV004480,서울특별시 마포구 월드컵북로 400,126.889538,37.580315,24시간 이용가능,N,N,,공공기관
2026-05-25T00:33:07.112731+09:00,DMC(디지털미디어시티),DMC(디지털미디어시티),POI084,KEY_1,서울마포 상암휴먼시아2단지,EV006824,서울특별시 마포구 월드컵북로42가길 11,126.8975858,37.5747375,24시간 이용가능,Y,N,외부인 사용불가,아파트
2026-05-25T00:33:07.112731+09:00,DMC(디지털미디어시티),DMC(디지털미디어시티),POI084,KEY_1,서울마포 상암휴먼시아2단지,EV006824,서울특별시 마포구 월드컵북로42가길 11,126.8975858,37.5747375,24시간 이용가능,Y,Y,외부인 사용불가,아파트
2026-05-25T00:33:07.112731+09:00,DMC(디지털미디어시티),DMC(디지털미디어시티),POI084,KEY_1,서울산업진흥원,EV000411,서울특별시 마포구 월드컵북로 400,126.8896371,37.5805219,평일 09시~18시 이용가능,Y,N,,사업장(사옥)
2026-05-25T00:33:07.112731+09:00,DMC(디지털미디어시티),DMC(디지털미디어시티),POI084,KEY_1,스탠포드호텔코리아,ME183009,"서울특별시 마포구 상암동 월드컵북로 58길 15, 지하4층 18",126.886648,37.5823581,24시간 이용가능,Y,N,,숙박시설
2026-05-25T00:33:07.112731+09:00,DMC(디지털미디어시티),DMC(디지털미디어시티),POI084,KEY_1,파크엠빌딩,AMAM0003,서울특별시 마포구 매봉산로 80,126.894285,37.57853,24시간 이용가능,N,N,,일반주차장
2026-05-25T00:33:07.112731+09:00,DMC(디지털미디어시티),DMC(디지털미디어시티),POI084,KEY_1,한국콘텐츠진흥원 DMS방송제작센터,CV001934,서울특별시 마포구 월드컵북로54길 12,126.8892508,37.5807286,24시간 이용가능,N,N,,기타
2026-05-25T00:33:07.112731+09:00,가산디지털단지역,가산디지털단지역,POI013,KEY_2,LG가산디지털센터,EV001760,서울특별시 금천구 가산디지털1로 189,126.8797058,37.4821518,24시간 이용가능,Y,N,외부인 사용불가,사업장(사옥)
2026-05-25T00:33:07.112731+09:00,가산디지털단지역,가산디지털단지역,POI013,KEY_2,금천 대륭포스트타워6차,CGA00216,서울특별시 금천구 벚꽃로 298,126.8838717,37.4814402,24시간 이용가능,Y,N,,기타
2026-05-25T00:33:07.112731+09:00,가산디지털단지역,가산디지털단지역,POI013,KEY_2,금천 벽산/경인 디지털밸리_주차장입구1,CGA00146,서울특별시 금천구 가산디지털2로 184,126.8780843,37.4842494,24시간 이용가능,Y,N,,기타
2026-05-25T00:33:07.112731+09:00,가산디지털단지역,가산디지털단지역,POI013,KEY_2,금천 벽산/경인 디지털밸리_주차장입구2,CGA00193,서울특별시 금천구 가산디지털2로 184,126.8780843,37.4842494,24시간 이용가능,Y,N,,기타
2026-05-25T00:33:07.112731+09:00,가산디지털단지역,가산디지털단지역,POI013,KEY_2,대륭테크노타운6차,EP210180,서울특별시 금천구 서부샛길 648,126.8761807,37.4812045,24시간 이용가능,N,N,,오피스텔
2026-05-25T00:33:07.112731+09:00,가산디지털단지역,가산디지털단지역,POI013,KEY_2,대륭테크노타운6차,EP210180,서울특별시 금천구 서부샛길 648,126.8761807,37.4812045,24시간 이용가능,N,Y,SM3전용,오피스텔
2026-05-25T00:33:07.112731+09:00,가산디지털단지역,가산디지털단지역,POI013,KEY_2,대륭포스트타워5차,EC110008,서울특별시 금천구 디지털로9길 68,126.8864218,37.481076,24시간 이용가능,Y,N,,사업장(사옥)
2026-05-25T00:33:07.112731+09:00,가산디지털단지역,가산디지털단지역,POI013,KEY_2,대륭포스트타워5차 (급),EC110112,서울특별시 금천구 디지털로9길 68,126.8862972,37.4811672,24시간 이용가능,Y,N,,사업장(사옥)
2026-05-25T00:33:07.112731+09:00,가산디지털단지역,가산디지털단지역,POI013,KEY_2,서울 금천구 가산동 가산디지털 서측노외,BNBN0325,서울특별시 금천구 가산디지털1로 230,126.880392,37.485481,24시간 이용가능,N,N,시설 상황에 따란 이용이 제한될 수 있음,기타
2026-05-25T00:33:07.112731+09:00,가산디지털단지역,가산디지털단지역,POI013,KEY_2,서울 금천구 견인차량보관소,BNBN0582,서울 금천구 가산디지털2로 169-34 (가산동),126.8758006,37.4831701,24시간 이용가능,N,N,시설 상황에 따라 이용이 제한될 수 있음,기타
2026-05-25T00:33:07.112731+09:00,가산디지털단지역,가산디지털단지역,POI013,KEY_2,서울 코오롱테크노밸리,EP230205,서울특별시 금천구 디지털로9길 56,126.88687232,37.480402595,24시간 이용가능,Y,N,,기타
2026-05-25T00:33:07.112731+09:00,가산디지털단지역,가산디지털단지역,POI013,KEY_2,서울금천 월드메르디앙벤처센터,EV006695,서울특별시 금천구 벚꽃로 254,126.8854927,37.477763,24시간 이용가능,N,N,외부인 사용불가,사업장(사옥)
2026-05-25T00:33:07.112731+09:00,가산디지털단지역,가산디지털단지역,POI013,KEY_2,서울금천_에이스비즈포레,EV003719,서울특별시 금천구 가산디지털2로 173,126.8770673,37.4831681,24시간 이용가능,Y,N,외부인 사용불가,사업장(사옥)
2026-05-25T00:33:07.112731+09:00,가산디지털단지역,가산디지털단지역,POI013,KEY_2,에이스테크노타워10차,EP210287,서울특별시 금천구 가산디지털1로 196,126.8812848,37.4829649,24시간 이용가능,N,N,,오피스텔
2026-05-25T00:33:07.112731+09:00,가산디지털단지역,가산디지털단지역,POI013,KEY_2,에이스테크노타워10차,EP210287,서울특별시 금천구 가산디지털1로 196,126.8812848,37.4829649,24시간 이용가능,N,N,시설 상황에 따라 이용이 제한될 수 있음,오피스텔
2026-05-25T00:33:07.112731+09:00,가산디지털단지역,가산디지털단지역,POI013,KEY_2,코오롱테크노밸리,EP210295,서울특별시 금천구 디지털로9길 56,126.8868723,37.4804026,24시간 이용가능,N,N,,오피스텔
2026-05-25T00:33:07.112731+09:00,강남역,강남역,POI014,KEY_3,강남 GT타워이스트,CGA00294,서울특별시 서초구 서초대로 411,127.0259226,37.4981083,24시간 이용가능,N,N,입주민 전용,사업장(사옥)
2026-05-25T00:33:07.112731+09:00,강남역,강남역,POI014,KEY_3,강남 대우디오빌플러스,CGA00129,서울특별시 강남구 강남대로84길 33,127.03109342,37.497546130,24시간 이용가능,Y,Y,거주자외 출입제한,아파트
2026-05-25T00:33:07.112731+09:00,강남역,강남역,POI014,KEY_3,강남 대우디오빌플러스_2차,CGA00249,서울특별시 강남구 강남대로84길 33,127.0312229,37.4973278,24시간 이용가능,Y,N,,오피스텔
2026-05-25T00:33:07.112731+09:00,강남역,강남역,POI014,KEY_3,서울_강남센트럴푸르지오시티1,EV003466,서울특별시 강남구 테헤란로4길 6,127.0292863,37.4976674,24시간 이용가능 / 입주민만 사용가능,Y,N,,아파트
2026-05-25T00:33:07.112731+09:00,강남역,강남역,POI014,KEY_3,서울_강남센트럴푸르지오시티1,EV003466,서울특별시 강남구 테헤란로4길 6,127.0292863,37.4976674,24시간 이용가능 / 입주민만 사용가능,Y,N,외부인 사용불가,아파트
2026-05-25T00:33:07.112731+09:00,강남역,강남역,POI014,KEY_3,서울_강남센트럴푸르지오시티2,EV003467,서울특별시 강남구 테헤란로4길 6,127.02916487,37.497576085,"24시간 이용가능,입주민만 사용가능 거주자외출입제한",Y,N,외부인 사용불가,아파트
2026-05-25T00:33:07.112731+09:00,강남역,강남역,POI014,KEY_3,서울_강남센트럴푸르지오시티3,EV003458,서울특별시 강남구 테헤란로4길 6,127.02941929,37.497524214,"24시간 이용가능,입주민만 사용가능 거주자외출입제한",Y,N,외부인 사용불가,아파트
2026-05-25T00:33:07.112731+09:00,강남역,강남역,POI014,KEY_3,서울강남 강남역효성헤링턴타워,EV006829,서울특별시 강남구 강남대로84길 15,127.0298357,37.4970034,24시간 이용가능,Y,N,외부인 사용불가,아파트
2026-05-25T00:33:07.112731+09:00,강남역,강남역,POI014,KEY_3,서울강남 강남역효성헤링턴타워,EV006829,서울특별시 강남구 강남대로84길 15,127.0298357,37.4970034,24시간 이용가능,Y,Y,외부인 사용불가,아파트
2026-05-25T00:33:07.112731+09:00,강남역,강남역,POI014,KEY_3,역삼문화공원 지하3층주차장,CV001458,서울특별시 강남구 테헤란로7길 21,127.029673,37.500888,24시간 이용가능,N,N,,공영주차장
2026-05-25T00:33:07.112731+09:00,강남역,강남역,POI014,KEY_3,역삼문화공원 지하4층주차장,CV002017,서울특별시 강남구 테헤란로7길 21,127.0302568,37.50050350,24시간 이용가능,N,N,,공영주차장
2026-05-25T00:33:07.112731+09:00,건대입구역,건대입구역,POI015,KEY_4,광진구 자양4동 공영주차장,BNBN0833,서울특별시 광진구 자양동 5-5,127.0681886,37.5386773,~,N,N,시설 상황에 따라 이용이 제한될 수 있음,공영주차장
2026-05-25T00:33:07.112731+09:00,건대입구역,건대입구역,POI015,KEY_4,광진문화예술회관,ME20A278,서울특별시 광진구 능동로 76,127.0705319,37.5375337,24시간 이용가능,N,N,,지자체시설
2026-05-25T00:33:07.112731+09:00,건대입구역,건대입구역,POI015,KEY_4,서울광진 더라움펜트하우스1(B3),EV006056,서울특별시 광진구 능동로 81,127.06916132,37.538250998,24시간 이용가능,Y,N,외부인 사용불가,아파트
2026-05-25T00:33:07.112731+09:00,건대입구역,건대입구역,POI015,KEY_4,서울광진 더라움펜트하우스1(B3),EV006056,서울특별시 광진구 능동로 81,127.06916132,37.538250998,24시간 이용가능,Y,Y,외부인 사용불가,아파트
2026-05-25T00:33:07.112731+09:00,건대입구역,건대입구역,POI015,KEY_4,서울광진 더라움펜트하우스2(B5),EV006057,서울특별시 광진구 능동로 81,127.06918404,37.538354599,24시간 이용가능,Y,N,외부인 사용불가,아파트
2026-05-25T00:33:07.112731+09:00,건대입구역,건대입구역,POI015,KEY_4,서울광진 더라움펜트하우스2(B5),EV006057,서울특별시 광진구 능동로 81,127.06918404,37.538354599,24시간 이용가능,Y,Y,외부인 사용불가,아파트
2026-05-25T00:33:07.112731+09:00,건대입구역,건대입구역,POI015,KEY_4,서울광진 더라움펜트하우스3(B6),EV006058,서울특별시 광진구 능동로 81,127.0693126,37.5383612,24시간 이용가능,Y,N,외부인 사용불가,아파트
2026-05-25T00:33:07.112731+09:00,건대입구역,건대입구역,POI015,KEY_4,서울광진 더라움펜트하우스3(B6),EV006058,서울특별시 광진구 능동로 81,127.0693126,37.5383612,24시간 이용가능,Y,Y,외부인 사용불가,아파트
2026-05-25T00:33:07.112731+09:00,건대입구역,건대입구역,POI015,KEY_4,자양동노상주차장,CV004505,서울특별시 광진구 자양동 23-9,127.0645572,37.54149005,24시간 이용가능,Y,N,,공영주차장
2026-05-25T00:33:07.112731+09:00,고덕역,고덕역,POI016,KEY_1,서울강동 고덕삼환아파트,EV004025,서울특별시 강동구 고덕로62길 29,127.1542273,37.5543173,24시간 이용가능,Y,N,,아파트
2026-05-25T00:33:07.112731+09:00,고덕역,고덕역,POI016,KEY_1,서울강동 한화오벨리스크스위트오피스텔,EV005768,서울특별시 강동구 동남로 877,127.155802,37.5520152,24시간 이용가능,Y,N,외부인 사용불가,아파트
2026-05-25T00:33:07.112731+09:00,구로디지털단지역,구로디지털단지역,POI019,KEY_4,구로 에이스테크노타워2차,CGA00110,서울특별시 구로구 디지털로31길 19,126.89376717,37.484876015,24시간 이용가능,N,N,,사업장(사옥)
2026-05-25T00:33:07.112731+09:00,구로디지털단지역,구로디지털단지역,POI019,KEY_4,구로구 구로3동 주차장,BNBN0820,서울특별시 구로구 구로동 212-14,126.8925044,37.4830246,~,N,N,시설 상황에 따라 이용이 제한될 수 있음,일반주차장
2026-05-25T00:33:07.112731+09:00,구로디지털단지역,구로디지털단지역,POI019,KEY_4,구로디지털단지역환승주차장,EC001010,서울특별시 구로구 도림천로 477,126.9016095,37.4854141,24시간 이용가능,N,N,,환승주차장
2026-05-25T00:33:07.112731+09:00,구로디지털단지역,구로디지털단지역,POI019,KEY_4,서울 아남전자1 충전소,EP220556,서울특별시 구로구 디지털로27가길 27,126.89251265,37.484676568,24시간 이용가능,Y,N,시설 상황에 따라 이용이 제한될 수 있음,기타
2026-05-25T00:33:07.112731+09:00,구로디지털단지역,구로디지털단지역,POI019,KEY_4,서울 아남전자2 충전소,EP220557,서울특별시 구로구 디지털로27가길 27,126.89251265,37.484676568,24시간 이용가능,Y,N,시설 상황에 따라 이용이 제한될 수 있음,기타
2026-05-25T00:33:07.112731+09:00,구로디지털단지역,구로디지털단지역,POI019,KEY_4,서울구로구 이앤씨벤처드림타워2차,EV004692,서울특별시 구로구 디지털로33길 55,126.8930445,37.4867586,24시간 이용가능,Y,N,외부인 사용불가,사업장(사옥)
2026-05-25T00:33:07.112731+09:00,구로디지털단지역,구로디지털단지역,POI019,KEY_4,서울시 구로디지털단지역공영주차장(급속),EV005670,서울특별시 구로구 도림천로 477,126.9014944,37.4853149,24시간 이용가능,Y,N,,아파트
2026-05-25T00:33:07.112731+09:00,구로디지털단지역,구로디지털단지역,POI019,KEY_4,에이스하이엔드타워1차,CV004538,서울특별시 구로구 디지털로26길 5,126.894102,37.4818142,24시간 이용가능,N,N,,오피스텔
2026-05-25T00:33:07.112731+09:00,구로디지털단지역,구로디지털단지역,POI019,KEY_4,이앤씨6차,BNAG3302,서울특별시 구로구 디지털로31길 41,126.892720,37.485169,24시간 이용가능,Y,N,상황에 따라 변동,기타
2026-05-25T00:33:07.112731+09:00,구로디지털단지역,구로디지털단지역,POI019,KEY_4,쿨사인 입주빌딩,EP220032,서울특별시 구로구 디지털로27가길 27,126.8925127,37.4846766,24시간 이용가능,Y,Y,시설 상황에 따라 이용이 제한될 수 있음,사업장(사옥)
2026-05-25T00:33:07.112731+09:00,구로디지털단지역,구로디지털단지역,POI019,KEY_4,쿨사인 지하주차장,CI0I0002,서울특별시 구로구 디지털로27가길 27,126.8925052,37.4847055,24시간 이용가능,Y,N,,기타
2026-05-25T00:33:07.112731+09:00,구로디지털단지역,구로디지털단지역,POI019,KEY_4,파트너스타워2차,CV001794,서울특별시 구로구 디지털로32가길 16,126.898574,37.482944,09:00~18:00,N,N,,기타
2026-05-25T00:33:07.112731+09:00,대림역,대림역,POI023,KEY_3,대림노외공영주차장,EC001015,서울특별시 구로구 도림천로 352,126.89405009,37.49290640,24시간 이용가능,N,N,,공영주차장
2026-05-25T00:33:07.112731+09:00,대림역,대림역,POI023,KEY_3,서울교통공사 대림별관(B1F),CGA00039,서울특별시 구로구 도림천로 352,126.8942424,37.4934337,24시간 이용가능,Y,Y,임직원외 출입제한,공공기관
2026-05-25T00:33:07.112731+09:00,대림역,대림역,POI023,KEY_3,서울구로 대림역경남아너스빌,EV002542,서울특별시 구로구 구로중앙로8길 41-23,126.8929945,37.4936794,"24시간 이용가능,입주민만 사용가능 거주자외출입제한",Y,N,외부인 사용불가,아파트
2026-05-25T00:33:07.112731+09:00,뚝섬역,뚝섬역,POI025,KEY_1,서울성동 뚝섬리버빌아파트,EV005769,서울특별시 성동구 성수일로11길 15,127.0498269,37.5494959,24시간 이용가능,Y,N,외부인 사용불가,아파트
2026-05-25T00:33:07.112731+09:00,뚝섬역,뚝섬역,POI025,KEY_1,서울성동 뚝섬중앙하이츠빌101동,EV006312,서울특별시 성동구 상원길 47,127.0481899,37.5477242,24시간 이용가능,Y,N,외부인 사용불가,아파트
2026-05-25T00:33:07.112731+09:00,뚝섬역,뚝섬역,POI025,KEY_1,서울성동 뚝섬중앙하이츠빌102동,EV006313,서울특별시 성동구 상원길 47,127.0479978,37.5480914,24시간 이용가능,Y,N,외부인 사용불가,아파트
2026-05-25T00:33:07.112731+09:00,뚝섬역,뚝섬역,POI025,KEY_1,서울성동 뚝섬중앙하이츠빌103동,EV006314,서울특별시 성동구 상원길 47,127.0471433,37.5478958,24시간 이용가능,Y,N,외부인 사용불가,아파트
2026-05-25T00:33:07.112731+09:00,뚝섬역,뚝섬역,POI025,KEY_1,서울성동 성수쌍용아파트1,EV008021,서울특별시 성동구 상원길 63,127.047109,37.5501345,24시간 이용가능,Y,N,외부인 사용불가,아파트
2026-05-25T00:33:07.112731+09:00,뚝섬역,뚝섬역,POI025,KEY_1,서울성동 성수쌍용아파트1,EV008021,서울특별시 성동구 상원길 63,127.047109,37.5501345,24시간 이용가능,Y,Y,외부인 사용불가,아파트
2026-05-25T00:33:07.112731+09:00,뚝섬역,뚝섬역,POI025,KEY_1,서울성동 성수쌍용아파트2,EV008022,서울특별시 성동구 상원길 63,127.047109,37.5501345,24시간 이용가능,Y,N,외부인 사용불가,아파트
2026-05-25T00:33:07.112731+09:00,뚝섬역,뚝섬역,POI025,KEY_1,서울성동 성수쌍용아파트2,EV008022,서울특별시 성동구 상원길 63,127.047109,37.5501345,24시간 이용가능,Y,Y,외부인 사용불가,아파트
2026-05-25T00:33:07.112731+09:00,뚝섬역,뚝섬역,POI025,KEY_1,서울성동 성수쌍용아파트3,EV008023,서울특별시 성동구 상원길 63,127.047109,37.5501345,24시간 이용가능,Y,N,외부인 사용불가,아파트
2026-05-25T00:33:07.112731+09:00,뚝섬역,뚝섬역,POI025,KEY_1,서울성동 성수쌍용아파트3,EV008023,서울특별시 성동구 상원길 63,127.047109,37.5501345,24시간 이용가능,Y,Y,외부인 사용불가,아파트
2026-05-25T00:33:07.112731+09:00,뚝섬역,뚝섬역,POI025,KEY_1,서울성동 성수쌍용아파트4,EV008024,서울특별시 성동구 상원길 63,127.047109,37.5501345,24시간 이용가능,Y,N,외부인 사용불가,아파트
2026-05-25T00:33:07.112731+09:00,뚝섬역,뚝섬역,POI025,KEY_1,서울성동 성수쌍용아파트4,EV008024,서울특별시 성동구 상원길 63,127.047109,37.5501345,24시간 이용가능,Y,Y,외부인 사용불가,아파트
2026-05-25T00:33:07.112731+09:00,뚝섬역,뚝섬역,POI025,KEY_1,서울성동 성수쌍용아파트5,EV008025,서울특별시 성동구 상원길 63,127.047109,37.5501345,24시간 이용가능,Y,N,외부인 사용불가,아파트
2026-05-25T00:33:07.112731+09:00,뚝섬역,뚝섬역,POI025,KEY_1,서울성동 성수쌍용아파트5,EV008025,서울특별시 성동구 상원길 63,127.047109,37.5501345,24시간 이용가능,Y,Y,외부인 사용불가,아파트
2026-05-25T00:33:07.112731+09:00,뚝섬역,뚝섬역,POI025,KEY_1,서울성동 성수쌍용아파트6,EV008026,서울특별시 성동구 상원길 63,127.047109,37.5501345,24시간 이용가능,Y,N,외부인 사용불가,아파트
2026-05-25T00:33:07.112731+09:00,뚝섬역,뚝섬역,POI025,KEY_1,서울성동 성수쌍용아파트6,EV008026,서울특별시 성동구 상원길 63,127.047109,37.5501345,24시간 이용가능,Y,Y,외부인 사용불가,아파트
2026-05-25T00:33:07.112731+09:00,발산역,발산역,POI027,KEY_3,강서 등촌주공3단지아파트,CGA00217,서울특별시 강서구 강서로56나길 37,126.8408743,37.5626644,24시간 이용가능,Y,Y,입주민 전용,아파트
2026-05-25T00:33:07.112731+09:00,발산역,발산역,POI027,KEY_3,강서 마곡아이파크,CGA00261,서울특별시 강서구 마곡중앙8로 90,126.8375933,37.5605730,24시간 이용가능,N,Y,입주민 전용,아파트
2026-05-25T00:33:07.112731+09:00,발산역,발산역,POI027,KEY_3,강서 발산파크프라자(B3F),CGA00086,서울특별시 강서구 공항대로 261,126.836521,37.5591532,24시간 이용가능,Y,N,,마트(쇼핑몰)
2026-05-25T00:33:07.112731+09:00,발산역,발산역,POI027,KEY_3,강서블리스주차타워,DL000045,서울특별시 강서구 강서로52길 34,126.8398,37.5575,24시간 이용가능,Y,N,,기타
2026-05-25T00:33:07.112731+09:00,발산역,발산역,POI027,KEY_3,건와빌딩,EP200471,서울특별시 강서구 마곡동로 56,126.8338034,37.5599779,24시간 이용가능,N,Y,시설 상황에 따라 이용이 제한될 수 있음,사업장(사옥)
2026-05-25T00:33:07.112731+09:00,발산역,발산역,POI027,KEY_3,엠펠리체호텔,EC110021,서울특별시 강서구 마곡동로4길 15,126.83524805,37.559818459,24시간 이용가능,Y,N,,숙박시설
2026-05-25T00:33:07.112731+09:00,사당역,사당역,POI029,KEY_4,남현소공원 공영주차장,CV001539,서울특별시 관악구 남현1길 28,126.97952742,37.475850042,24시간 이용가능,N,N,,공영주차장
2026-05-25T00:33:07.112731+09:00,사당역,사당역,POI029,KEY_4,서울교통공사 사당별관(임직원 전용),CGA00064,서울특별시 서초구 효령로 5,126.9847726,37.4765547,24시간 이용가능,Y,Y,임직원 외 출입제한,공공기관
2026-05-25T00:33:07.112731+09:00,서울대입구역,서울대입구역,POI031,KEY_2,관악 대우디오슈페리움 1단지(B6F),CGA00042,서울특별시 관악구 관악로 164,126.9528507,37.4796468,24시간 이용가능,Y,Y,입주민 전용,아파트
2026-05-25T00:33:07.112731+09:00,서울대입구역,서울대입구역,POI031,KEY_2,관악위버폴리스,EP190003,서울특별시 관악구 관악로 195,126.9530968,37.4825641,24시간 이용가능,Y,Y,시설 상황에 따라 이용이 제한될 수 있음,아파트
2026-05-25T00:33:07.112731+09:00,서울대입구역,서울대입구역,POI031,KEY_2,관악위버폴리스관리단 A동,EC002636,서울특별시 관악구 관악로 195,126.9532554,37.4826445,24시간 이용가능,Y,N,,아파트
2026-05-25T00:33:07.112731+09:00,서울대입구역,서울대입구역,POI031,KEY_2,신원메트로빌 B4,EC003273,서울특별시 관악구 남부순환로 1811,126.9514766,37.481685,24시간 이용가능,Y,N,,아파트
2026-05-25T00:33:07.112731+09:00,서울역,서울역,POI033,KEY_4,단암타워,AM900061,서울특별시 중구 소월로 10,126.9754111,37.55854116,24시간 이용가능,N,N,,일반주차장
2026-05-25T00:33:07.112731+09:00,서울역,서울역,POI033,KEY_4,서울중구 남산트라팰리스,EV002939,서울특별시 중구 소월로2길 30,126.9756138,37.5539952,"24시간 이용가능,입주민만 사용가능 거주자외출입제한",Y,N,외부인 사용불가,아파트
2026-05-25T00:33:07.112731+09:00,서울역,서울역,POI033,KEY_4,서울중구 남산트라팰리스2,EV005035,서울특별시 중구 소월로2길 30,126.9756127,37.5539947,24시간 이용가능,Y,N,외부인 사용불가,아파트
2026-05-25T00:33:07.112731+09:00,서울역,서울역,POI033,KEY_4,서울중구 연세대학교 봉래빌딩,EV005715,서울특별시 중구 칠패로 36,126.9728876,37.5593963,24시간 이용가능,N,N,외부인 사용불가,학교
2026-05-25T00:33:07.112731+09:00,선릉역,선릉역,POI034,KEY_1,강남 대치타워(B5F),CGA00025,서울특별시 강남구 테헤란로 424,127.0534636,37.5054685,24시간 이용가능,N,N,시설 상황에 따라 이용이 제한될 수 있음,사업장(사옥)
2026-05-25T00:33:07.112731+09:00,선릉역,선릉역,POI034,KEY_1,강남일옥빌딩(신한강남L타워),AM900055,서울특별시 강남구 테헤란로 318,127.0460709,37.50317135,24시간 이용가능,N,N,,일반주차장
2026-05-25T00:33:07.112731+09:00,선릉역,선릉역,POI034,KEY_1,선릉이스타빌,CCA00003,서울특별시 강남구 테헤란로52길 15,127.04793664,37.503171784,24시간 이용가능,Y,Y,거주자외 출입제한,오피스텔
2026-05-25T00:33:07.112731+09:00,선릉역,선릉역,POI034,KEY_1,아남타워,CU200032,서울특별시 강남구 테헤란로 311,127.044811,37.5038134,24시간 이용가능,N,N,,기타
2026-05-25T00:33:07.112731+09:00,수유역,수유역,POI036,KEY_3,강북구청,CU200019,서울특별시 강북구 도봉로89길 13,127.025425,37.6391656,24시간 이용가능,N,N,,관공서
2026-05-25T00:33:07.112731+09:00,수유역,수유역,POI036,KEY_3,수유경남아너스빌,AMAM0014,서울특별시 강북구 노해로8길 22,127.024170,37.638176,24시간 이용가능,N,N,,아파트
2026-05-25T00:33:07.112731+09:00,숭례문,숭례문,POI131,KEY_4,단암타워,AM900061,서울특별시 중구 소월로 10,126.9754111,37.55854116,24시간 이용가능,N,N,,일반주차장
2026-05-25T00:33:07.112731+09:00,숭례문,숭례문,POI131,KEY_4,삼성본관빌딩,CV003877,서울특별시 중구 세종대로 67,126.975566,37.562379,06:30 ~ 23:00,N,N,,사업장(사옥)
2026-05-25T00:33:07.112731+09:00,시의회 앞,시의회 앞,POI130,KEY_1,서울도시기반시설본부,CV000259,서울특별시 중구 청계천로 8,126.978292,37.5688401,07:00~19:00,N,N,,공공기관
2026-05-25T00:33:07.112731+09:00,시의회 앞,시의회 앞,POI130,KEY_1,서울신문사 급속충전소,EP210068,서울특별시 중구 세종대로 124,126.9778737,37.5674199,24시간 이용가능,Y,N,시설 상황에 따라 이용이 제한될 수 있음,사업장(사옥)
2026-05-25T00:33:07.112731+09:00,시의회 앞,시의회 앞,POI130,KEY_1,종로 동아일보미디어센터,EP240036,서울특별시 종로구 청계천로 1,126.9780203,37.5695464,24시간 이용가능,Y,N,시설 상황에 따라 이용이 제한될 수 있음,기타
2026-05-25T00:33:07.112731+09:00,시의회 앞,시의회 앞,POI130,KEY_1,한국프레스센터,EC110009,서울특별시 중구 세종대로 124,126.9778737,37.5674199,24시간 이용가능,Y,N,,공공기관
2026-05-25T00:33:07.112731+09:00,신논현역·논현역,신논현역·논현역,POI037,KEY_2,더채플논현빌딩,AM900044,서울특별시 강남구 논현로 549,127.02599437,37.505084699,24시간 이용가능,N,N,,음식점
2026-05-25T00:33:07.112731+09:00,신논현역·논현역,신논현역·논현역,POI037,KEY_2,호텔더디자이너스리즈강남프리미어,EP020102,서울특별시 강남구 봉은사로 113,127.02587864,37.505266665,24시간 이용가능,Y,N,,기타
2026-05-25T00:33:07.112731+09:00,신논현역·논현역,신논현역·논현역,POI037,KEY_2,호텔더디자이너스리즈강남프리미어(ino),EK221028,서울특별시 강남구 봉은사로 113,127.0258786,37.5052667,24시간 이용가능,Y,N,,숙박시설
2026-05-25T00:33:07.112731+09:00,신촌·이대역,신촌·이대역,POI040,KEY_2,마포 맹그로브신촌(AMANO),EP021319,서울특별시 마포구 서강로 121,126.934014,37.55394632,24시간 이용가능,Y,N,,기타
2026-05-25T00:33:07.112731+09:00,신촌·이대역,신촌·이대역,POI040,KEY_2,서울서대문 더이음오피스텔,EV010282,서울특별시 서대문구 신촌로 63,126.9337562,37.5566118,24시간 이용가능,Y,N,외부인 사용불가,아파트
2026-05-25T00:33:07.112731+09:00,신촌·이대역,신촌·이대역,POI040,KEY_2,서울서대문 더이음오피스텔,EV010282,서울특별시 서대문구 신촌로 63,126.9337562,37.5566118,24시간 이용가능,Y,Y,외부인 사용불가,아파트
2026-05-25T00:33:07.112731+09:00,신촌·이대역,신촌·이대역,POI040,KEY_2,창천공영주차장,ME183004,"서울특별시 마포구 노고산동 33-1, B3 28",126.9389738,37.55493,24시간 이용가능,N,N,,공영주차장
2026-05-25T00:33:07.112731+09:00,신촌·이대역,신촌·이대역,POI040,KEY_2,현대백화점 신촌점(본관),EV001940,서울특별시 서대문구 신촌로 83,126.9358437,37.556081,24시간 이용가능,N,N,,백화점
2026-05-25T00:33:07.112731+09:00,신촌·이대역,신촌·이대역,POI040,KEY_2,현대백화점유플렉스 신촌점,EV001941,서울특별시 서대문구 연세로 13,126.9365584,37.556737,08:00~24:00,N,N,,백화점
2026-05-25T00:33:07.112731+09:00,쌍문역,쌍문역,POI070,KEY_3,도봉구 쌍문1동 제1공영주차장,BNBN0840,서울특별시 도봉구 우이천로38길 94 (쌍문동),127.0331174,37.6486904,~,N,N,시설 상황에 따라 이용이 제한될 수 있음,공영주차장
2026-05-25T00:33:07.112731+09:00,쌍문역,쌍문역,POI070,KEY_3,창1동 1공영주차장,BT000172,서울특별시 도봉구 도봉로112길 43,127.0371817,37.6471281,24시간 이용가능,N,N,,공영주차장
2026-05-25T00:33:07.112731+09:00,쌍문역,쌍문역,POI070,KEY_3,창동현대타운 101동 B3,EC002299,서울특별시 도봉구 도봉로114길 22-8,127.0352696,37.6471182,24시간 이용가능,Y,N,,아파트
2026-05-25T00:33:07.112731+09:00,역삼역,역삼역,POI042,KEY_1,더원역삼아파트,CU200029,서울특별시 강남구 논현로 423,127.037921,37.4978331,24시간 이용가능,Y,N,,아파트
2026-05-25T00:33:07.112731+09:00,역삼역,역삼역,POI042,KEY_1,서울 도미노피자본사,EP240020,서울특별시 강남구 역삼로25길 35,127.0388572,37.4983709,05:00~23:00,Y,N,,기타
2026-05-25T00:33:07.112731+09:00,역삼역,역삼역,POI042,KEY_1,아세아타워빌딩1,CV001284,서울특별시 강남구 논현로 430,127.038455,37.499563,24시간 이용가능,N,N,,사업장(사옥)
2026-05-25T00:33:07.112731+09:00,역삼역,역삼역,POI042,KEY_1,아세아타워빌딩2,CV000605,서울특별시 강남구 논현로 430,127.038455,37.499563,24시간 이용가능,N,N,,사업장(사옥)
2026-05-25T00:33:07.112731+09:00,역삼역,역삼역,POI042,KEY_1,아주빌딩,CV000289,서울특별시 강남구 테헤란로 201,127.0371562,37.501254,00:00~24:00,N,N,,사업장(사옥)
2026-05-25T00:33:07.112731+09:00,역삼역,역삼역,POI042,KEY_1,역삼경남아너스빌아파트,EV001933,"서울특별시 강남구 언주로85길 13 (역삼동, 경남아파트)",127.0423817,37.500567,"24시간 이용가능,입주민만 사용가능 거주자 외 출입제한",Y,N,,아파트
2026-05-25T00:33:07.112731+09:00,오목교역·목동운동장,오목교역·목동운동장,POI044,KEY_3,HK타워,CSSGI027,서울특별시 양천구 신목로 88,126.8750,37.5224,24시간 이용가능,Y,N,,골프장(CC)
2026-05-25T00:33:07.112731+09:00,오목교역·목동운동장,오목교역·목동운동장,POI044,KEY_3,HK타워,CSSGI027,서울특별시 양천구 신목로 88,126.8750,37.5224,24시간 이용가능,Y,Y,.,골프장(CC)
2026-05-25T00:33:07.112731+09:00,오목교역·목동운동장,오목교역·목동운동장,POI044,KEY_3,목1동주민센터,EV000514,서울특별시 양천구 목동서로 192,126.8711885,37.5303645,평일 09시~18시 이용가능,Y,N,,주민센터
2026-05-25T00:33:07.112731+09:00,오목교역·목동운동장,오목교역·목동운동장,POI044,KEY_3,목5동주민센터,EV000515,서울특별시 양천구 목동서로 41,126.8817174,37.5371835,평일 09시~18시 이용가능,Y,N,,주민센터
2026-05-25T00:33:07.112731+09:00,오목교역·목동운동장,오목교역·목동운동장,POI044,KEY_3,목동SBS,CV003473,서울특별시 양천구 목동서로 161,126.873548,37.52916,24시간 이용가능,Y,N,,기타
2026-05-25T00:33:07.112731+09:00,오목교역·목동운동장,오목교역·목동운동장,POI044,KEY_3,목동SBS,CV004034,서울특별시 양천구 목동서로 161,126.873548,37.52916,24시간 이용가능,Y,Y,시설 사용자 외 이용제한 있을 수 있음,기타
2026-05-25T00:33:07.112731+09:00,오목교역·목동운동장,오목교역·목동운동장,POI044,KEY_3,목동체비지주차장,EC001012,서울특별시 양천구 목동서로 45,126.8810188,37.5371662,24시간 이용가능,N,N,,공영주차장
2026-05-25T00:33:07.112731+09:00,오목교역·목동운동장,오목교역·목동운동장,POI044,KEY_3,목동현대월드타워,EV001279,서울특별시 양천구 목동서로 77,126.8780399,37.5359869,24시간 이용가능/입주민만 사용가능,Y,N,,아파트
2026-05-25T00:33:07.112731+09:00,오목교역·목동운동장,오목교역·목동운동장,POI044,KEY_3,목동현대파크빌1(지하2_3층,EP190061,서울특별시 양천구 목동동로 391,126.8802712,37.5358738,24시간 이용가능/외부인 출입제한,Y,Y,거주자외 출입제한,아파트
2026-05-25T00:33:07.112731+09:00,오목교역·목동운동장,오목교역·목동운동장,POI044,KEY_3,목동현대파크빌1(지하2_3층,EP190061,서울특별시 양천구 목동동로 391,126.8802712,37.5358738,24시간 이용가능/외부인 출입제한,Y,Y,시설 상황에 따라 이용이 제한될 수 있음,아파트
2026-05-25T00:33:07.112731+09:00,오목교역·목동운동장,오목교역·목동운동장,POI044,KEY_3,목운중학교,CU201003,서울특별시 양천구 목동동로 235,126.8724588,37.5272338,24시간 이용가능,N,Y,학교 교직원으로 제한,학교
2026-05-25T00:33:07.112731+09:00,오목교역·목동운동장,오목교역·목동운동장,POI044,KEY_3,부영그린타운1차1(지하5층),EP190101,서울특별시 양천구 목동동로 393,126.8800535,37.5361835,24시간 이용가능(거주자외 출입제한),Y,Y,거주자외 출입제한,아파트
2026-05-25T00:33:07.112731+09:00,오목교역·목동운동장,오목교역·목동운동장,POI044,KEY_3,서울양천 목동트라팰리스1,EV008906,서울특별시 양천구 오목로 299,126.87017893,37.526040889,24시간 이용가능,Y,N,외부인 출입불가,아파트
2026-05-25T00:33:07.112731+09:00,오목교역·목동운동장,오목교역·목동운동장,POI044,KEY_3,서울양천 목동트라팰리스1,EV008906,서울특별시 양천구 오목로 299,126.87017893,37.526040889,24시간 이용가능,Y,Y,외부인 출입불가,아파트
2026-05-25T00:33:07.112731+09:00,오목교역·목동운동장,오목교역·목동운동장,POI044,KEY_3,서울양천 목동트라팰리스2,EV008907,서울특별시 양천구 오목로 299,126.8703553,37.5260837,24시간 이용가능,Y,N,외부인 출입불가,아파트
2026-05-25T00:33:07.112731+09:00,오목교역·목동운동장,오목교역·목동운동장,POI044,KEY_3,서울양천 목동트라팰리스2,EV008907,서울특별시 양천구 오목로 299,126.8703553,37.5260837,24시간 이용가능,Y,Y,외부인 출입불가,아파트
2026-05-25T00:33:07.112731+09:00,오목교역·목동운동장,오목교역·목동운동장,POI044,KEY_3,서울양천 현대하이페리온2,EV006148,서울특별시 양천구 오목로 300,126.8700225,37.5248304,24시간 이용가능,N,N,외부인 사용불가,아파트
2026-05-25T00:33:07.112731+09:00,오목교역·목동운동장,오목교역·목동운동장,POI044,KEY_3,양천구 목동종합운동장,CV002165,서울특별시 양천구 안양천로 939,126.8800785,37.5292903,24시간 이용가능,N,N,,경기장
2026-05-25T00:33:07.112731+09:00,오목교역·목동운동장,오목교역·목동운동장,POI044,KEY_3,양천구 목동종합운동장 다목적경기장,CV001834,서울특별시 양천구 안양천로 939,126.882193,37.529438,24시간 이용가능,N,N,,경기장
2026-05-25T00:33:07.112731+09:00,오목교역·목동운동장,오목교역·목동운동장,POI044,KEY_3,양천파리공원,CU201005,서울특별시 양천구 목동동로 363,126.8761365,37.5338904,24시간 이용가능,N,Y,시설 상황에 따라 이용이 제한될 수 있음,공영주차장
2026-05-25T00:33:07.112731+09:00,오목교역·목동운동장,오목교역·목동운동장,POI044,KEY_3,한국방송회관,EC001045,서울특별시 양천구 목동동로 233,126.8714529,37.5269343,24시간 이용가능,N,N,,지자체시설
2026-05-25T00:33:07.112731+09:00,오목교역·목동운동장,오목교역·목동운동장,POI044,KEY_3,현대1차아파트,ER000458,서울 양천구 목동동로 240,126.8727860,37.5261442,24시간 이용가능,Y,Y,거주자 외 출입이 제한될 수 있음,아파트
2026-05-25T00:33:07.112731+09:00,오목교역·목동운동장,오목교역·목동운동장,POI044,KEY_3,현대백화점 목동점,ME20A301,서울특별시 양천구 목동동로 257,126.875324,37.526755,10:30~22:00,N,N,,백화점
2026-05-25T00:33:07.112731+09:00,용산역,용산역,POI046,KEY_1,BYD 용산 전시장,EABYDYS0,서울특별시 용산구 청파로 74,126.95955853,37.53278885,24시간 이용가능,Y,N,,기타
2026-05-25T00:33:07.112731+09:00,용산역,용산역,POI046,KEY_1,나진전자월드상가,CV003226,서울특별시 용산구 청파로 109,126.96337299,37.533687999,24시간 이용가능,N,N,,기타
2026-05-25T00:33:07.112731+09:00,용산역,용산역,POI046,KEY_1,래미안용산더센트럴 지하8층,EC100001,서울특별시 용산구 한강대로 95,126.9671051,37.5290233,24시간 이용가능,Y,N,,아파트
2026-05-25T00:33:07.112731+09:00,용산역,용산역,POI046,KEY_1,용산 서울 드래곤시티(B3F),CG000017,서울특별시 용산구 청파로20길 95,126.9627641,37.5318165,24시간 이용가능,N,N,,숙박시설
2026-05-25T00:33:07.112731+09:00,용산역,용산역,POI046,KEY_1,용산드래곤시티,CI0I000D,서울특별시 용산구 청파로20길 95,126.9608486,37.5321767,24시간 이용가능,Y,N,,기타
2026-05-25T00:33:07.112731+09:00,용산역,용산역,POI046,KEY_1,용산주차빌딩,CV001043,서울특별시 용산구 새창로49길 42,126.965343,37.534336,24시간 이용가능,N,N,,공영주차장
2026-05-25T00:33:07.112731+09:00,용산역,용산역,POI046,KEY_1,용산푸르지오 써밋,CV004691,서울특별시 용산구 한강대로 69,126.96435,37.529713,24시간 이용가능,N,N,,아파트
2026-05-25T00:33:07.112731+09:00,용산역,용산역,POI046,KEY_1,전자상가제1공영주차장,BT000153,서울특별시 용산구 새창로 170-4,126.9632615,37.5324193,24시간 이용가능,N,N,,공영주차장
2026-05-25T00:33:07.112731+09:00,용산역,용산역,POI046,KEY_1,전자상가제2공영주차장,BT000152,서울특별시 용산구 새창로 170-4,126.9632615,37.5324193,24시간 이용가능,N,N,,공영주차장
2026-05-25T00:33:07.112731+09:00,용산역,용산역,POI046,KEY_1,전자상가제3공영주차장,BT000151,서울특별시 용산구 청파로 74,126.9595585,37.53278886,24시간 이용가능,N,N,,공영주차장
2026-05-25T00:33:07.112731+09:00,용산역,용산역,POI046,KEY_1,전자상가제4공영주차장,BT000150,서울특별시 용산구 새창로44길 10,126.9613975,37.53408394,24시간 이용가능,N,N,,공영주차장
2026-05-25T00:33:07.112731+09:00,용산역,용산역,POI046,KEY_1,전자상가제5공영주차장,BT000134,서울특별시 용산구 청파로 101,126.9623218,37.53334641,24시간 이용가능,N,N,,공영주차장
2026-05-25T00:33:07.112731+09:00,잠실새내역,잠실새내역,POI118,KEY_3,잠실아이파크,EC004900,서울특별시 송파구 올림픽로8길 20,127.0800333,37.5100581,24시간 이용가능,Y,N,,아파트
2026-05-25T00:33:07.112731+09:00,잠실새내역,잠실새내역,POI118,KEY_3,잠실엘스 101동,EC110092,서울특별시 송파구 올림픽로 99,127.0797865,37.5122842,24시간 이용가능,N,N,,아파트
2026-05-25T00:33:07.112731+09:00,장지역,장지역,POI048,KEY_1,서울송파 가든파이브웍스1(B3)(급속),EV004799,서울특별시 송파구 충민로 52,127.122746,37.4777176,24시간 이용가능,Y,N,,마트(쇼핑몰)
2026-05-25T00:33:07.112731+09:00,장지역,장지역,POI048,KEY_1,아우디_송파대로 전시장(코오롱아우토),CV000762,서울특별시 송파구 충민로2길 8,127.126311,37.479341,09:00~18:00,Y,N,,서비스센터
2026-05-25T00:33:07.112731+09:00,장한평역,장한평역,POI049,KEY_2,포르쉐 센터 세영모빌리티 성수서비스센터,CV004395,서울 성동구 가람길 283(용답동),127.0689470,37.5592970,09:00~18:00,N,Y,외부인 출입불가,서비스센터
2026-05-25T00:33:07.112731+09:00,장한평역,장한평역,POI049,KEY_2,NH농협은행 장안평금융센터,CV004337,서울특별시 동대문구 장한로 6,127.065433,37.561828,24시간 이용가능,Y,N,,금융기관
2026-05-25T00:33:07.112731+09:00,장한평역,장한평역,POI049,KEY_2,북한연구소주차장,CV004593,서울특별시 동대문구 장한로 21,127.0657727,37.563625,24시간 이용가능,N,N,,일반주차장
2026-05-25T00:33:07.112731+09:00,장한평역,장한평역,POI049,KEY_2,서울 아마노 장안스피존 주차장,AH000094,서울특별시 동대문구 장한로2길 33,127.0672183,37.5622935,24시간 이용가능,N,N,,일반주차장
2026-05-25T00:33:07.112731+09:00,장한평역,장한평역,POI049,KEY_2,서울성동_신창비바패밀리오피스텔,EV003510,서울특별시 성동구 천호대로 400,127.0633215,37.5612965,"24시간 이용가능, 아파트 입주민만 사용가능",Y,N,외부인 사용불가,아파트
2026-05-25T00:33:07.112731+09:00,장한평역,장한평역,POI049,KEY_2,아우디_동대문 전시장&서비스센터(고진모터스),CV002464,서울특별시 동대문구 천호대로 445,127.068352,37.561267,09:00~18:00,Y,N,,서비스센터
2026-05-25T00:33:07.112731+09:00,장한평역,장한평역,POI049,KEY_2,카서울닷컴,EC110042,서울특별시 성동구 자동차시장1길 96,127.0684152,37.5598669,24시간 이용가능,N,N,,기타
2026-05-25T00:33:07.112731+09:00,장한평역,장한평역,POI049,KEY_2,포르쉐 센터 세영모빌리티 성수스튜디오,CV004394,"서울 성동구 천호대로 454(용답동, 포르쉐)",127.0692880,37.5604982,09:00~18:00,N,Y,외부인 출입불가,기타
2026-05-25T00:33:07.112731+09:00,천호역,천호역,POI050,KEY_3,강동비오르,CPCT0036,서울특별시 강동구 구천면로 183,127.1254,37.5412,24시간 이용가능,Y,N,시설 상황에 따라 이용이 제한될 수 있음,기타
2026-05-25T00:33:07.112731+09:00,천호역,천호역,POI050,KEY_3,뉴코아팩토리아울렛 천호점,EC110109,서울특별시 강동구 구천면로 189,127.12587933,37.541008488,24시간 이용가능,N,N,,백화점
2026-05-25T00:33:07.112731+09:00,천호역,천호역,POI050,KEY_3,서울강동 대우한강베네시티,EV006692,서울특별시 강동구 올림픽로 664,127.1249758,37.5405554,24시간 이용가능,Y,N,외부인 사용불가,아파트
2026-05-25T00:33:07.112731+09:00,천호역,천호역,POI050,KEY_3,서울시 천호역공영주차장(급속),EV003437,서울특별시 강동구 천호대로 지하 997,127.1237424,37.538579,24시간 이용가능,N,N,,공영주차장
2026-05-25T00:33:07.112731+09:00,천호역,천호역,POI050,KEY_3,천호 두산위브센티움(B5F),CGA00037,서울특별시 강동구 올림픽로70길 61,127.1269895,37.5394018,24시간 이용가능,Y,N,,아파트
2026-05-25T00:33:07.112731+09:00,천호역,천호역,POI050,KEY_3,천호 브라운스톤(1F/B6F),CGA00061,서울특별시 강동구 천호대로 1006,127.123789,37.5380514,24시간 이용가능,Y,Y,입주자외 출입제한,오피스텔
2026-05-25T00:33:07.112731+09:00,천호역,천호역,POI050,KEY_3,천호역공영주차장,CV002673,서울특별시 강동구 천호대로 997,127.125109,37.538494,24시간 이용가능,N,N,,공영주차장
