fetched_at,place_name,AREA_NM,AREA_CD,_key_used,LINK_ID,ROAD_NM,START_ND_CD,START_ND_NM,START_ND_XY,END_ND_CD,END_ND_NM,END_ND_XY,DIST,SPD,IDX,XYLIST
2026-05-11T00:04:44.154338+09:00,광화문·덕수궁,광화문·덕수궁,POI009,KEY_1,1000000301,종로,1000081900,종로1가 82-2,126.9798999832241719_37.5701535606807582,1000008607,종로구청입구교차로,126.9793805233784241_37.5701494116837509,46.0,21.0,서행,126.9793805233784241_37.5701494116837509|126.9798999832241719_37.5701535606807582
2026-05-11T00:04:44.154338+09:00,광화문·덕수궁,광화문·덕수궁,POI009,KEY_1,1000000401,종로,1000008606,종로구청입구교차로,126.9793844377634713_37.5702575676490582,1000008905,SK빌딩,126.9809530025248421_37.5702700889503021,139.0,5.0,정체,126.9809530025248421_37.5702700889503021|126.9798986206276368_37.5702616744867512|126.9793844377634713_37.5702575676490582
2026-05-11T00:04:44.154338+09:00,광화문·덕수궁,광화문·덕수궁,POI009,KEY_1,1000000703,새문안로,1000008201,구세군회관,126.9726666240444217_37.5702234697315518,1000008304,뉴질랜드관광청,126.9749173399443691_37.5702117971802636,199.0,43.5,원활,126.9749173399443691_37.5702117971802636|126.9745065658627396_37.5702088031007975|126.9743721680184052_37.5702090286750732|126.9726666240444217_37.5702234697315518
2026-05-11T00:04:44.154338+09:00,광화문·덕수궁,광화문·덕수궁,POI009,KEY_1,1000000802,새문안로,1000007903,신문로1가 5-4,126.9743707219120381_37.5701009152256020,1000008202,구세군회관,126.9726644410624914_37.5701153625080622,151.0,45.0,원활,126.9726644410624914_37.5701153625080622|126.9743707219120381_37.5701009152256020
2026-05-11T00:04:44.154338+09:00,광화문·덕수궁,광화문·덕수궁,POI009,KEY_1,1000000803,새문안로,1000008403,신문로1가141,126.9755270360325170_37.5701094904468960,1000007902,신문로1가 5-4,126.9745078099836633_37.5701006884260735,90.0,18.0,서행,126.9745078099836633_37.5701006884260735|126.9749185834716059_37.5701036825010561|126.9750548861427575_37.5701048454871938|126.9755270360325170_37.5701094904468960
2026-05-11T00:04:44.154338+09:00,광화문·덕수궁,광화문·덕수궁,POI009,KEY_1,1000000901,새문안로,1000008301,뉴질랜드관광청,126.9750532070518432_37.5702129564638909,1000008404,신문로1가141,126.9755253576206542_37.5702176014390972,42.0,42.7,원활,126.9755253576206542_37.5702176014390972|126.9750532070518432_37.5702129564638909
2026-05-11T00:04:44.154338+09:00,광화문·덕수궁,광화문·덕수궁,POI009,KEY_1,1000000902,새문안로,1000008401,신문로1가141,126.9756642084840337_37.5702188245241615,1000009300,세종로208,126.9762005801091362_37.5702231750732523,47.0,41.5,원활,126.9762005801091362_37.5702231750732523|126.9756642084840337_37.5702188245241615
2026-05-11T00:04:44.154338+09:00,광화문·덕수궁,광화문·덕수궁,POI009,KEY_1,1000000903,새문안로,1000214200,세종대로사거리,126.9766244379145377_37.5702266110763219,1000009004,세종대로사거리,126.9769755542479714_37.5702294562480148,31.0,37.7,원활,126.9769755542479714_37.5702294562480148|126.9766244379145377_37.5702266110763219
2026-05-11T00:04:44.154338+09:00,광화문·덕수궁,광화문·덕수궁,POI009,KEY_1,1000001002,새문안로,1000007600,주한요르단명예영사관,126.9762019638013300_37.5701150604124336,1000008402,신문로1가141,126.9756655929920299_37.5701107106503116,47.0,18.0,서행,126.9756655929920299_37.5701107106503116|126.9762019638013300_37.5701150604124336
2026-05-11T00:04:44.154338+09:00,광화문·덕수궁,광화문·덕수궁,POI009,KEY_1,1000001003,새문안로,1000009003,세종대로사거리,126.9769600332011521_37.5701212054532618,1000007600,주한요르단명예영사관,126.9762019638013300_37.5701150604124336,67.0,14.0,정체,126.9762019638013300_37.5701150604124336|126.9766258211001428_37.5701184968726238|126.9769600332011521_37.5701212054532618
2026-05-11T00:04:44.154338+09:00,광화문·덕수궁,광화문·덕수궁,POI009,KEY_1,1000001301,종로,1000009001,세종대로사거리,126.9771187019505163_37.5702314111293560,1000009700,종로1가1-3,126.9777559525715844_37.5702421551131351,56.0,25.5,원활,126.9777559525715844_37.5702421551131351|126.9771187019505163_37.5702314111293560
2026-05-11T00:04:44.154338+09:00,광화문·덕수궁,광화문·덕수궁,POI009,KEY_1,1000001302,종로,1000009700,종로1가1-3,126.9777559525715844_37.5702421551131351,1000008804,광화문우체국,126.9784336631558119_37.5702494972367163,60.0,29.0,원활,126.9784336631558119_37.5702494972367163|126.9779432056922133_37.5702453112944994|126.9777559525715844_37.5702421551131351
2026-05-11T00:04:44.154338+09:00,광화문·덕수궁,광화문·덕수궁,POI009,KEY_1,1000001303,종로,1000008801,광화문우체국,126.9785701334498214_37.5702506615867833,1000008609,종로구청입구교차로,126.9792481536049564_37.5702564438606927,60.0,33.0,원활,126.9792481536049564_37.5702564438606927|126.9785701334498214_37.5702506615867833
2026-05-11T00:04:44.154338+09:00,광화문·덕수궁,광화문·덕수궁,POI009,KEY_1,1000001401,종로,1000008000,동아일보사,126.9777588281918099_37.5701340596360964,1000009002,세종대로사거리,126.9770959172438580_37.5701228829325231,59.0,25.0,원활,126.9770959172438580_37.5701228829325231|126.9777588281918099_37.5701340596360964
2026-05-11T00:04:44.154338+09:00,광화문·덕수궁,광화문·덕수궁,POI009,KEY_1,1000001402,종로,1000008803,광화문우체국,126.9784351192109852_37.5701413844145975,1000008000,동아일보사,126.9777588281918099_37.5701340596360964,60.0,8.0,정체,126.9777588281918099_37.5701340596360964|126.9779453713088060_37.5701372048683524|126.9784351192109852_37.5701413844145975
2026-05-11T00:04:44.154338+09:00,광화문·덕수궁,광화문·덕수궁,POI009,KEY_1,1000001403,종로,1000008608,종로구청입구교차로,126.9792446499360778_37.5701482878816435,1000008802,광화문우체국,126.9785715892256235_37.5701425486416056,59.0,6.0,정체,126.9785715892256235_37.5701425486416056|126.9792446499360778_37.5701482878816435
2026-05-11T00:04:44.154338+09:00,광화문·덕수궁,광화문·덕수궁,POI009,KEY_1,1000003301,청계천로,1010033802,호주관광청,126.9797619415674745_37.5689431360811881,1010034101,무교동사거리,126.9793610650683036_37.5689718470786644,36.0,31.0,원활,126.9793610650683036_37.5689718470786644|126.9797619415674745_37.5689431360811881
2026-05-11T00:04:44.154338+09:00,광화문·덕수궁,광화문·덕수궁,POI009,KEY_1,1000003400,청계천로,1010034301,무교동사거리,126.9793440155466442_37.5692674718774171,1010033702,광교사거리,126.9827120922386285_37.5690419071249693,299.0,24.0,서행,126.9827120922386285_37.5690419071249693|126.9793440155466442_37.5692674718774171
2026-05-11T00:04:44.154338+09:00,광화문·덕수궁,광화문·덕수궁,POI009,KEY_1,1000003700,청계천로,1010034102,무교동사거리,126.9792256224440905_37.5689816845044717,1000002000,청계광장,126.9771060680401717_37.5690311929919076,188.0,5.0,정체,126.9771060680401717_37.5690311929919076|126.9774434053876035_37.5690828687536680|126.9775440319711919_37.5690924240737019|126.9777213322496863_37.5690924576651568|126.9792256224440905_37.5689816845044717
2026-05-11T00:04:44.154338+09:00,광화문·덕수궁,광화문·덕수궁,POI009,KEY_1,1000003801,청계천로,1000031000,청계광장,126.9770921904126482_37.5694157550093379,1000007002,동아일보사,126.9783460265061024_37.5693222473721278,111.0,23.0,서행,126.9783460265061024_37.5693222473721278|126.9773834142662849_37.5693879956262435|126.9770921904126482_37.5694157550093379
2026-05-11T00:04:44.154338+09:00,광화문·덕수궁,광화문·덕수궁,POI009,KEY_1,1000003802,청계천로,1000007001,동아일보사,126.9784814758997982_37.5693140408546356,1010034302,무교동사거리,126.9792084451945726_37.5692755952973627,64.0,23.0,서행,126.9792084451945726_37.5692755952973627|126.9784814758997982_37.5693140408546356
2026-05-11T00:04:44.154338+09:00,광화문·덕수궁,광화문·덕수궁,POI009,KEY_1,1000004101,세종대로21길,1010036201,청계광장,126.9769724776174371_37.5689758850454254,1010034202,속성변화점,126.9761089175425468_37.5690525772719468,77.0,39.0,원활,126.9761089175425468_37.5690525772719468|126.9762590231906501_37.5690173503827225|126.9766423549418590_37.5690116154256089|126.9767891468850252_37.5690047706819641|126.9769724776174371_37.5689758850454254
2026-05-11T00:04:44.154338+09:00,광화문·덕수궁,광화문·덕수궁,POI009,KEY_1,1000004201,세종대로21길,1010034201,속성변화점,126.9761701151880970_37.5691453161545397,1010036202,청계광장,126.9769681640981389_37.5690870395436463,71.0,17.0,서행,126.9769681640981389_37.5690870395436463|126.9768062997742106_37.5691122763363623|126.9766476039636132_37.5691196746613940|126.9762762102917009_37.5691252318358337|126.9761701151880970_37.5691453161545397
2026-05-11T00:04:44.154338+09:00,광화문·덕수궁,광화문·덕수궁,POI009,KEY_1,1000004202,세종대로21길,1010034502,조선일보본사,126.9758538003934376_37.5694432589816216,1010034201,속성변화점,126.9761701151880970_37.5691453161545397,44.0,44.0,원활,126.9761701151880970_37.5691453161545397|126.9759646865800136_37.5693016963708999|126.9759165276521173_37.5693486608578553|126.9758538003934376_37.5694432589816216
2026-05-11T00:04:44.154338+09:00,광화문·덕수궁,광화문·덕수궁,POI009,KEY_1,1000004203,세종대로21길,1000008402,신문로1가141,126.9756655929920299_37.5701107106503116,1010034501,조선일보본사,126.9758232836738614_37.5695216067234981,67.0,13.0,정체,126.9758232836738614_37.5695216067234981|126.9756655929920299_37.5701107106503116
2026-05-11T00:04:44.154338+09:00,광화문·덕수궁,광화문·덕수궁,POI009,KEY_1,1000005000,무교로,1000008607,종로구청입구교차로,126.9793805233784241_37.5701494116837509,1010034301,무교동사거리,126.9793440155466442_37.5692674718774171,98.0,16.0,서행,126.9793440155466442_37.5692674718774171|126.9793805233784241_37.5701494116837509
2026-05-11T00:04:44.154338+09:00,광화문·덕수궁,광화문·덕수궁,POI009,KEY_1,1000005101,세종대로,1010036202,청계광장,126.9769681640981389_37.5690870395436463,1000007300,세종로1-80,126.9769534872362158_37.5695820797097966,55.0,43.0,원활,126.9769534872362158_37.5695820797097966|126.9769561223222638_37.5694207011224321|126.9769681640981389_37.5690870395436463
2026-05-11T00:04:44.154338+09:00,광화문·덕수궁,광화문·덕수궁,POI009,KEY_1,1000005102,세종대로,1000007300,세종로1-80,126.9769534872362158_37.5695820797097966,1000009003,세종대로사거리,126.9769600332011521_37.5701212054532618,60.0,50.0,원활,126.9769600332011521_37.5701212054532618|126.9769532767960953_37.5697764532188643|126.9769534872362158_37.5695820797097966
2026-05-11T00:04:44.154338+09:00,광화문·덕수궁,광화문·덕수궁,POI009,KEY_1,1000005202,세종대로,1000009002,세종대로사거리,126.9770959172438580_37.5701228829325231,1000007400,청계천광장,126.9770893091757529_37.5695834801641908,60.0,8.0,정체,126.9770893091757529_37.5695834801641908|126.9770891110814688_37.5697756552470636|126.9770959172438580_37.5701228829325231
2026-05-11T00:04:44.154338+09:00,광화문·덕수궁,광화문·덕수궁,POI009,KEY_1,1000005203,세종대로,1000031000,청계광장,126.9770921904126482_37.5694157550093379,1000002000,청계광장,126.9771060680401717_37.5690311929919076,43.0,12.0,정체,126.9771060680401717_37.5690311929919076|126.9770921904126482_37.5694157550093379
2026-05-11T00:04:44.154338+09:00,광화문·덕수궁,광화문·덕수궁,POI009,KEY_1,1000005204,세종대로,1000007400,청계천광장,126.9770893091757529_37.5695834801641908,1000031000,청계광장,126.9770921904126482_37.5694157550093379,19.0,17.0,서행,126.9770921904126482_37.5694157550093379|126.9770893091757529_37.5695834801641908
2026-05-11T00:04:44.154338+09:00,광화문·덕수궁,광화문·덕수궁,POI009,KEY_1,1000006701,종로3길,1000008605,KT광화문빌딩East,126.9792365875387787_37.5713076844087723,1000002503,종로구청앞교차로,126.9791846724866247_37.5724168674636516,123.0,21.5,서행,126.9791846724866247_37.5724168674636516|126.9792127143992531_37.5722886996592322|126.9792365875387787_37.5713076844087723
2026-05-11T00:04:44.154338+09:00,광화문·덕수궁,광화문·덕수궁,POI009,KEY_1,1000006702,종로3길,1000008609,종로구청입구교차로,126.9792481536049564_37.5702564438606927,1000008604,KT광화문빌딩East,126.9792392182412755_37.5711995824609417,105.0,7.0,정체,126.9792392182412755_37.5711995824609417|126.9792562098357678_37.5705013662105856|126.9792481536049564_37.5702564438606927
2026-05-11T00:04:44.154338+09:00,광화문·덕수궁,광화문·덕수궁,POI009,KEY_1,1000006801,종로3길,1000008603,KT광화문빌딩East,126.9793750304311573_37.5712016763059680,1000008606,종로구청입구교차로,126.9793844377634713_37.5702575676490582,105.0,24.0,서행,126.9793844377634713_37.5702575676490582|126.9793920781041692_37.5705010629446505|126.9793750304311573_37.5712016763059680
2026-05-11T00:04:44.154338+09:00,광화문·덕수궁,광화문·덕수궁,POI009,KEY_1,1000006802,종로3길,1000002502,종로구청앞교차로,126.9793217364559581_37.5724206139039367,1000008602,KT광화문빌딩East,126.9793723999539878_37.5713097781531999,124.0,24.0,서행,126.9793723999539878_37.5713097781531999|126.9793483260029632_37.5722990812992776|126.9793217364559581_37.5724206139039367
2026-05-11T00:04:44.154338+09:00,광화문·덕수궁,광화문·덕수궁,POI009,KEY_1,1000007301,새문안로5길,1000191900,당주동 42-1,126.9747945654450376_37.5713741249107471,1000012004,당주동 42-1,126.9747711914900208_37.5715772036542930,23.0,19.0,서행,126.9747711914900208_37.5715772036542930|126.9747764927874840_37.5715266880177694|126.9747945654450376_37.5713741249107471
2026-05-11T00:04:44.154338+09:00,광화문·덕수궁,광화문·덕수궁,POI009,KEY_1,1000007303,새문안로5길,1000012009,국토매일신문,126.9745343892600573_37.5730633074938467,1000015503,정부중앙청사별관,126.9744112783023837_37.5740498591777197,110.0,25.5,원활,126.9744112783023837_37.5740498591777197|126.9744499541339309_37.5737686609407575|126.9744632498496486_37.5736575921968523|126.9745343892600573_37.5730633074938467
2026-05-11T00:04:44.154338+09:00,광화문·덕수궁,광화문·덕수궁,POI009,KEY_1,1000007304,새문안로5길,1000097900,당주동 9-1,126.9746904072748208_37.5722005256472400,1000012008,국토매일신문,126.9745473563027076_37.5729549828790397,85.0,17.0,서행,126.9745473563027076_37.5729549828790397|126.9746153014773142_37.5723873767864731|126.9746904072748208_37.5722005256472400
2026-05-11T00:04:44.154338+09:00,광화문·덕수궁,광화문·덕수궁,POI009,KEY_1,1000007401,새문안로5길,1000122600,당주동 37-5,126.9749949194423237_37.5708345656133957,1000008301,뉴질랜드관광청,126.9750532070518432_37.5702129564638909,69.0,18.0,서행,126.9750532070518432_37.5702129564638909|126.9750441061559343_37.5704193325342715|126.9750097115534828_37.5707096914500909|126.9749949194423237_37.5708345656133957
2026-05-11T00:04:44.154338+09:00,광화문·덕수궁,광화문·덕수궁,POI009,KEY_1,1000007403,새문안로5길,1000012007,국토매일신문,126.9746825846849134_37.5729652378036505,1000012002,당주동 15-5,126.9748960733688961_37.5716933165325884,143.0,14.0,정체,126.9748960733688961_37.5716933165325884|126.9748542851426265_37.5721476425157519|126.9748197861506611_37.5722334714313035|126.9747491405799735_37.5724092275890840|126.9746825846849134_37.5729652378036505
2026-05-11T00:04:44.154338+09:00,광화문·덕수궁,광화문·덕수궁,POI009,KEY_1,1000007404,새문안로5길,1000015502,정부중앙청사별관,126.9745471372090009_37.5740556283939924,1000012006,국토매일신문,126.9746696177836469_37.5730735623354022,110.0,7.0,정체,126.9746696177836469_37.5730735623354022|126.9745984783698276_37.5736678471220458|126.9745850921002415_37.5737796723370465|126.9745471372090009_37.5740556283939924
2026-05-11T00:04:44.154338+09:00,광화문·덕수궁,광화문·덕수궁,POI009,KEY_1,1000007501,삼봉로,1000013006,신라스테이(광화문),126.9800323953105732_37.5724462314692360,1000002502,종로구청앞교차로,126.9793217364559581_37.5724206139039367,63.0,20.0,서행,126.9793217364559581_37.5724206139039367|126.9799519020942853_37.5724644845951588|126.9800031202296822_37.5724557581351775|126.9800323953105732_37.5724462314692360
2026-05-11T00:04:44.154338+09:00,광화문·덕수궁,광화문·덕수궁,POI009,KEY_1,1000007502,삼봉로,1000012403,조계사앞교차로,126.9829706356902221_37.5719776537276218,1000013004,신라스테이(광화문),126.9801805317354280_37.5724047958457916,252.0,22.0,서행,126.9801805317354280_37.5724047958457916|126.9804914824202910_37.5723319178106152|126.9811053055208276_37.5721880522337770|126.9822536902158987_37.5720311041132078|126.9827182491962247_37.5719849537863269|126.9829706356902221_37.5719776537276218
2026-05-11T00:04:44.154338+09:00,광화문·덕수궁,광화문·덕수궁,POI009,KEY_1,1000007601,삼봉로,1000002501,종로구청앞교차로,126.9793098997934777_37.5725283213326406,1000013008,신라스테이(광화문),126.9800853113310097_37.5725458182865282,69.0,25.0,원활,126.9800853113310097_37.5725458182865282|126.9800433552072860_37.5725594712725126|126.9799603876916336_37.5725736073446370|126.9793098997934777_37.5725283213326406
2026-05-11T00:04:44.154338+09:00,광화문·덕수궁,광화문·덕수궁,POI009,KEY_1,1000008305,사직로8길,1000030902,세종로공원,126.9763299470461675_37.5743620222710391,1000016700,광화문,126.9763532157447088_37.5747826865806687,47.0,45.0,원활,126.9763532157447088_37.5747826865806687|126.9763299470461675_37.5743620222710391
2026-05-11T00:04:44.154338+09:00,광화문·덕수궁,광화문·덕수궁,POI009,KEY_1,1000008306,사직로8길,1000030901,세종로공원,126.9763653836261312_37.5741476322646690,1000030902,세종로공원,126.9763299470461675_37.5743620222710391,24.0,28.0,원활,126.9763299470461675_37.5743620222710391|126.9763653836261312_37.5741476322646690
2026-05-11T00:04:44.154338+09:00,광화문·덕수궁,광화문·덕수궁,POI009,KEY_1,1000008403,세종대로,1000178600,세종로 84-12,126.9773435970436708_37.5716353187199061,1000010301,주한네덜란드대사관,126.9773205016073234_37.5708618739457165,86.0,37.0,원활,126.9773205016073234_37.5708618739457165|126.9773435970436708_37.5716353187199061
2026-05-11T00:04:44.154338+09:00,광화문·덕수궁,광화문·덕수궁,POI009,KEY_1,1000008404,세종대로,1000031103,대한민국역사박물관,126.9772668410657133_37.5742389331108342,1000013701,미국대사관,126.9773127388234570_37.5727861811112405,161.0,25.0,원활,126.9773127388234570_37.5727861811112405|126.9772668410657133_37.5742389331108342
2026-05-11T00:04:44.154338+09:00,광화문·덕수궁,광화문·덕수궁,POI009,KEY_1,1000008405,세종대로,1000031102,대한민국역사박물관,126.9772570032702248_37.5744554912241924,1000031103,대한민국역사박물관,126.9772668410657133_37.5742389331108342,24.0,25.0,원활,126.9772668410657133_37.5742389331108342|126.9772570032702248_37.5744554912241924
2026-05-11T00:04:44.154338+09:00,광화문·덕수궁,광화문·덕수궁,POI009,KEY_1,1000008406,세종대로,1000013701,미국대사관,126.9773127388234570_37.5727861811112405,1000013702,미국대사관,126.9773159428094118_37.5726780742018107,12.0,35.0,원활,126.9773159428094118_37.5726780742018107|126.9773127388234570_37.5727861811112405
2026-05-11T00:04:44.154338+09:00,광화문·덕수궁,광화문·덕수궁,POI009,KEY_1,1000008501,삼봉로,1000013502,주한미국대사관,126.9786734195719902_37.5726343147372575,1000002504,종로구청앞교차로,126.9791894907537966_37.5725249183912950,48.0,20.0,서행,126.9791894907537966_37.5725249183912950|126.9790501230296087_37.5725288554711625|126.9789227998701477_37.5725532930203556|126.9786734195719902_37.5726343147372575
2026-05-11T00:04:44.154338+09:00,광화문·덕수궁,광화문·덕수궁,POI009,KEY_1,1000008502,종로1길,1000016104,정부합동민원실,126.9785818993651674_37.5743088383231623,1000013501,주한미국대사관,126.9786285350510866_37.5726918211835468,180.0,19.0,서행,126.9786285350510866_37.5726918211835468|126.9786270745331507_37.5728076925504126|126.9785818993651674_37.5743088383231623
2026-05-11T00:04:44.154338+09:00,광화문·덕수궁,광화문·덕수궁,POI009,KEY_1,1000008601,삼봉로,1000002503,종로구청앞교차로,126.9791846724866247_37.5724168674636516,1000013503,주한미국대사관,126.9786357598149351_37.5725297706543273,51.0,23.5,서행,126.9786357598149351_37.5725297706543273|126.9788809724591374_37.5724501026944324|126.9790316055260035_37.5724211913871144|126.9791846724866247_37.5724168674636516
2026-05-11T00:04:44.154338+09:00,광화문·덕수궁,광화문·덕수궁,POI009,KEY_1,1000008602,종로1길,1000013505,주한미국대사관,126.9784926276747825_37.5726966398339357,1000016105,정부합동민원실,126.9784455851017384_37.5743231998157583,181.0,24.0,서행,126.9784455851017384_37.5743231998157583|126.9784912513626978_37.5728058559814073|126.9784926276747825_37.5726966398339357
2026-05-11T00:04:44.154338+09:00,광화문·덕수궁,광화문·덕수궁,POI009,KEY_1,1000009102,우정국로,1000017300,안국동사거리,126.9828039229332575_37.5749851341707171,1000017904,안국동로터리,126.9829082928001753_37.5755454257557844,63.0,30.0,원활,126.9829082928001753_37.5755454257557844|126.9828499577781997_37.5754008805051001|126.9828163493672974_37.5752357359225755|126.9827996996409070_37.5750526973415191|126.9828039229332575_37.5749851341707171
2026-05-11T00:04:44.154338+09:00,광화문·덕수궁,광화문·덕수궁,POI009,KEY_1,1000009300,사직로8길,1000015301,스타트경제,126.9734883930231888_37.5741271926938722,1000015504,정부중앙청사별관,126.9744002652443839_37.5741577051489486,81.0,22.0,서행,126.9744002652443839_37.5741577051489486|126.9734883930231888_37.5741271926938722
2026-05-11T00:04:44.154338+09:00,광화문·덕수궁,광화문·덕수궁,POI009,KEY_1,1000009400,사직로8길,1000015503,정부중앙청사별관,126.9744112783023837_37.5740498591777197,1000015302,스타트경제,126.9734940995421653_37.5740191692129102,81.0,22.0,서행,126.9734940995421653_37.5740191692129102|126.9744112783023837_37.5740498591777197
2026-05-11T00:04:44.154338+09:00,광화문·덕수궁,광화문·덕수궁,POI009,KEY_1,1000009700,종로5길,1000016102,정부합동민원실,126.9786256776191635_37.5744598668717487,1000003004,서울지방국세청,126.9792726003818757_37.5744097123775163,57.0,21.0,서행,126.9792726003818757_37.5744097123775163|126.9786256776191635_37.5744598668717487
2026-05-11T00:04:44.154338+09:00,광화문·덕수궁,광화문·덕수궁,POI009,KEY_1,1000009800,종로5길,1000003003,서울지방국세청,126.9792594302951443_37.5743021024994945,1000016103,정부합동민원실,126.9786387287132357_37.5743502241267819,55.0,22.0,서행,126.9786387287132357_37.5743502241267819|126.9792594302951443_37.5743021024994945
2026-05-11T00:04:44.154338+09:00,광화문·덕수궁,광화문·덕수궁,POI009,KEY_1,1000009901,사직로8길,1000015501,정부중앙청사별관,126.9745359191347660_37.5741633893777163,1000015902,중앙지하차도(서측),126.9756117227963585_37.5742176029672024,95.0,9.0,정체,126.9756117227963585_37.5742176029672024|126.9745359191347660_37.5741633893777163
2026-05-11T00:04:44.154338+09:00,광화문·덕수궁,광화문·덕수궁,POI009,KEY_1,1000009902,사직로8길,1000015902,중앙지하차도(서측),126.9756117227963585_37.5742176029672024,1000030902,세종로공원,126.9763299470461675_37.5743620222710391,66.0,50.0,원활,126.9763299470461675_37.5743620222710391|126.9758706991731145_37.5743046632961182|126.9756117227963585_37.5742176029672024
2026-05-11T00:04:44.154338+09:00,광화문·덕수궁,광화문·덕수궁,POI009,KEY_1,1000009903,사직로8길,1000031102,대한민국역사박물관,126.9772570032702248_37.5744554912241924,1000016202,중앙지하차도(동측),126.9780305337901893_37.5744492911494277,69.0,11.0,정체,126.9780305337901893_37.5744492911494277|126.9777525987565241_37.5744864077288838|126.9772766588325226_37.5744570835161937|126.9772570032702248_37.5744554912241924
2026-05-11T00:04:44.154338+09:00,광화문·덕수궁,광화문·덕수궁,POI009,KEY_1,1000009904,사직로8길,1000016202,중앙지하차도(동측),126.9780305337901893_37.5744492911494277,1000016107,정부합동민원실,126.9784461006803866_37.5744659883513918,37.0,26.0,원활,126.9784461006803866_37.5744659883513918|126.9780305337901893_37.5744492911494277
2026-05-11T00:04:44.154338+09:00,광화문·덕수궁,광화문·덕수궁,POI009,KEY_1,1000010001,사직로8길,1000015901,중앙지하차도(서측),126.9756254491522043_37.5741101153048476,1000015502,정부중앙청사별관,126.9745471372090009_37.5740556283939924,95.0,36.3,원활,126.9745471372090009_37.5740556283939924|126.9756254491522043_37.5741101153048476
2026-05-11T00:04:44.154338+09:00,광화문·덕수궁,광화문·덕수궁,POI009,KEY_1,1000010002,사직로8길,1000030901,세종로공원,126.9763653836261312_37.5741476322646690,1000015901,중앙지하차도(서측),126.9756254491522043_37.5741101153048476,66.0,15.0,서행,126.9756254491522043_37.5741101153048476|126.9759083891116944_37.5740905296920999|126.9763653836261312_37.5741476322646690
2026-05-11T00:04:44.154338+09:00,광화문·덕수궁,광화문·덕수궁,POI009,KEY_1,1000010003,사직로8길,1000016201,중앙지하차도(동측),126.9780392001640763_37.5743414013185841,1000031103,대한민국역사박물관,126.9772668410657133_37.5742389331108342,70.0,27.0,원활,126.9772668410657133_37.5742389331108342|126.9773009030501640_37.5742416927750185|126.9777735667203871_37.5742708146941595|126.9780392001640763_37.5743414013185841
2026-05-11T00:04:44.154338+09:00,광화문·덕수궁,광화문·덕수궁,POI009,KEY_1,1000010004,사직로8길,1000016106,정부합동민원실,126.9784265292035883_37.5743569447684180,1000016201,중앙지하차도(동측),126.9780392001640763_37.5743414013185841,34.0,26.7,원활,126.9780392001640763_37.5743414013185841|126.9784265292035883_37.5743569447684180
2026-05-11T00:04:44.154338+09:00,광화문·덕수궁,광화문·덕수궁,POI009,KEY_1,1000010600,새문안로5길,1000019302,정부서울청사사거리,126.9743957431224146_37.5756988655088620,1000015501,정부중앙청사별관,126.9745359191347660_37.5741633893777163,171.0,21.0,서행,126.9745359191347660_37.5741633893777163|126.9745251838795923_37.5743178497332622|126.9743883747213147_37.5754949317932088|126.9743883466303203_37.5755769520238516|126.9743957431224146_37.5756988655088620
2026-05-11T00:04:44.154338+09:00,광화문·덕수궁,광화문·덕수궁,POI009,KEY_1,1000011101,종로1길,1000061700,세종로 23-3,126.9788627671283336_37.5751151643689312,1000018300,경복궁사거리,126.9791985772177298_37.5755559719213679,57.0,28.0,원활,126.9791985772177298_37.5755559719213679|126.9791278841071005_37.5754329070121216|126.9790835784237970_37.5753764590680319|126.9788627671283336_37.5751151643689312
2026-05-11T00:04:44.154338+09:00,광화문·덕수궁,광화문·덕수궁,POI009,KEY_1,1000011102,종로1길,1000018300,경복궁사거리,126.9791985772177298_37.5755559719213679,1000019703,경복궁사거리,126.9793107532419185_37.5757813746508091,27.0,28.0,원활,126.9793107532419185_37.5757813746508091|126.9791985772177298_37.5755559719213679
2026-05-11T00:04:44.154338+09:00,광화문·덕수궁,광화문·덕수궁,POI009,KEY_1,1000011201,종로1길,1000018200,경복궁,126.9792457576218681_37.5753789068622197,1000016101,정부합동민원실,126.9785925869651777_37.5744763969490307,116.0,8.0,정체,126.9785925869651777_37.5744763969490307|126.9786030542454114_37.5745264529886569|126.9786595083860163_37.5746487570202206|126.9787160834317490_37.5747406686916463|126.9788572860340707_37.5749149509381581|126.9789754866872897_37.5750548226999328|126.9791975771393453_37.5753176298490956|126.9792457576218681_37.5753789068622197
2026-05-11T00:04:44.154338+09:00,광화문·덕수궁,광화문·덕수궁,POI009,KEY_1,1000011202,종로1길,1000019702,경복궁사거리,126.9794701198467664_37.5758080047390521,1000018200,경복궁,126.9792457576218681_37.5753789068622197,52.0,3.0,정체,126.9792457576218681_37.5753789068622197|126.9793010192322811_37.5754682222458030|126.9794701198467664_37.5758080047390521
2026-05-11T00:04:44.154338+09:00,광화문·덕수궁,광화문·덕수궁,POI009,KEY_1,1000011501,율곡로,1000019401,경복궁,126.9801381644492011_37.5758813627365100,1000019702,경복궁사거리,126.9794701198467664_37.5758080047390521,60.0,51.0,원활,126.9794701198467664_37.5758080047390521|126.9797343426333214_37.5758559422202438|126.9799729505737531_37.5758791430045278|126.9801381644492011_37.5758813627365100
2026-05-11T00:04:44.154338+09:00,광화문·덕수궁,광화문·덕수궁,POI009,KEY_1,1000011502,율곡로,1000019203,주한멕시코대사관,126.9811804454430160_37.5757381628755169,1000019401,경복궁,126.9801381644492011_37.5758813627365100,94.0,50.0,원활,126.9801381644492011_37.5758813627365100|126.9801458468412108_37.5758814661415386|126.9803274747907409_37.5758700232846223|126.9811804454430160_37.5757381628755169
2026-05-11T00:04:44.154338+09:00,광화문·덕수궁,광화문·덕수궁,POI009,KEY_1,1000011503,율곡로,1000018100,안국동사거리,126.9820370732549009_37.5756052331219763,1000019202,주한멕시코대사관,126.9813332527749594_37.5757145141333595,63.0,28.0,원활,126.9813332527749594_37.5757145141333595|126.9820370732549009_37.5756052331219763
2026-05-11T00:04:44.154338+09:00,광화문·덕수궁,광화문·덕수궁,POI009,KEY_1,1000011504,율곡로,1000017904,안국동로터리,126.9829082928001753_37.5755454257557844,1000018100,안국동사거리,126.9820370732549009_37.5756052331219763,78.0,7.0,정체,126.9820370732549009_37.5756052331219763|126.9821849025842226_37.5755822792614822|126.9823949596761850_37.5755556593554090|126.9825949987016998_37.5755409919947070|126.9827732334880466_37.5755410181384661|126.9829082928001753_37.5755454257557844
2026-05-11T00:04:44.154338+09:00,광화문·덕수궁,광화문·덕수궁,POI009,KEY_1,1000011601,율곡로,1000019701,경복궁사거리,126.9795067975766756_37.5759255521593971,1000020300,경복궁,126.9801205068413168_37.5759892604625989,55.0,7.0,정체,126.9801205068413168_37.5759892604625989|126.9799635415281358_37.5759871517272330|126.9797109494754608_37.5759625907229378|126.9795067975766756_37.5759255521593971
2026-05-11T00:04:44.154338+09:00,광화문·덕수궁,광화문·덕수궁,POI009,KEY_1,1000011603,율곡로,1000020300,경복궁,126.9801205068413168_37.5759892604625989,1000017905,안국동로터리,126.9829348569925571_37.5756562270635044,252.0,38.0,원활,126.9829348569925571_37.5756562270635044|126.9829125468357773_37.5756537744281829|126.9827704373494015_37.5756491370767236|126.9826012303179823_37.5756491122595975|126.9824118889619911_37.5756629946566250|126.9822085957164859_37.5756887578650449|126.9820630846885052_37.5757113517092307|126.9813592631155075_37.5758206328940290|126.9812063475179400_37.5758442987123971|126.9803458434132892_37.5759773239770425|126.9801500700749699_37.5759896573698668|126.9801205068413168_37.5759892604625989
2026-05-11T00:04:44.154338+09:00,광화문·덕수궁,광화문·덕수궁,POI009,KEY_1,1000011700,사직로,1000019303,정부서울청사사거리,126.9742603998069796_37.5757097304571062,1000019802,경복궁역사거리,126.9727094012703503_37.5758424186585529,138.0,26.0,원활,126.9727094012703503_37.5758424186585529|126.9729390930378230_37.5758227698022793|126.9733793101036952_37.5757851103966303|126.9742603998069796_37.5757097304571062
2026-05-11T00:04:44.154338+09:00,광화문·덕수궁,광화문·덕수궁,POI009,KEY_1,1000011800,사직로,1000242400,적선동 8-1,126.9733938280741512_37.5758926104395314,1000019304,정부서울청사사거리,126.9742589191568953_37.5758185992423250,77.0,33.0,원활,126.9742589191568953_37.5758185992423250|126.9733938280741512_37.5758926104395314
2026-05-11T00:04:44.154338+09:00,광화문·덕수궁,광화문·덕수궁,POI009,KEY_1,1000012001,사직로,1000018500,광화문,126.9756248255992830_37.5755943672526271,1000019302,정부서울청사사거리,126.9743957431224146_37.5756988655088620,109.0,16.0,서행,126.9743957431224146_37.5756988655088620|126.9754810818243271_37.5756177185546321|126.9756248255992830_37.5755943672526271
2026-05-11T00:04:44.154338+09:00,광화문·덕수궁,광화문·덕수궁,POI009,KEY_1,1000012101,사직로,1000003601,광화문삼거리,126.9772026040190127_37.5752961563211159,1000020200,경복궁,126.9786283706113750_37.5757946408291801,142.0,23.0,서행,126.9786283706113750_37.5757946408291801|126.9780494814518477_37.5757270176835334|126.9778051553330869_37.5756687993840117|126.9775841152535918_37.5755595455980540|126.9773389726312587_37.5753713360195221|126.9772665949307680_37.5753228898854132|126.9772026040190127_37.5752961563211159
2026-05-11T00:04:44.154338+09:00,광화문·덕수궁,광화문·덕수궁,POI009,KEY_1,1000012102,사직로,1000020200,경복궁,126.9786283706113750_37.5757946408291801,1000019704,경복궁사거리,126.9793621536958312_37.5759001150550986,66.0,38.0,원활,126.9793621536958312_37.5759001150550986|126.9791440605087161_37.5758645700478056|126.9786283706113750_37.5757946408291801
2026-05-11T00:04:44.154338+09:00,광화문·덕수궁,광화문·덕수궁,POI009,KEY_1,1000012201,사직로,1000018900,광화문,126.9779451863085598_37.5756050720602488,1000003602,광화문삼거리,126.9772110255811555_37.5752034687002023,79.0,43.0,원활,126.9772110255811555_37.5752034687002023|126.9772928511832646_37.5752335458452649|126.9773935570080141_37.5752794922773816|126.9776603729761888_37.5754731005354259|126.9778509223909992_37.5755747642951761|126.9779451863085598_37.5756050720602488
2026-05-11T00:04:44.154338+09:00,광화문·덕수궁,광화문·덕수궁,POI009,KEY_1,1000012202,사직로,1000019100,경복궁,126.9786480964121154_37.5756876675167888,1000018900,광화문,126.9779451863085598_37.5756050720602488,63.0,22.0,서행,126.9779451863085598_37.5756050720602488|126.9786480964121154_37.5756876675167888
2026-05-11T00:04:44.154338+09:00,광화문·덕수궁,광화문·덕수궁,POI009,KEY_1,1000012203,사직로,1000019703,경복궁사거리,126.9793107532419185_37.5757813746508091,1000019100,경복궁,126.9786480964121154_37.5756876675167888,59.0,33.0,원활,126.9786480964121154_37.5756876675167888|126.9791690991976765_37.5757582877498706|126.9793107532419185_37.5757813746508091
2026-05-11T00:04:44.154338+09:00,광화문·덕수궁,광화문·덕수궁,POI009,KEY_1,1000012800,율곡로,1000099700,관훈동 113,126.9843012547585914_37.5759322813818102,1000017902,안국동로터리,126.9831650747284471_37.5755740090362238,108.0,29.0,원활,126.9831650747284471_37.5755740090362238|126.9832157778299404_37.5755801309922148|126.9834207454955077_37.5756172367829961|126.9836820397707413_37.5756980185194678|126.9842468281761967_37.5759072448986657|126.9843012547585914_37.5759322813818102
2026-05-11T00:04:44.154338+09:00,광화문·덕수궁,광화문·덕수궁,POI009,KEY_1,1000013802,율곡로3길,1000187200,안국동 177-3,126.9825779024490799_37.5773003698629964,1000017901,안국동로터리,126.9830699625115358_37.5756718813989750,188.0,7.0,정체,126.9830699625115358_37.5756718813989750|126.9830564549576764_37.5759140717657090|126.9830330914684993_37.5760255151221827|126.9826494722971120_37.5768341676311906|126.9826150056688476_37.5769949197743074|126.9825779024490799_37.5773003698629964
2026-05-11T00:04:44.154338+09:00,광화문·덕수궁,광화문·덕수궁,POI009,KEY_1,1000014301,삼청로,1000019704,경복궁사거리,126.9793621536958312_37.5759001150550986,1000020600,대한출판문화협회,126.9794687888132074_37.5765544121067592,73.0,12.0,정체,126.9794687888132074_37.5765544121067592|126.9794674172659654_37.5764824989996455|126.9794172673057773_37.5761249117022231|126.9793621536958312_37.5759001150550986
2026-05-11T00:04:44.154338+09:00,광화문·덕수궁,광화문·덕수궁,POI009,KEY_1,1000014302,삼청로,1000020600,대한출판문화협회,126.9794687888132074_37.5765544121067592,1000022703,국군서울지구병원,126.9798562503477797_37.5800221917764006,388.0,12.0,정체,126.9798562503477797_37.5800221917764006|126.9796182985417516_37.5793264763807215|126.9795665449151443_37.5791397220131316|126.9795478931843604_37.5790381290051698|126.9795326834604623_37.5788730174103378|126.9794969047037227_37.5780275498626395|126.9794687888132074_37.5765544121067592
2026-05-11T00:04:44.154338+09:00,광화문·덕수궁,광화문·덕수궁,POI009,KEY_1,1000014401,삼청로,1000021000,대한출판문화협회,126.9796046197648423_37.5765527706146756,1000019701,경복궁사거리,126.9795067975766756_37.5759255521593971,70.0,29.0,원활,126.9795067975766756_37.5759255521593971|126.9795516592807161_37.5761085342554608|126.9796031487506696_37.5764756650611034|126.9796046197648423_37.5765527706146756
2026-05-11T00:04:44.154338+09:00,광화문·덕수궁,광화문·덕수궁,POI009,KEY_1,1000014402,삼청로,1000022702,국군서울지구병원,126.9799873332334244_37.5799937943622950,1000021000,대한출판문화협회,126.9796046197648423_37.5765527706146756,385.0,28.0,원활,126.9796046197648423_37.5765527706146756|126.9796327193578946_37.5780249082326065|126.9796683669145381_37.5788672429607900|126.9796830227134734_37.5790263448128528|126.9797002616005130_37.5791202376619609|126.9797502489418548_37.5793006189381842|126.9799873332334244_37.5799937943622950
2026-05-11T00:04:44.154338+09:00,광화문·덕수궁,광화문·덕수궁,POI009,KEY_1,1000032200,사직로8길,1000015902,중앙지하차도(서측),126.9756117227963585_37.5742176029672024,1000016202,중앙지하차도(동측),126.9780305337901893_37.5744492911494277,215.0,27.0,원활,126.9780305337901893_37.5744492911494277|126.9772827190510327_37.5744032358319444|126.9771755284284893_37.5743945520917961|126.9766024909210955_37.5743251885524288|126.9761774658537661_37.5742806845081674|126.9756117227963585_37.5742176029672024
2026-05-11T00:04:44.154338+09:00,광화문·덕수궁,광화문·덕수궁,POI009,KEY_1,1000015201,효자로,1000022102,한글전각갤러리,126.9739017858953645_37.5793498869892204,1000019301,정부서울청사사거리,126.9743957935852450_37.5758074664167268,396.0,31.0,원활,126.9743957935852450_37.5758074664167268|126.9743764184428017_37.5760755345660726|126.9743092662572082_37.5764778948295017|126.9741719066146146_37.5773009081164844|126.9741268698984413_37.5775378120208856|126.9740611119599407_37.5778837117652031|126.9740177174622744_37.5782830491677231|126.9739017858953645_37.5793498869892204
2026-05-11T00:04:44.154338+09:00,광화문·덕수궁,광화문·덕수궁,POI009,KEY_1,1000023500,종로,1000007002,동아일보사,126.9783460265061024_37.5693222473721278,1000008803,광화문우체국,126.9784351192109852_37.5701413844145975,91.0,30.0,원활,126.9784351192109852_37.5701413844145975|126.9783460265061024_37.5693222473721278
2026-05-11T00:04:44.154338+09:00,광화문·덕수궁,광화문·덕수궁,POI009,KEY_1,1000023800,세종대로,1000007300,세종로1-80,126.9769534872362158_37.5695820797097966,1000007600,주한요르단명예영사관,126.9762019638013300_37.5701150604124336,93.0,29.0,원활,126.9762019638013300_37.5701150604124336|126.9765157204813590_37.5700245083348179|126.9765948042672790_37.5699744620325760|126.9767188239706144_37.5698815155413541|126.9768230812362049_37.5697756907165257|126.9769442873751473_37.5696462098692763|126.9769534872362158_37.5695820797097966
2026-05-11T00:04:44.154338+09:00,광화문·덕수궁,광화문·덕수궁,POI009,KEY_1,1000023900,종로,1000008000,동아일보사,126.9777588281918099_37.5701340596360964,1000007400,청계천광장,126.9770893091757529_37.5695834801641908,91.0,14.0,정체,126.9770893091757529_37.5695834801641908|126.9770963075021939_37.5696479702720865|126.9772094321437663_37.5697743360528662|126.9773459521211265_37.5699388507560457|126.9774735034476549_37.5700533015790512|126.9775723207871607_37.5701062430602590|126.9777588281918099_37.5701340596360964
2026-05-11T00:04:44.154338+09:00,광화문·덕수궁,광화문·덕수궁,POI009,KEY_1,1000025901,종로5길,1000008909,GS건설본사,126.9806366436472871_37.5713225324397655,1000013005,신라스테이(광화문),126.9801024195699028_37.5723985668960268,128.0,18.0,서행,126.9801024195699028_37.5723985668960268|126.9801274853195991_37.5723618756308824|126.9801882517644884_37.5722503255379436|126.9804583466781196_37.5717160525297444|126.9804740373480314_37.5716814217555211|126.9806366436472871_37.5713225324397655
2026-05-11T00:04:44.154338+09:00,광화문·덕수궁,광화문·덕수궁,POI009,KEY_1,1000026600,세종대로23길,1000103800,당주동 5-2,126.9738882499421777_37.5716930130245785,1000012005,당주동 50,126.9747605984092615_37.5716854222088443,77.0,26.0,원활,126.9747605984092615_37.5716854222088443|126.9741381445169708_37.5716908392042441|126.9738882499421777_37.5716930130245785
2026-05-11T00:04:44.154338+09:00,광화문·덕수궁,광화문·덕수궁,POI009,KEY_1,1000029000,삼봉로,1000013504,주한미국대사관,126.9784467211068915_37.5726032215874994,1000013702,미국대사관,126.9773159428094118_37.5726780742018107,102.0,35.0,원활,126.9773159428094118_37.5726780742018107|126.9782512339889990_37.5726820504358230|126.9783129244980984_37.5726656952107234|126.9784467211068915_37.5726032215874994
2026-05-11T00:04:44.154338+09:00,광화문·덕수궁,광화문·덕수궁,POI009,KEY_1,1000029100,삼봉로,1000013701,미국대사관,126.9773127388234570_37.5727861811112405,1000013506,주한미국대사관,126.9785034818852267_37.5727020694592397,108.0,37.0,원활,126.9785034818852267_37.5727020694592397|126.9783693699185818_37.5727646906777721|126.9782729085429054_37.5727902630233856|126.9773127388234570_37.5727861811112405
2026-05-11T00:04:44.154338+09:00,광화문·덕수궁,광화문·덕수궁,POI009,KEY_1,1000030300,종로5길,1000013007,신라스테이(광화문),126.9800318327919655_37.5725027624303252,1000003003,서울지방국세청,126.9792594302951443_37.5743021024994945,212.0,24.0,서행,126.9792594302951443_37.5743021024994945|126.9792759294909956_37.5741870574901426|126.9797264864295556_37.5733456984577785|126.9799216853167252_37.5728080378637372|126.9800098025583424_37.5725355279602269|126.9800318327919655_37.5725027624303252
2026-05-11T00:04:44.154338+09:00,광화문·덕수궁,광화문·덕수궁,POI009,KEY_1,1000030400,종로5길,1000003002,서울지방국세청,126.9793945615540594_37.5743132109144398,1000013001,신라스테이(광화문),126.9801555512632518_37.5725479005761187,208.0,24.5,서행,126.9801555512632518_37.5725479005761187|126.9801372815345815_37.5725750734258099|126.9800527402421295_37.5728365252146901|126.9798546919840163_37.5733820359051833|126.9794086508121325_37.5742149647006229|126.9793945615540594_37.5743132109144398
2026-05-11T00:04:44.154338+09:00,광화문·덕수궁,광화문·덕수궁,POI009,KEY_1,1000031700,인사동길,1000200000,관훈동 177-1,126.9846248795644641_37.5741354335962896,1000017903,안국동로터리,126.9830393503038977_37.5755166265144283,209.0,21.0,서행,126.9830393503038977_37.5755166265144283|126.9832578502403493_37.5753718765763765|126.9833833057397072_37.5752802649537472|126.9833874257963799_37.5752759258947009|126.9838138538233210_37.5748268274858290|126.9839983126868219_37.5746325599944413|126.9840028137515446_37.5746278195686330|126.9841931260739045_37.5744516475788828|126.9843256891268339_37.5743491032214507|126.9843944674535408_37.5742999847176264|126.9846248795644641_37.5741354335962896
2026-05-11T00:04:44.154338+09:00,광화문·덕수궁,광화문·덕수궁,POI009,KEY_1,1000032100,사직로8길,1000016201,중앙지하차도(동측),126.9780392001640763_37.5743414013185841,1000015901,중앙지하차도(서측),126.9756254491522043_37.5741101153048476,215.0,37.0,원활,126.9756254491522043_37.5741101153048476|126.9761957492264486_37.5741735473063159|126.9766215660821871_37.5742181343338189|126.9771926297512294_37.5742872595378330|126.9772948428578871_37.5742955404616978|126.9780392001640763_37.5743414013185841
2026-05-11T00:04:44.154338+09:00,광화문·덕수궁,광화문·덕수궁,POI009,KEY_1,1010005904,세종대로,1010017809,소공동주민센터,126.9763214748840596_37.5626583872939435,1010021603,시청앞광장,126.9768324946201261_37.5639716881909536,153.0,18.0,서행,126.9768324946201261_37.5639716881909536|126.9764915927669620_37.5630734109549138|126.9763214748840596_37.5626583872939435
2026-05-11T00:04:44.154338+09:00,광화문·덕수궁,광화문·덕수궁,POI009,KEY_1,1000032700,율곡로2길,1000064500,수송동 85,126.9808437743933212_37.5753197426095085,1000003002,서울지방국세청,126.9793945615540594_37.5743132109144398,170.0,21.5,서행,126.9793945615540594_37.5743132109144398|126.9794413053962359_37.5743246674037579|126.9795218589004548_37.5743613221576922|126.9800684692065005_37.5747696032537419|126.9808437743933212_37.5753197426095085
2026-05-11T00:04:44.154338+09:00,광화문·덕수궁,광화문·덕수궁,POI009,KEY_1,1000032800,율곡로2길,1000003001,서울지방국세청,126.9793545831470993_37.5744165416395930,1000019203,주한멕시코대사관,126.9811804454430160_37.5757381628755169,219.0,16.0,서행,126.9811804454430160_37.5757381628755169|126.9810303591040253_37.5755969856150003|126.9807533749140589_37.5754004466844975|126.9799767752529789_37.5748493879335896|126.9794405580789487_37.5744488693975143|126.9793869466254961_37.5744244737253723|126.9793545831470993_37.5744165416395930
2026-05-11T00:04:44.154338+09:00,광화문·덕수궁,광화문·덕수궁,POI009,KEY_1,1000033500,사직로8길,1000016700,광화문,126.9763532157447088_37.5747826865806687,1000018500,광화문,126.9756248255992830_37.5755943672526271,120.0,12.0,정체,126.9756248255992830_37.5755943672526271|126.9757224088591272_37.5755618208710729|126.9758504305735158_37.5754900338429323|126.9760508643001629_37.5753564685578638|126.9761754799532412_37.5752709023523934|126.9762520914758284_37.5751999395367235|126.9763079793872578_37.5751369053768087|126.9763381579947321_37.5750888967285448|126.9763591702643026_37.5749970467265655|126.9763532157447088_37.5747826865806687
2026-05-11T00:04:44.154338+09:00,광화문·덕수궁,광화문·덕수궁,POI009,KEY_1,1000033900,우정국로,1000017300,안국동사거리,126.9828039229332575_37.5749851341707171,1000018100,안국동사거리,126.9820370732549009_37.5756052331219763,102.0,29.7,원활,126.9820370732549009_37.5756052331219763|126.9822935365986751_37.5755095925525495|126.9827428871539610_37.5751967734075052|126.9827905797247212_37.5750539177611387|126.9828039229332575_37.5749851341707171
2026-05-11T00:04:44.154338+09:00,광화문·덕수궁,광화문·덕수궁,POI009,KEY_1,1000034600,종로1길,1000018300,경복궁사거리,126.9791985772177298_37.5755559719213679,1000019100,경복궁,126.9786480964121154_37.5756876675167888,52.0,28.0,원활,126.9786480964121154_37.5756876675167888|126.9788862592677674_37.5756563323175570|126.9790599923662171_37.5756153599018674|126.9791438638352332_37.5755915362356276|126.9791953891944161_37.5755648461559062|126.9791985772177298_37.5755559719213679
2026-05-11T00:04:44.154338+09:00,광화문·덕수궁,광화문·덕수궁,POI009,KEY_1,1000034900,율곡로,1000019401,경복궁,126.9801381644492011_37.5758813627365100,1000018200,경복궁,126.9792457576218681_37.5753789068622197,101.0,25.0,원활,126.9792457576218681_37.5753789068622197|126.9793355830232144_37.5754952608411301|126.9794316395642397_37.5755988334256017|126.9795071017629624_37.5756589212616419|126.9796274882100420_37.5757347490756146|126.9797877149027556_37.5758145479697703|126.9801381644492011_37.5758813627365100
2026-05-11T00:04:44.154338+09:00,광화문·덕수궁,광화문·덕수궁,POI009,KEY_1,1000035200,사직로,1000020200,경복궁,126.9786283706113750_37.5757946408291801,1000020600,대한출판문화협회,126.9794687888132074_37.5765544121067592,118.0,21.5,서행,126.9794687888132074_37.5765544121067592|126.9794368084534142_37.5764098329770562|126.9791960602808700_37.5761637733622180|126.9789750836954596_37.5759177176703147|126.9788694300669647_37.5758537146814078|126.9786283706113750_37.5757946408291801
2026-05-11T00:04:44.154338+09:00,광화문·덕수궁,광화문·덕수궁,POI009,KEY_1,1000035300,삼청로,1000021000,대한출판문화협회,126.9796046197648423_37.5765527706146756,1000020300,경복궁,126.9801205068413168_37.5759892604625989,93.0,29.0,원활,126.9801205068413168_37.5759892604625989|126.9797298312382878_37.5760780464987292|126.9796597331679635_37.5761137931100748|126.9796040049640879_37.5761795786155588|126.9796046197648423_37.5765527706146756
2026-05-11T00:04:44.154338+09:00,광화문·덕수궁,광화문·덕수궁,POI009,KEY_1,1000046300,새문안로2길,1000031901,LG생활건강본사,126.9726562477517007_37.5694752037596373,1010034407,덕수초교앞,126.9742405418020041_37.5694753085403192,140.0,14.0,정체,126.9742405418020041_37.5694753085403192|126.9737001184918910_37.5694668895599477|126.9732258257600250_37.5694752072557421|126.9732250058664107_37.5694752072526938|126.9726562477517007_37.5694752037596373
2026-05-11T00:04:44.154338+09:00,광화문·덕수궁,광화문·덕수궁,POI009,KEY_1,1000046400,새문안로2길,1010034406,덕수초교앞,126.9742124026112293_37.5693667298241039,1000031902,LG생활건강본사,126.9726548639586667_37.5693670843502048,138.0,21.0,서행,126.9726548639586667_37.5693670843502048|126.9732243295454310_37.5693670883595701|126.9736984915906817_37.5693587722487976|126.9736999516345151_37.5693587466388053|126.9742124026112293_37.5693667298241039
2026-05-11T00:04:44.154338+09:00,광화문·덕수궁,광화문·덕수궁,POI009,KEY_1,1000046500,종로3길,1000008602,KT광화문빌딩East,126.9793723999539878_37.5713097781531999,1000008909,GS건설본사,126.9806366436472871_37.5713225324397655,112.0,11.0,정체,126.9806366436472871_37.5713225324397655|126.9793723999539878_37.5713097781531999
2026-05-11T00:04:44.154338+09:00,광화문·덕수궁,광화문·덕수궁,POI009,KEY_1,1000046600,종로3길,1000008908,GS건설본사,126.9806854115378769_37.5712148957716821,1000008603,KT광화문빌딩East,126.9793750304311573_37.5712016763059680,116.0,9.0,정체,126.9793750304311573_37.5712016763059680|126.9806854115378769_37.5712148957716821
2026-05-11T00:04:44.154338+09:00,광화문·덕수궁,광화문·덕수궁,POI009,KEY_1,1000046900,새문안로5길,1000012006,국토매일신문,126.9746696177836469_37.5730735623354022,1000032002,세종문화회관,126.9758250290710748_37.5731209316015295,105.0,10.0,정체,126.9758250290710748_37.5731209316015295|126.9757824820902385_37.5730812205397768|126.9757224844348826_37.5730583643911942|126.9746696177836469_37.5730735623354022
2026-05-11T00:04:44.154338+09:00,광화문·덕수궁,광화문·덕수궁,POI009,KEY_1,1010006002,세종대로,1010021602,시청앞광장,126.9769689889781006_37.5639574810137518,1010015700,숭례문,126.9758216757282128_37.5609807560682611,346.0,14.0,정체,126.9758216757282128_37.5609807560682611|126.9761127772680140_37.5617942588954108|126.9761509252078469_37.5618937585952821|126.9764084629013752_37.5625220596037011|126.9764505959815182_37.5626248484352132|126.9766211792211692_37.5630410044178191|126.9769689889781006_37.5639574810137518
2026-05-11T00:04:44.154338+09:00,광화문·덕수궁,광화문·덕수궁,POI009,KEY_1,1010007305,서소문로,1010060500,서소문동 42-3,126.9748814331857290_37.5634753132613639,1010021604,시청앞광장,126.9768728564433928_37.5640783561644085,191.0,6.0,정체,126.9768728564433928_37.5640783561644085|126.9766787939362445_37.5640859652900971|126.9765523317762188_37.5640754535460886|126.9763400428201123_37.5640251139761148|126.9749917778751325_37.5635158830683409|126.9748814331857290_37.5634753132613639
2026-05-11T00:04:44.154338+09:00,광화문·덕수궁,광화문·덕수궁,POI009,KEY_1,1010007405,서소문로,1010021603,시청앞광장,126.9768324946201261_37.5639716881909536,1010020202,중앙일보사,126.9742502538365869_37.5631241528421853,249.0,20.0,서행,126.9742502538365869_37.5631241528421853|126.9749383845103381_37.5633771573157134|126.9750493665217306_37.5634179614493959|126.9763888286545210_37.5639238670732283|126.9765790012718583_37.5639689628774178|126.9766825277856697_37.5639775680622137|126.9768324946201261_37.5639716881909536
2026-05-11T00:04:44.154338+09:00,광화문·덕수궁,광화문·덕수궁,POI009,KEY_1,1010007500,소공로,1010017903,한국은행앞교차로,126.9811556456876929_37.5619216279188848,1010021703,소공로지하상가,126.9793735854893129_37.5639048297059688,271.0,15.0,서행,126.9793735854893129_37.5639048297059688|126.9799260872659801_37.5633234478845921|126.9804607657373765_37.5627352047527836|126.9809958432867205_37.5621465108158432|126.9811556456876929_37.5619216279188848
2026-05-11T00:04:44.154338+09:00,광화문·덕수궁,광화문·덕수궁,POI009,KEY_1,1010008401,세종대로18길,1010021203,우성빌딩,126.9777193951018148_37.5638099385310227,1010021602,시청앞광장,126.9769689889781006_37.5639574810137518,68.0,21.0,서행,126.9769689889781006_37.5639574810137518|126.9777193951018148_37.5638099385310227
2026-05-11T00:04:44.154338+09:00,광화문·덕수궁,광화문·덕수궁,POI009,KEY_1,1010008402,세종대로18길,1010073800,소공동 87-15,126.9784945856248157_37.5638009334543241,1010021202,우성빌딩,126.9778443694909242_37.5637825313256783,58.0,19.0,서행,126.9778443694909242_37.5637825313256783|126.9779245419285019_37.5637634021338656|126.9780550037610567_37.5637507097928918|126.9781651142375978_37.5637590779395225|126.9784945856248157_37.5638009334543241
2026-05-11T00:04:44.154338+09:00,광화문·덕수궁,광화문·덕수궁,POI009,KEY_1,1010009100,남대문로7길,1010021108,호텔이비스명동,126.9820519451972700_37.5636664770067483,1010021702,소공로지하상가,126.9795475428450970_37.5639009918525275,227.0,13.0,정체,126.9795475428450970_37.5639009918525275|126.9796803370022360_37.5638948862261515|126.9806310216740002_37.5639896452279629|126.9820519451972700_37.5636664770067483
2026-05-11T00:04:44.154338+09:00,광화문·덕수궁,광화문·덕수궁,POI009,KEY_1,1010009200,남대문로7길,1010021701,소공로지하상가,126.9794402894512473_37.5640142229526717,1010021109,호텔이비스명동,126.9820873216543333_37.5637708767384169,240.0,22.0,서행,126.9820873216543333_37.5637708767384169|126.9806416666700954_37.5640996703370931|126.9796757766825266_37.5640033960331934|126.9794402894512473_37.5640142229526717
2026-05-11T00:04:44.154338+09:00,광화문·덕수궁,광화문·덕수궁,POI009,KEY_1,1010009501,소공로,1010021704,소공로지하상가,126.9792789797845671_37.5640057968385435,1010023303,조선호텔,126.9788152991022230_37.5645029149171776,69.0,8.0,정체,126.9788152991022230_37.5645029149171776|126.9792789797845671_37.5640057968385435
2026-05-11T00:04:44.154338+09:00,광화문·덕수궁,광화문·덕수궁,POI009,KEY_1,1010009502,소공로,1010023304,조선호텔,126.9787312154575005_37.5645930511843886,1010024703,시청앞광장,126.9784672029423973_37.5649273269454653,44.0,12.0,정체,126.9784672029423973_37.5649273269454653|126.9785328581880179_37.5648259321764542|126.9786099909753290_37.5647229929441977|126.9787312154575005_37.5645930511843886
2026-05-11T00:04:44.154338+09:00,광화문·덕수궁,광화문·덕수궁,POI009,KEY_1,1010009601,소공로,1010023302,조선호텔,126.9789243502561220_37.5645673683433330,1010021701,소공로지하상가,126.9794402894512473_37.5640142229526717,76.0,27.0,원활,126.9794402894512473_37.5640142229526717|126.9789243502561220_37.5645673683433330
2026-05-11T00:04:44.154338+09:00,광화문·덕수궁,광화문·덕수궁,POI009,KEY_1,1010009602,소공로,1010024701,속성변화점,126.9786056986612977_37.5650244624703831,1010023301,조선호텔,126.9788402605382771_37.5646575116433681,47.0,24.0,서행,126.9788402605382771_37.5646575116433681|126.9787231273203787_37.5647830692895752|126.9786516629586544_37.5648784430538711|126.9786287557715099_37.5649138199071757|126.9786056986612977_37.5650244624703831
2026-05-11T00:04:44.154338+09:00,광화문·덕수궁,광화문·덕수궁,POI009,KEY_1,1010009902,세종대로,1010021604,시청앞광장,126.9768728564433928_37.5640783561644085,1010024204,시청앞교차로,126.9770880989032236_37.5648197786229900,85.0,40.0,원활,126.9770880989032236_37.5648197786229900|126.9770591791834136_37.5646629693451288|126.9770001947957212_37.5644354373990907|126.9769219936512883_37.5642088549141349|126.9768728564433928_37.5640783561644085
2026-05-11T00:04:44.154338+09:00,광화문·덕수궁,광화문·덕수궁,POI009,KEY_1,1010010000,세종대로,1010024203,시청앞교차로,126.9772135411598413_37.5647555843739269,1010021601,시청앞광장,126.9770081698073909_37.5640611462049279,79.0,24.5,서행,126.9770081698073909_37.5640611462049279|126.9770525488461743_37.5641790078298783|126.9771323290460572_37.5644101639924273|126.9771929938028450_37.5646441761629077|126.9772135411598413_37.5647555843739269
2026-05-11T00:04:44.154338+09:00,광화문·덕수궁,광화문·덕수궁,POI009,KEY_1,1010011000,덕수궁길,1010003702,국립현대미술관(덕수궁),126.9734800713954428_37.5653099277390794,1010024205,시청앞교차로,126.9771111379704962_37.5649683842586413,350.0,28.0,원활,126.9771111379704962_37.5649683842586413|126.9769955437966189_37.5648997036250520|126.9769191129801698_37.5648841239987448|126.9762643259252286_37.5649661911538288|126.9761744747147532_37.5649770829893868|126.9759779520215517_37.5650009053778362|126.9758689949813260_37.5650050124235619|126.9752013280298399_37.5649548066137768|126.9751376722967393_37.5649475156969572|126.9743014077374426_37.5648517294047579|126.9740978380537513_37.5648406360021241|126.9740518977143893_37.5648432379020889|126.9740231183313881_37.5648571744892976|126.9736843653272729_37.5652451675209207|126.9735504744861458_37.5653043393530339|126.9734800713954428_37.5653099277390794
2026-05-11T00:04:44.154338+09:00,광화문·덕수궁,광화문·덕수궁,POI009,KEY_1,1010011100,소공로,1010024703,시청앞광장,126.9784672029423973_37.5649273269454653,1010024202,시청앞교차로,126.9772712943529740_37.5649019993645936,106.0,22.0,서행,126.9772712943529740_37.5649019993645936|126.9774098801302102_37.5649281244663342|126.9776269810423628_37.5649428736685351|126.9783249021099323_37.5649392241840445|126.9784672029423973_37.5649273269454653
2026-05-11T00:04:44.154338+09:00,광화문·덕수궁,광화문·덕수궁,POI009,KEY_1,1010011200,소공로,1010024201,시청앞교차로,126.9772516593585294_37.5650094083765893,1010024704,시청앞광장,126.9784659259494219_37.5650361481380060,108.0,26.0,원활,126.9784659259494219_37.5650361481380060|126.9783324600417700_37.5650473063687187|126.9776216401868254_37.5650510228301613|126.9773883375840597_37.5650351731031407|126.9772516593585294_37.5650094083765893
2026-05-11T00:04:44.154338+09:00,광화문·덕수궁,광화문·덕수궁,POI009,KEY_1,1010012500,을지로,1010024704,시청앞광장,126.9784659259494219_37.5650361481380060,1010004003,시청앞교차로,126.9789708087737665_37.5659839969886207,114.0,29.0,원활,126.9789708087737665_37.5659839969886207|126.9788675333299039_37.5658318303835728|126.9786502993091943_37.5654208830312371|126.9784659259494219_37.5650361481380060
2026-05-11T00:04:44.154338+09:00,광화문·덕수궁,광화문·덕수궁,POI009,KEY_1,1010012600,을지로,1010004002,시청앞교차로,126.9790903112125449_37.5659326054826721,1010024701,속성변화점,126.9786056986612977_37.5650244624703831,110.0,19.0,서행,126.9786056986612977_37.5650244624703831|126.9787763856751894_37.5653806366447611|126.9789901698400030_37.5657850581407118|126.9790903112125449_37.5659326054826721
2026-05-11T00:04:44.154338+09:00,광화문·덕수궁,광화문·덕수궁,POI009,KEY_1,1010013800,세종대로,1010004902,강원도민일보(서울본부),126.9771979915670101_37.5670009920858590,1010024201,시청앞교차로,126.9772516593585294_37.5650094083765893,221.0,38.0,원활,126.9772516593585294_37.5650094083765893|126.9772632229602749_37.5651213527824481|126.9772704963173453_37.5652669803863901|126.9772680209366058_37.5654083777349115|126.9772559424266944_37.5656434912380419|126.9771979915670101_37.5670009920858590
2026-05-11T00:04:44.154338+09:00,광화문·덕수궁,광화문·덕수궁,POI009,KEY_1,1010013901,을지로,1010004001,시청앞교차로,126.9791355868352127_37.5660429362421766,1010027204,일본국제관광진흥기구서울사무소,126.9796194072220459_37.5660647181267464,43.0,23.3,서행,126.9796194072220459_37.5660647181267464|126.9791355868352127_37.5660429362421766
2026-05-11T00:04:44.154338+09:00,광화문·덕수궁,광화문·덕수궁,POI009,KEY_1,1010014001,을지로,1010141800,을지로1가 50-1,126.9805253177826074_37.5659685214828443,1010004002,시청앞교차로,126.9790903112125449_37.5659326054826721,127.0,9.0,정체,126.9790903112125449_37.5659326054826721|126.9796270767268993_37.5659567711099385|126.9797571380910313_37.5659602844908065|126.9805253177826074_37.5659685214828443
2026-05-11T00:04:44.154338+09:00,광화문·덕수궁,광화문·덕수궁,POI009,KEY_1,1010015200,정동길,1010053500,정동 6-1,126.9726302734250396_37.5657818964494226,1010003701,국립현대미술관(덕수궁),126.9734172515147748_37.5653215661761095,86.0,20.5,서행,126.9734172515147748_37.5653215661761095|126.9731819807769568_37.5654408147970216|126.9726302734250396_37.5657818964494226
2026-05-11T00:04:44.154338+09:00,광화문·덕수궁,광화문·덕수궁,POI009,KEY_1,1010015400,무교로,1010004802,한국체육박물관,126.9792639816276676_37.5669296274705644,1010004001,시청앞교차로,126.9791355868352127_37.5660429362421766,99.0,23.5,서행,126.9791355868352127_37.5660429362421766|126.9792051056433166_37.5662774283455079|126.9792449697865493_37.5664901136539342|126.9792639816276676_37.5669296274705644
2026-05-11T00:04:44.154338+09:00,광화문·덕수궁,광화문·덕수궁,POI009,KEY_1,1010016400,세종대로20길,1010152400,태평로1가 31-1,126.9781614739919320_37.5671149535760875,1010004804,한국체육박물관,126.9791327692852860_37.5670432031565085,86.0,11.0,정체,126.9791327692852860_37.5670432031565085|126.9790021637939503_37.5670657791657803|126.9788569191823626_37.5670778321488825|126.9783926986433755_37.5671163538151802|126.9781614739919320_37.5671149535760875
2026-05-11T00:04:44.154338+09:00,광화문·덕수궁,광화문·덕수궁,POI009,KEY_1,1010017601,무교로,1010141400,무교동 44-1,126.9793100041751046_37.5679689583533047,1010004801,한국체육박물관,126.9792685302403470_37.5670397690594271,103.0,18.0,서행,126.9792685302403470_37.5670397690594271|126.9792880141313276_37.5675278005997768|126.9792897236795000_37.5675706209739317|126.9793100041751046_37.5679689583533047
2026-05-11T00:04:44.154338+09:00,광화문·덕수궁,광화문·덕수궁,POI009,KEY_1,1010017602,무교로,1010034301,무교동사거리,126.9793440155466442_37.5692674718774171,1010034101,무교동사거리,126.9793610650683036_37.5689718470786644,33.0,17.0,서행,126.9793610650683036_37.5689718470786644|126.9793440155466442_37.5692674718774171
2026-05-11T00:04:44.154338+09:00,광화문·덕수궁,광화문·덕수궁,POI009,KEY_1,1010017701,덕수궁길,1010003708,국립현대미술관(덕수궁),126.9733973038882908_37.5653215550209438,1010034405,덕수초교앞,126.9742636314177417_37.5692915440127635,470.0,10.0,정체,126.9742636314177417_37.5692915440127635|126.9742609154399133_37.5692318560367440|126.9741806606774475_37.5688123115606558|126.9741708329106444_37.5687509002550755|126.9741496491990489_37.5687070234402825|126.9733330667186380_37.5677499979341434|126.9732604662010260_37.5676432387449850|126.9732135563309470_37.5675636296405173|126.9732109235822293_37.5675447199477688|126.9732028295893542_37.5674865848597861|126.9732067525657442_37.5673829793437548|126.9732946020034490_37.5669917355047289|126.9734162527930152_37.5666474960378096|126.9734297415941171_37.5665457649226155|126.9734351774182528_37.5662640535461065|126.9734319058327827_37.5653823750330673|126.9734292579386477_37.5653516838069237|126.9734209124859774_37.5653359703583263|126.9733973038882908_37.5653215550209438
2026-05-11T00:04:44.154338+09:00,광화문·덕수궁,광화문·덕수궁,POI009,KEY_1,1010017702,덕수궁길,1010034408,덕수초교앞,126.9742709920243016_37.5695017977150982,1000007903,신문로1가 5-4,126.9743707219120381_37.5701009152256020,67.0,20.0,서행,126.9743707219120381_37.5701009152256020|126.9742714713144238_37.5695298211502120|126.9742709920243016_37.5695017977150982
2026-05-11T00:04:44.154338+09:00,광화문·덕수궁,광화문·덕수궁,POI009,KEY_1,1010017801,덕수궁길,1010142200,정동 1-36,126.9733459274212635_37.5675328106811506,1010003703,국립현대미술관(덕수궁),126.9735218655151243_37.5652613466895460,255.0,20.0,서행,126.9735218655151243_37.5652613466895460|126.9735320491287638_37.5652675646712737|126.9735632083507113_37.5653262373116092|126.9735677185460503_37.5653785069074999|126.9735710082390199_37.5662647237383496|126.9735654610655899_37.5665522825597762|126.9735501225163148_37.5666679552866043|126.9734271477770164_37.5670159427351393|126.9733422194510410_37.5673941796546416|126.9733388862719750_37.5674822368240626|126.9733459274212635_37.5675328106811506
2026-05-11T00:04:44.154338+09:00,광화문·덕수궁,광화문·덕수궁,POI009,KEY_1,1010017802,덕수궁길,1000007902,신문로1가 5-4,126.9745078099836633_37.5701006884260735,1010034401,덕수초교앞,126.9744068784933120_37.5695041013549940,67.0,17.0,서행,126.9744068784933120_37.5695041013549940|126.9744071786620196_37.5695216461825154|126.9745078099836633_37.5701006884260735
2026-05-11T00:04:44.154338+09:00,광화문·덕수궁,광화문·덕수궁,POI009,KEY_1,1010018100,세종대로,1010024205,시청앞교차로,126.9771111379704962_37.5649683842586413,1010036201,청계광장,126.9769724776174371_37.5689758850454254,445.0,27.0,원활,126.9769724776174371_37.5689758850454254|126.9770357842986499_37.5675064469025131|126.9770571241010231_37.5671045176161513|126.9770622406749681_37.5669973200828053|126.9771202099424414_37.5656394465692429|126.9771322330851717_37.5654054151655075|126.9771346338183520_37.5652683750225975|126.9771276194723697_37.5651279335943542|126.9771111379704962_37.5649683842586413
2026-05-11T00:04:44.154338+09:00,광화문·덕수궁,광화문·덕수궁,POI009,KEY_1,1010018200,세종대로,1000002000,청계광장,126.9771060680401717_37.5690311929919076,1010004901,강원도민일보(서울본부),126.9771928320576109_37.5671090827981402,213.0,46.0,원활,126.9771928320576109_37.5671090827981402|126.9771715167423451_37.5675105826680635|126.9771060680401717_37.5690311929919076
2026-05-11T00:04:44.154338+09:00,광화문·덕수궁,광화문·덕수궁,POI009,KEY_1,1010037100,남대문로1길,1010021204,우성빌딩,126.9777519647640105_37.5639149035560536,1010023103,서울프라자호텔,126.9779917291016176_37.5644349310718795,61.0,10.0,정체,126.9779917291016176_37.5644349310718795|126.9777519647640105_37.5639149035560536
2026-05-11T00:04:44.154338+09:00,광화문·덕수궁,광화문·덕수궁,POI009,KEY_1,1010037700,서소문로11길,1010119100,정동 34-31,126.9727951808603876_37.5647038792147114,1010003707,국립현대미술관(덕수궁),126.9733026963352955_37.5652751287957045,97.0,14.0,정체,126.9733026963352955_37.5652751287957045|126.9731147506106339_37.5651909181462429|126.9727976869032062_37.5651133337218468|126.9727288163474412_37.5650455719333536|126.9727288478402016_37.5649591817261097|126.9727803611883274_37.5647836723506359|126.9727951808603876_37.5647038792147114
2026-05-11T00:04:44.154338+09:00,광화문·덕수궁,광화문·덕수궁,POI009,KEY_1,1010038300,소공로,1010023101,서울프라자호텔,126.9781769454158393_37.5645228411741812,1010023304,조선호텔,126.9787312154575005_37.5645930511843886,50.0,8.0,정체,126.9787312154575005_37.5645930511843886|126.9785957557285769_37.5645517262991930|126.9784554783557979_37.5645322032255891|126.9782121876750836_37.5645228476832003|126.9781769454158393_37.5645228411741812
2026-05-11T00:04:44.154338+09:00,광화문·덕수궁,광화문·덕수궁,POI009,KEY_1,1010039000,소공로,1010024202,시청앞교차로,126.9772712943529740_37.5649019993645936,1010023104,서울프라자호텔,126.9780385528240316_37.5645364866542977,82.0,11.0,정체,126.9780385528240316_37.5645364866542977|126.9776055199770184_37.5646501981039478|126.9774312688185773_37.5647230654274864|126.9773645076050741_37.5647713550531037|126.9773054583435652_37.5648401473905977|126.9772712943529740_37.5649019993645936
2026-05-11T00:04:44.154338+09:00,광화문·덕수궁,광화문·덕수궁,POI009,KEY_1,1010045900,새문안로2길,1010034503,조선일보본사,126.9757336729328898_37.5693927914711736,1010034403,덕수초교앞,126.9744623970510844_37.5693699781441666,112.0,14.0,정체,126.9744623970510844_37.5693699781441666|126.9751125420028046_37.5693767090831088|126.9754684882037736_37.5693803926704959|126.9757336729328898_37.5693927914711736
2026-05-11T00:04:44.154338+09:00,광화문·덕수궁,광화문·덕수궁,POI009,KEY_1,1010046000,새문안로2길,1010034402,덕수초교앞,126.9744431042179968_37.5694779067993210,1010034504,조선일보본사,126.9756904321789079_37.5694990761609162,110.0,44.0,원활,126.9756904321789079_37.5694990761609162|126.9754636204795446_37.5694884714731927|126.9751107757574573_37.5694848197226179|126.9744431042179968_37.5694779067993210
