fetched_at,place_name,AREA_NM,AREA_CD,_key_used,EVENT_STTS__EVENT_NM,EVENT_STTS__EVENT_PERIOD,EVENT_STTS__EVENT_PLACE,EVENT_STTS__EVENT_X,EVENT_STTS__EVENT_Y,EVENT_STTS__PAY_YN,EVENT_STTS__THUMBNAIL,EVENT_STTS__URL,EVENT_STTS__EVENT_ETC_DETAIL
2026-08-24T00:33:08.080206+09:00,북서울꿈의숲,북서울꿈의숲,POI096,KEY_1,[세종문화회관] 2026 상상톡톡미술관 기획전시 [빠씨를 찾아서],2026-07-11~2026-10-25,북서울꿈의숲 상상톡톡미술관,127.04139068396867,37.62254520644527,,https://culture.seoul.go.kr/cmmn/file/getImage.do?atchFileId=bf0370292aa74772a8e9a413a3196fbf&thumb=Y,https://culture.seoul.go.kr/culture/culture/cultureEvent/view.do?cultcode=158234&menuNo=200009,
2026-08-24T00:33:08.080206+09:00,이촌한강공원,이촌한강공원,POI108,KEY_4,2026 한강이야기여행 [한강역사탐방],2026-04-20~2026-11-15,광나루， 잠실， 뚝섬， 잠원， 반포， 이촌， 여의도， 양화， 난지， 망원， 강서,126.970577601301,37.5172524381641,,https://culture.seoul.go.kr/cmmn/file/getImage.do?atchFileId=f4d68594fb0a4a329acc12a6796064fd&thumb=Y,https://culture.seoul.go.kr/culture/culture/cultureEvent/view.do?cultcode=157700&menuNo=200011,
2026-08-24T00:33:08.080206+09:00,덕수궁길·정동길,덕수궁길·정동길,POI064,KEY_4,누구나 청춘무대 [청춘가요마당],2026-06-24~2026-08-26,문화일보홀,126.968689785217,37.5671088579851,N,https://culture.seoul.go.kr/cmmn/file/getImage.do?atchFileId=9f819e7b81bc410cbf59ae5dfbfeb3d7&thumb=Y,https://culture.seoul.go.kr/culture/culture/cultureEvent/view.do?cultcode=158331&menuNo=200011,
2026-08-24T00:33:08.080206+09:00,성수카페거리,성수카페거리,POI068,KEY_4,섬유기획전 [안식의 결 Texture of Rest],2026-07-24~2026-10-02,우란문화재단 우란1경， 우란2경,127.054416929987,37.5437897702564,N,https://culture.seoul.go.kr/cmmn/file/getImage.do?atchFileId=6cd09d6c58bb4c5ab2d963489874ec5b&thumb=Y,https://culture.seoul.go.kr/culture/culture/cultureEvent/view.do?cultcode=159117&menuNo=200009,
2026-08-24T00:33:08.080206+09:00,익선동,익선동,POI116,KEY_1,2026 길 위의 인문학·지혜학교 [현대 도시의 담(淡) 프로젝트] 비움으로 채우는 삶의 수묵화,2026-07-24~2026-10-23,서울시 종로구 삼일대로 28길16， 5층 대한민국전통예술전승원,126.988861161086,37.5735402753764,,https://culture.seoul.go.kr/cmmn/file/getImage.do?atchFileId=e1c2bdd4f6074eff8bbe794f627ce5a7&thumb=Y,https://culture.seoul.go.kr/culture/culture/cultureEvent/view.do?cultcode=158456&menuNo=200011,
2026-08-24T00:33:08.080206+09:00,청담동 명품거리,청담동 명품거리,POI080,KEY_1,[한솥아트스페이스] 이상원 개인전 [레스토피아 : RESTOPIA],2026-08-08~2026-09-19,한솥아트스페이스(서울시 강남구 압구정로 459 B1F),127.047030515103,37.5254941585008,N,https://culture.seoul.go.kr/cmmn/file/getImage.do?atchFileId=d10e584593fb4a95a3cb81e11e4822d0&thumb=Y,https://culture.seoul.go.kr/culture/culture/cultureEvent/view.do?cultcode=158934&menuNo=200009,
2026-08-24T00:33:08.080206+09:00,강남역,강남역,POI014,KEY_3,[역삼푸른솔도서관] 문장과 문장 사이， 번역의 세계,2026-08-21~2026-08-28,강남구립 역삼푸른솔도서관 프로그램실,127.032028764698,37.496499181425,N,https://culture.seoul.go.kr/cmmn/file/getImage.do?atchFileId=1717c00dac1b400cbfddb4c12a4cadd6&thumb=Y,https://culture.seoul.go.kr/culture/culture/cultureEvent/view.do?cultcode=159034&menuNo=200011,
2026-08-24T00:33:08.080206+09:00,동대문역,동대문역,POI024,KEY_4,[서울시] 2026 오간수교 미디어파사드 사계1 전시 [청계 리브(LIVE): 초록 스프링],2026-05-01~2026-08-31,오간수교(서울시 종로구 율곡로 오간수문지),127.009563045226,37.5696901908894,,https://culture.seoul.go.kr/cmmn/file/getImage.do?atchFileId=7b7e9cf869254bed97acd714f44811b8&thumb=Y,https://culture.seoul.go.kr/culture/culture/cultureEvent/view.do?cultcode=157915&menuNo=200009,
2026-08-24T00:33:08.080206+09:00,사당역,사당역,POI029,KEY_4,[서울시립 남서울미술관] 2026년 한국 대표 조각가전 《조숙진: 지나가는 자리》,2026-07-29~2026-11-15,서울시립 남서울미술관 1층 야외， 2층 전시실,126.979465861688,37.4760535374985,,https://culture.seoul.go.kr/cmmn/file/getImage.do?atchFileId=aed5b82f656b4da18eed358532b288ae&thumb=Y,https://culture.seoul.go.kr/culture/culture/cultureEvent/view.do?cultcode=158469&menuNo=200009,
2026-08-24T00:33:08.080206+09:00,성신여대입구역,성신여대입구역,POI035,KEY_2,2026 생애주기별 문화예술교육 지원사업 '꿈다락 문화예술학교' [사람책 프로젝트X노년 : 인생 레시피],2026-06-29~2026-10-19,성신여대입구역 부근 연습실 (추후 공지),127.017350855582,37.5916469719941,,https://culture.seoul.go.kr/cmmn/file/getImage.do?atchFileId=db84a18e36484d018ee8ace1a7643c85&thumb=Y,https://culture.seoul.go.kr/culture/culture/cultureEvent/view.do?cultcode=158251&menuNo=200011,
2026-08-24T01:38:30.509601+09:00,북서울꿈의숲,북서울꿈의숲,POI096,KEY_1,[세종문화회관] 2026 상상톡톡미술관 기획전시 [빠씨를 찾아서],2026-07-11~2026-10-25,북서울꿈의숲 상상톡톡미술관,127.04139068396867,37.62254520644527,,https://culture.seoul.go.kr/cmmn/file/getImage.do?atchFileId=bf0370292aa74772a8e9a413a3196fbf&thumb=Y,https://culture.seoul.go.kr/culture/culture/cultureEvent/view.do?cultcode=158234&menuNo=200009,
2026-08-24T01:38:30.509601+09:00,이촌한강공원,이촌한강공원,POI108,KEY_4,2026 한강이야기여행 [한강역사탐방],2026-04-20~2026-11-15,광나루， 잠실， 뚝섬， 잠원， 반포， 이촌， 여의도， 양화， 난지， 망원， 강서,126.970577601301,37.5172524381641,,https://culture.seoul.go.kr/cmmn/file/getImage.do?atchFileId=f4d68594fb0a4a329acc12a6796064fd&thumb=Y,https://culture.seoul.go.kr/culture/culture/cultureEvent/view.do?cultcode=157700&menuNo=200011,
2026-08-24T01:38:30.509601+09:00,덕수궁길·정동길,덕수궁길·정동길,POI064,KEY_4,누구나 청춘무대 [청춘가요마당],2026-06-24~2026-08-26,문화일보홀,126.968689785217,37.5671088579851,N,https://culture.seoul.go.kr/cmmn/file/getImage.do?atchFileId=9f819e7b81bc410cbf59ae5dfbfeb3d7&thumb=Y,https://culture.seoul.go.kr/culture/culture/cultureEvent/view.do?cultcode=158331&menuNo=200011,
2026-08-24T01:38:30.509601+09:00,성수카페거리,성수카페거리,POI068,KEY_4,섬유기획전 [안식의 결 Texture of Rest],2026-07-24~2026-10-02,우란문화재단 우란1경， 우란2경,127.054416929987,37.5437897702564,N,https://culture.seoul.go.kr/cmmn/file/getImage.do?atchFileId=6cd09d6c58bb4c5ab2d963489874ec5b&thumb=Y,https://culture.seoul.go.kr/culture/culture/cultureEvent/view.do?cultcode=159117&menuNo=200009,
2026-08-24T01:38:30.509601+09:00,익선동,익선동,POI116,KEY_1,2026 길 위의 인문학·지혜학교 [현대 도시의 담(淡) 프로젝트] 비움으로 채우는 삶의 수묵화,2026-07-24~2026-10-23,서울시 종로구 삼일대로 28길16， 5층 대한민국전통예술전승원,126.988861161086,37.5735402753764,,https://culture.seoul.go.kr/cmmn/file/getImage.do?atchFileId=e1c2bdd4f6074eff8bbe794f627ce5a7&thumb=Y,https://culture.seoul.go.kr/culture/culture/cultureEvent/view.do?cultcode=158456&menuNo=200011,
2026-08-24T01:38:30.509601+09:00,청담동 명품거리,청담동 명품거리,POI080,KEY_1,[한솥아트스페이스] 이상원 개인전 [레스토피아 : RESTOPIA],2026-08-08~2026-09-19,한솥아트스페이스(서울시 강남구 압구정로 459 B1F),127.047030515103,37.5254941585008,N,https://culture.seoul.go.kr/cmmn/file/getImage.do?atchFileId=d10e584593fb4a95a3cb81e11e4822d0&thumb=Y,https://culture.seoul.go.kr/culture/culture/cultureEvent/view.do?cultcode=158934&menuNo=200009,
2026-08-24T01:38:30.509601+09:00,강남역,강남역,POI014,KEY_3,[역삼푸른솔도서관] 문장과 문장 사이， 번역의 세계,2026-08-21~2026-08-28,강남구립 역삼푸른솔도서관 프로그램실,127.032028764698,37.496499181425,N,https://culture.seoul.go.kr/cmmn/file/getImage.do?atchFileId=1717c00dac1b400cbfddb4c12a4cadd6&thumb=Y,https://culture.seoul.go.kr/culture/culture/cultureEvent/view.do?cultcode=159034&menuNo=200011,
2026-08-24T01:38:30.509601+09:00,동대문역,동대문역,POI024,KEY_4,[서울시] 2026 오간수교 미디어파사드 사계1 전시 [청계 리브(LIVE): 초록 스프링],2026-05-01~2026-08-31,오간수교(서울시 종로구 율곡로 오간수문지),127.009563045226,37.5696901908894,,https://culture.seoul.go.kr/cmmn/file/getImage.do?atchFileId=7b7e9cf869254bed97acd714f44811b8&thumb=Y,https://culture.seoul.go.kr/culture/culture/cultureEvent/view.do?cultcode=157915&menuNo=200009,
2026-08-24T01:38:30.509601+09:00,사당역,사당역,POI029,KEY_4,[서울시립 남서울미술관] 2026년 한국 대표 조각가전 《조숙진: 지나가는 자리》,2026-07-29~2026-11-15,서울시립 남서울미술관 1층 야외， 2층 전시실,126.979465861688,37.4760535374985,,https://culture.seoul.go.kr/cmmn/file/getImage.do?atchFileId=aed5b82f656b4da18eed358532b288ae&thumb=Y,https://culture.seoul.go.kr/culture/culture/cultureEvent/view.do?cultcode=158469&menuNo=200009,
2026-08-24T01:38:30.509601+09:00,성신여대입구역,성신여대입구역,POI035,KEY_2,2026 생애주기별 문화예술교육 지원사업 '꿈다락 문화예술학교' [사람책 프로젝트X노년 : 인생 레시피],2026-06-29~2026-10-19,성신여대입구역 부근 연습실 (추후 공지),127.017350855582,37.5916469719941,,https://culture.seoul.go.kr/cmmn/file/getImage.do?atchFileId=db84a18e36484d018ee8ace1a7643c85&thumb=Y,https://culture.seoul.go.kr/culture/culture/cultureEvent/view.do?cultcode=158251&menuNo=200011,
2026-08-24T02:30:38.973460+09:00,북서울꿈의숲,북서울꿈의숲,POI096,KEY_1,[세종문화회관] 2026 상상톡톡미술관 기획전시 [빠씨를 찾아서],2026-07-11~2026-10-25,북서울꿈의숲 상상톡톡미술관,127.04139068396867,37.62254520644527,,https://culture.seoul.go.kr/cmmn/file/getImage.do?atchFileId=bf0370292aa74772a8e9a413a3196fbf&thumb=Y,https://culture.seoul.go.kr/culture/culture/cultureEvent/view.do?cultcode=158234&menuNo=200009,
2026-08-24T02:30:38.973460+09:00,이촌한강공원,이촌한강공원,POI108,KEY_4,2026 한강이야기여행 [한강역사탐방],2026-04-20~2026-11-15,광나루， 잠실， 뚝섬， 잠원， 반포， 이촌， 여의도， 양화， 난지， 망원， 강서,126.970577601301,37.5172524381641,,https://culture.seoul.go.kr/cmmn/file/getImage.do?atchFileId=f4d68594fb0a4a329acc12a6796064fd&thumb=Y,https://culture.seoul.go.kr/culture/culture/cultureEvent/view.do?cultcode=157700&menuNo=200011,
2026-08-24T02:30:38.973460+09:00,덕수궁길·정동길,덕수궁길·정동길,POI064,KEY_4,누구나 청춘무대 [청춘가요마당],2026-06-24~2026-08-26,문화일보홀,126.968689785217,37.5671088579851,N,https://culture.seoul.go.kr/cmmn/file/getImage.do?atchFileId=9f819e7b81bc410cbf59ae5dfbfeb3d7&thumb=Y,https://culture.seoul.go.kr/culture/culture/cultureEvent/view.do?cultcode=158331&menuNo=200011,
2026-08-24T02:30:38.973460+09:00,성수카페거리,성수카페거리,POI068,KEY_4,섬유기획전 [안식의 결 Texture of Rest],2026-07-24~2026-10-02,우란문화재단 우란1경， 우란2경,127.054416929987,37.5437897702564,N,https://culture.seoul.go.kr/cmmn/file/getImage.do?atchFileId=6cd09d6c58bb4c5ab2d963489874ec5b&thumb=Y,https://culture.seoul.go.kr/culture/culture/cultureEvent/view.do?cultcode=159117&menuNo=200009,
2026-08-24T02:30:38.973460+09:00,익선동,익선동,POI116,KEY_1,2026 길 위의 인문학·지혜학교 [현대 도시의 담(淡) 프로젝트] 비움으로 채우는 삶의 수묵화,2026-07-24~2026-10-23,서울시 종로구 삼일대로 28길16， 5층 대한민국전통예술전승원,126.988861161086,37.5735402753764,,https://culture.seoul.go.kr/cmmn/file/getImage.do?atchFileId=e1c2bdd4f6074eff8bbe794f627ce5a7&thumb=Y,https://culture.seoul.go.kr/culture/culture/cultureEvent/view.do?cultcode=158456&menuNo=200011,
2026-08-24T02:30:38.973460+09:00,청담동 명품거리,청담동 명품거리,POI080,KEY_1,[한솥아트스페이스] 이상원 개인전 [레스토피아 : RESTOPIA],2026-08-08~2026-09-19,한솥아트스페이스(서울시 강남구 압구정로 459 B1F),127.047030515103,37.5254941585008,N,https://culture.seoul.go.kr/cmmn/file/getImage.do?atchFileId=d10e584593fb4a95a3cb81e11e4822d0&thumb=Y,https://culture.seoul.go.kr/culture/culture/cultureEvent/view.do?cultcode=158934&menuNo=200009,
2026-08-24T02:30:38.973460+09:00,강남역,강남역,POI014,KEY_3,[역삼푸른솔도서관] 문장과 문장 사이， 번역의 세계,2026-08-21~2026-08-28,강남구립 역삼푸른솔도서관 프로그램실,127.032028764698,37.496499181425,N,https://culture.seoul.go.kr/cmmn/file/getImage.do?atchFileId=1717c00dac1b400cbfddb4c12a4cadd6&thumb=Y,https://culture.seoul.go.kr/culture/culture/cultureEvent/view.do?cultcode=159034&menuNo=200011,
2026-08-24T02:30:38.973460+09:00,동대문역,동대문역,POI024,KEY_4,[서울시] 2026 오간수교 미디어파사드 사계1 전시 [청계 리브(LIVE): 초록 스프링],2026-05-01~2026-08-31,오간수교(서울시 종로구 율곡로 오간수문지),127.009563045226,37.5696901908894,,https://culture.seoul.go.kr/cmmn/file/getImage.do?atchFileId=7b7e9cf869254bed97acd714f44811b8&thumb=Y,https://culture.seoul.go.kr/culture/culture/cultureEvent/view.do?cultcode=157915&menuNo=200009,
2026-08-24T02:30:38.973460+09:00,사당역,사당역,POI029,KEY_4,[서울시립 남서울미술관] 2026년 한국 대표 조각가전 《조숙진: 지나가는 자리》,2026-07-29~2026-11-15,서울시립 남서울미술관 1층 야외， 2층 전시실,126.979465861688,37.4760535374985,,https://culture.seoul.go.kr/cmmn/file/getImage.do?atchFileId=aed5b82f656b4da18eed358532b288ae&thumb=Y,https://culture.seoul.go.kr/culture/culture/cultureEvent/view.do?cultcode=158469&menuNo=200009,
2026-08-24T02:30:38.973460+09:00,성신여대입구역,성신여대입구역,POI035,KEY_2,2026 생애주기별 문화예술교육 지원사업 '꿈다락 문화예술학교' [사람책 프로젝트X노년 : 인생 레시피],2026-06-29~2026-10-19,성신여대입구역 부근 연습실 (추후 공지),127.017350855582,37.5916469719941,,https://culture.seoul.go.kr/cmmn/file/getImage.do?atchFileId=db84a18e36484d018ee8ace1a7643c85&thumb=Y,https://culture.seoul.go.kr/culture/culture/cultureEvent/view.do?cultcode=158251&menuNo=200011,
2026-08-24T03:44:00.965234+09:00,북서울꿈의숲,북서울꿈의숲,POI096,KEY_1,[세종문화회관] 2026 상상톡톡미술관 기획전시 [빠씨를 찾아서],2026-07-11~2026-10-25,북서울꿈의숲 상상톡톡미술관,127.04139068396867,37.62254520644527,,https://culture.seoul.go.kr/cmmn/file/getImage.do?atchFileId=bf0370292aa74772a8e9a413a3196fbf&thumb=Y,https://culture.seoul.go.kr/culture/culture/cultureEvent/view.do?cultcode=158234&menuNo=200009,
2026-08-24T03:44:00.965234+09:00,이촌한강공원,이촌한강공원,POI108,KEY_4,2026 한강이야기여행 [한강역사탐방],2026-04-20~2026-11-15,광나루， 잠실， 뚝섬， 잠원， 반포， 이촌， 여의도， 양화， 난지， 망원， 강서,126.970577601301,37.5172524381641,,https://culture.seoul.go.kr/cmmn/file/getImage.do?atchFileId=f4d68594fb0a4a329acc12a6796064fd&thumb=Y,https://culture.seoul.go.kr/culture/culture/cultureEvent/view.do?cultcode=157700&menuNo=200011,
2026-08-24T03:44:00.965234+09:00,덕수궁길·정동길,덕수궁길·정동길,POI064,KEY_4,누구나 청춘무대 [청춘가요마당],2026-06-24~2026-08-26,문화일보홀,126.968689785217,37.5671088579851,N,https://culture.seoul.go.kr/cmmn/file/getImage.do?atchFileId=9f819e7b81bc410cbf59ae5dfbfeb3d7&thumb=Y,https://culture.seoul.go.kr/culture/culture/cultureEvent/view.do?cultcode=158331&menuNo=200011,
2026-08-24T03:44:00.965234+09:00,성수카페거리,성수카페거리,POI068,KEY_4,섬유기획전 [안식의 결 Texture of Rest],2026-07-24~2026-10-02,우란문화재단 우란1경， 우란2경,127.054416929987,37.5437897702564,N,https://culture.seoul.go.kr/cmmn/file/getImage.do?atchFileId=6cd09d6c58bb4c5ab2d963489874ec5b&thumb=Y,https://culture.seoul.go.kr/culture/culture/cultureEvent/view.do?cultcode=159117&menuNo=200009,
2026-08-24T03:44:00.965234+09:00,익선동,익선동,POI116,KEY_1,2026 길 위의 인문학·지혜학교 [현대 도시의 담(淡) 프로젝트] 비움으로 채우는 삶의 수묵화,2026-07-24~2026-10-23,서울시 종로구 삼일대로 28길16， 5층 대한민국전통예술전승원,126.988861161086,37.5735402753764,,https://culture.seoul.go.kr/cmmn/file/getImage.do?atchFileId=e1c2bdd4f6074eff8bbe794f627ce5a7&thumb=Y,https://culture.seoul.go.kr/culture/culture/cultureEvent/view.do?cultcode=158456&menuNo=200011,
2026-08-24T03:44:00.965234+09:00,청담동 명품거리,청담동 명품거리,POI080,KEY_1,[한솥아트스페이스] 이상원 개인전 [레스토피아 : RESTOPIA],2026-08-08~2026-09-19,한솥아트스페이스(서울시 강남구 압구정로 459 B1F),127.047030515103,37.5254941585008,N,https://culture.seoul.go.kr/cmmn/file/getImage.do?atchFileId=d10e584593fb4a95a3cb81e11e4822d0&thumb=Y,https://culture.seoul.go.kr/culture/culture/cultureEvent/view.do?cultcode=158934&menuNo=200009,
2026-08-24T03:44:00.965234+09:00,강남역,강남역,POI014,KEY_3,[역삼푸른솔도서관] 문장과 문장 사이， 번역의 세계,2026-08-21~2026-08-28,강남구립 역삼푸른솔도서관 프로그램실,127.032028764698,37.496499181425,N,https://culture.seoul.go.kr/cmmn/file/getImage.do?atchFileId=1717c00dac1b400cbfddb4c12a4cadd6&thumb=Y,https://culture.seoul.go.kr/culture/culture/cultureEvent/view.do?cultcode=159034&menuNo=200011,
2026-08-24T03:44:00.965234+09:00,동대문역,동대문역,POI024,KEY_4,[서울시] 2026 오간수교 미디어파사드 사계1 전시 [청계 리브(LIVE): 초록 스프링],2026-05-01~2026-08-31,오간수교(서울시 종로구 율곡로 오간수문지),127.009563045226,37.5696901908894,,https://culture.seoul.go.kr/cmmn/file/getImage.do?atchFileId=7b7e9cf869254bed97acd714f44811b8&thumb=Y,https://culture.seoul.go.kr/culture/culture/cultureEvent/view.do?cultcode=157915&menuNo=200009,
2026-08-24T03:44:00.965234+09:00,사당역,사당역,POI029,KEY_4,[서울시립 남서울미술관] 2026년 한국 대표 조각가전 《조숙진: 지나가는 자리》,2026-07-29~2026-11-15,서울시립 남서울미술관 1층 야외， 2층 전시실,126.979465861688,37.4760535374985,,https://culture.seoul.go.kr/cmmn/file/getImage.do?atchFileId=aed5b82f656b4da18eed358532b288ae&thumb=Y,https://culture.seoul.go.kr/culture/culture/cultureEvent/view.do?cultcode=158469&menuNo=200009,
2026-08-24T03:44:00.965234+09:00,성신여대입구역,성신여대입구역,POI035,KEY_2,2026 생애주기별 문화예술교육 지원사업 '꿈다락 문화예술학교' [사람책 프로젝트X노년 : 인생 레시피],2026-06-29~2026-10-19,성신여대입구역 부근 연습실 (추후 공지),127.017350855582,37.5916469719941,,https://culture.seoul.go.kr/cmmn/file/getImage.do?atchFileId=db84a18e36484d018ee8ace1a7643c85&thumb=Y,https://culture.seoul.go.kr/culture/culture/cultureEvent/view.do?cultcode=158251&menuNo=200011,
2026-08-24T04:30:54.145843+09:00,북서울꿈의숲,북서울꿈의숲,POI096,KEY_1,[세종문화회관] 2026 상상톡톡미술관 기획전시 [빠씨를 찾아서],2026-07-11~2026-10-25,북서울꿈의숲 상상톡톡미술관,127.04139068396867,37.62254520644527,,https://culture.seoul.go.kr/cmmn/file/getImage.do?atchFileId=bf0370292aa74772a8e9a413a3196fbf&thumb=Y,https://culture.seoul.go.kr/culture/culture/cultureEvent/view.do?cultcode=158234&menuNo=200009,
2026-08-24T04:30:54.145843+09:00,이촌한강공원,이촌한강공원,POI108,KEY_4,2026 한강이야기여행 [한강역사탐방],2026-04-20~2026-11-15,광나루， 잠실， 뚝섬， 잠원， 반포， 이촌， 여의도， 양화， 난지， 망원， 강서,126.970577601301,37.5172524381641,,https://culture.seoul.go.kr/cmmn/file/getImage.do?atchFileId=f4d68594fb0a4a329acc12a6796064fd&thumb=Y,https://culture.seoul.go.kr/culture/culture/cultureEvent/view.do?cultcode=157700&menuNo=200011,
2026-08-24T04:30:54.145843+09:00,덕수궁길·정동길,덕수궁길·정동길,POI064,KEY_4,누구나 청춘무대 [청춘가요마당],2026-06-24~2026-08-26,문화일보홀,126.968689785217,37.5671088579851,N,https://culture.seoul.go.kr/cmmn/file/getImage.do?atchFileId=9f819e7b81bc410cbf59ae5dfbfeb3d7&thumb=Y,https://culture.seoul.go.kr/culture/culture/cultureEvent/view.do?cultcode=158331&menuNo=200011,
2026-08-24T04:30:54.145843+09:00,성수카페거리,성수카페거리,POI068,KEY_4,섬유기획전 [안식의 결 Texture of Rest],2026-07-24~2026-10-02,우란문화재단 우란1경， 우란2경,127.054416929987,37.5437897702564,N,https://culture.seoul.go.kr/cmmn/file/getImage.do?atchFileId=6cd09d6c58bb4c5ab2d963489874ec5b&thumb=Y,https://culture.seoul.go.kr/culture/culture/cultureEvent/view.do?cultcode=159117&menuNo=200009,
2026-08-24T04:30:54.145843+09:00,익선동,익선동,POI116,KEY_1,2026 길 위의 인문학·지혜학교 [현대 도시의 담(淡) 프로젝트] 비움으로 채우는 삶의 수묵화,2026-07-24~2026-10-23,서울시 종로구 삼일대로 28길16， 5층 대한민국전통예술전승원,126.988861161086,37.5735402753764,,https://culture.seoul.go.kr/cmmn/file/getImage.do?atchFileId=e1c2bdd4f6074eff8bbe794f627ce5a7&thumb=Y,https://culture.seoul.go.kr/culture/culture/cultureEvent/view.do?cultcode=158456&menuNo=200011,
2026-08-24T04:30:54.145843+09:00,청담동 명품거리,청담동 명품거리,POI080,KEY_1,[한솥아트스페이스] 이상원 개인전 [레스토피아 : RESTOPIA],2026-08-08~2026-09-19,한솥아트스페이스(서울시 강남구 압구정로 459 B1F),127.047030515103,37.5254941585008,N,https://culture.seoul.go.kr/cmmn/file/getImage.do?atchFileId=d10e584593fb4a95a3cb81e11e4822d0&thumb=Y,https://culture.seoul.go.kr/culture/culture/cultureEvent/view.do?cultcode=158934&menuNo=200009,
2026-08-24T04:30:54.145843+09:00,강남역,강남역,POI014,KEY_3,[역삼푸른솔도서관] 문장과 문장 사이， 번역의 세계,2026-08-21~2026-08-28,강남구립 역삼푸른솔도서관 프로그램실,127.032028764698,37.496499181425,N,https://culture.seoul.go.kr/cmmn/file/getImage.do?atchFileId=1717c00dac1b400cbfddb4c12a4cadd6&thumb=Y,https://culture.seoul.go.kr/culture/culture/cultureEvent/view.do?cultcode=159034&menuNo=200011,
2026-08-24T04:30:54.145843+09:00,동대문역,동대문역,POI024,KEY_4,[서울시] 2026 오간수교 미디어파사드 사계1 전시 [청계 리브(LIVE): 초록 스프링],2026-05-01~2026-08-31,오간수교(서울시 종로구 율곡로 오간수문지),127.009563045226,37.5696901908894,,https://culture.seoul.go.kr/cmmn/file/getImage.do?atchFileId=7b7e9cf869254bed97acd714f44811b8&thumb=Y,https://culture.seoul.go.kr/culture/culture/cultureEvent/view.do?cultcode=157915&menuNo=200009,
2026-08-24T04:30:54.145843+09:00,사당역,사당역,POI029,KEY_4,[서울시립 남서울미술관] 2026년 한국 대표 조각가전 《조숙진: 지나가는 자리》,2026-07-29~2026-11-15,서울시립 남서울미술관 1층 야외， 2층 전시실,126.979465861688,37.4760535374985,,https://culture.seoul.go.kr/cmmn/file/getImage.do?atchFileId=aed5b82f656b4da18eed358532b288ae&thumb=Y,https://culture.seoul.go.kr/culture/culture/cultureEvent/view.do?cultcode=158469&menuNo=200009,
2026-08-24T04:30:54.145843+09:00,성신여대입구역,성신여대입구역,POI035,KEY_2,2026 생애주기별 문화예술교육 지원사업 '꿈다락 문화예술학교' [사람책 프로젝트X노년 : 인생 레시피],2026-06-29~2026-10-19,성신여대입구역 부근 연습실 (추후 공지),127.017350855582,37.5916469719941,,https://culture.seoul.go.kr/cmmn/file/getImage.do?atchFileId=db84a18e36484d018ee8ace1a7643c85&thumb=Y,https://culture.seoul.go.kr/culture/culture/cultureEvent/view.do?cultcode=158251&menuNo=200011,
2026-08-24T05:35:58.254641+09:00,북서울꿈의숲,북서울꿈의숲,POI096,KEY_1,[세종문화회관] 2026 상상톡톡미술관 기획전시 [빠씨를 찾아서],2026-07-11~2026-10-25,북서울꿈의숲 상상톡톡미술관,127.04139068396867,37.62254520644527,,https://culture.seoul.go.kr/cmmn/file/getImage.do?atchFileId=bf0370292aa74772a8e9a413a3196fbf&thumb=Y,https://culture.seoul.go.kr/culture/culture/cultureEvent/view.do?cultcode=158234&menuNo=200009,
2026-08-24T05:35:58.254641+09:00,이촌한강공원,이촌한강공원,POI108,KEY_4,2026 한강이야기여행 [한강역사탐방],2026-04-20~2026-11-15,광나루， 잠실， 뚝섬， 잠원， 반포， 이촌， 여의도， 양화， 난지， 망원， 강서,126.970577601301,37.5172524381641,,https://culture.seoul.go.kr/cmmn/file/getImage.do?atchFileId=f4d68594fb0a4a329acc12a6796064fd&thumb=Y,https://culture.seoul.go.kr/culture/culture/cultureEvent/view.do?cultcode=157700&menuNo=200011,
2026-08-24T05:35:58.254641+09:00,덕수궁길·정동길,덕수궁길·정동길,POI064,KEY_4,누구나 청춘무대 [청춘가요마당],2026-06-24~2026-08-26,문화일보홀,126.968689785217,37.5671088579851,N,https://culture.seoul.go.kr/cmmn/file/getImage.do?atchFileId=9f819e7b81bc410cbf59ae5dfbfeb3d7&thumb=Y,https://culture.seoul.go.kr/culture/culture/cultureEvent/view.do?cultcode=158331&menuNo=200011,
2026-08-24T05:35:58.254641+09:00,성수카페거리,성수카페거리,POI068,KEY_4,섬유기획전 [안식의 결 Texture of Rest],2026-07-24~2026-10-02,우란문화재단 우란1경， 우란2경,127.054416929987,37.5437897702564,N,https://culture.seoul.go.kr/cmmn/file/getImage.do?atchFileId=6cd09d6c58bb4c5ab2d963489874ec5b&thumb=Y,https://culture.seoul.go.kr/culture/culture/cultureEvent/view.do?cultcode=159117&menuNo=200009,
2026-08-24T05:35:58.254641+09:00,여의도,여의도,POI072,KEY_4,서울달(SEOULDAL),2024-08-23~2029-12-30,여의도공원(영등포구 여의공원로 68-1),126.922284053463,37.5268088229325,,https://culture.seoul.go.kr/cmmn/file/getImage.do?atchFileId=3c7de3c29fec46388d3882ec1be0d953&thumb=Y,https://culture.seoul.go.kr/culture/culture/cultureEvent/view.do?cultcode=149167&menuNo=200013,
2026-08-24T05:35:58.254641+09:00,익선동,익선동,POI116,KEY_1,2026 길 위의 인문학·지혜학교 [현대 도시의 담(淡) 프로젝트] 비움으로 채우는 삶의 수묵화,2026-07-24~2026-10-23,서울시 종로구 삼일대로 28길16， 5층 대한민국전통예술전승원,126.988861161086,37.5735402753764,,https://culture.seoul.go.kr/cmmn/file/getImage.do?atchFileId=e1c2bdd4f6074eff8bbe794f627ce5a7&thumb=Y,https://culture.seoul.go.kr/culture/culture/cultureEvent/view.do?cultcode=158456&menuNo=200011,
2026-08-24T05:35:58.254641+09:00,청담동 명품거리,청담동 명품거리,POI080,KEY_1,[한솥아트스페이스] 이상원 개인전 [레스토피아 : RESTOPIA],2026-08-08~2026-09-19,한솥아트스페이스(서울시 강남구 압구정로 459 B1F),127.047030515103,37.5254941585008,N,https://culture.seoul.go.kr/cmmn/file/getImage.do?atchFileId=d10e584593fb4a95a3cb81e11e4822d0&thumb=Y,https://culture.seoul.go.kr/culture/culture/cultureEvent/view.do?cultcode=158934&menuNo=200009,
2026-08-24T05:35:58.254641+09:00,강남역,강남역,POI014,KEY_3,[역삼푸른솔도서관] 문장과 문장 사이， 번역의 세계,2026-08-21~2026-08-28,강남구립 역삼푸른솔도서관 프로그램실,127.032028764698,37.496499181425,N,https://culture.seoul.go.kr/cmmn/file/getImage.do?atchFileId=1717c00dac1b400cbfddb4c12a4cadd6&thumb=Y,https://culture.seoul.go.kr/culture/culture/cultureEvent/view.do?cultcode=159034&menuNo=200011,
2026-08-24T05:35:58.254641+09:00,동대문역,동대문역,POI024,KEY_4,[서울시] 2026 오간수교 미디어파사드 사계1 전시 [청계 리브(LIVE): 초록 스프링],2026-05-01~2026-08-31,오간수교(서울시 종로구 율곡로 오간수문지),127.009563045226,37.5696901908894,,https://culture.seoul.go.kr/cmmn/file/getImage.do?atchFileId=7b7e9cf869254bed97acd714f44811b8&thumb=Y,https://culture.seoul.go.kr/culture/culture/cultureEvent/view.do?cultcode=157915&menuNo=200009,
2026-08-24T05:35:58.254641+09:00,사당역,사당역,POI029,KEY_4,[서울시립 남서울미술관] 2026년 한국 대표 조각가전 《조숙진: 지나가는 자리》,2026-07-29~2026-11-15,서울시립 남서울미술관 1층 야외， 2층 전시실,126.979465861688,37.4760535374985,,https://culture.seoul.go.kr/cmmn/file/getImage.do?atchFileId=aed5b82f656b4da18eed358532b288ae&thumb=Y,https://culture.seoul.go.kr/culture/culture/cultureEvent/view.do?cultcode=158469&menuNo=200009,
2026-08-24T05:35:58.254641+09:00,성신여대입구역,성신여대입구역,POI035,KEY_2,2026 생애주기별 문화예술교육 지원사업 '꿈다락 문화예술학교' [사람책 프로젝트X노년 : 인생 레시피],2026-06-29~2026-10-19,성신여대입구역 부근 연습실 (추후 공지),127.017350855582,37.5916469719941,,https://culture.seoul.go.kr/cmmn/file/getImage.do?atchFileId=db84a18e36484d018ee8ace1a7643c85&thumb=Y,https://culture.seoul.go.kr/culture/culture/cultureEvent/view.do?cultcode=158251&menuNo=200011,
2026-08-24T06:31:49.321278+09:00,북서울꿈의숲,북서울꿈의숲,POI096,KEY_1,[세종문화회관] 2026 상상톡톡미술관 기획전시 [빠씨를 찾아서],2026-07-11~2026-10-25,북서울꿈의숲 상상톡톡미술관,127.04139068396867,37.62254520644527,,https://culture.seoul.go.kr/cmmn/file/getImage.do?atchFileId=bf0370292aa74772a8e9a413a3196fbf&thumb=Y,https://culture.seoul.go.kr/culture/culture/cultureEvent/view.do?cultcode=158234&menuNo=200009,
2026-08-24T06:31:49.321278+09:00,이촌한강공원,이촌한강공원,POI108,KEY_4,2026 한강이야기여행 [한강역사탐방],2026-04-20~2026-11-15,광나루， 잠실， 뚝섬， 잠원， 반포， 이촌， 여의도， 양화， 난지， 망원， 강서,126.970577601301,37.5172524381641,,https://culture.seoul.go.kr/cmmn/file/getImage.do?atchFileId=f4d68594fb0a4a329acc12a6796064fd&thumb=Y,https://culture.seoul.go.kr/culture/culture/cultureEvent/view.do?cultcode=157700&menuNo=200011,
2026-08-24T06:31:49.321278+09:00,덕수궁길·정동길,덕수궁길·정동길,POI064,KEY_4,누구나 청춘무대 [청춘가요마당],2026-06-24~2026-08-26,문화일보홀,126.968689785217,37.5671088579851,N,https://culture.seoul.go.kr/cmmn/file/getImage.do?atchFileId=9f819e7b81bc410cbf59ae5dfbfeb3d7&thumb=Y,https://culture.seoul.go.kr/culture/culture/cultureEvent/view.do?cultcode=158331&menuNo=200011,
2026-08-24T06:31:49.321278+09:00,성수카페거리,성수카페거리,POI068,KEY_4,섬유기획전 [안식의 결 Texture of Rest],2026-07-24~2026-10-02,우란문화재단 우란1경， 우란2경,127.054416929987,37.5437897702564,N,https://culture.seoul.go.kr/cmmn/file/getImage.do?atchFileId=6cd09d6c58bb4c5ab2d963489874ec5b&thumb=Y,https://culture.seoul.go.kr/culture/culture/cultureEvent/view.do?cultcode=159117&menuNo=200009,
2026-08-24T06:31:49.321278+09:00,여의도,여의도,POI072,KEY_4,서울달(SEOULDAL),2024-08-23~2029-12-30,여의도공원(영등포구 여의공원로 68-1),126.922284053463,37.5268088229325,,https://culture.seoul.go.kr/cmmn/file/getImage.do?atchFileId=3c7de3c29fec46388d3882ec1be0d953&thumb=Y,https://culture.seoul.go.kr/culture/culture/cultureEvent/view.do?cultcode=149167&menuNo=200013,
2026-08-24T06:31:49.321278+09:00,익선동,익선동,POI116,KEY_1,2026 길 위의 인문학·지혜학교 [현대 도시의 담(淡) 프로젝트] 비움으로 채우는 삶의 수묵화,2026-07-24~2026-10-23,서울시 종로구 삼일대로 28길16， 5층 대한민국전통예술전승원,126.988861161086,37.5735402753764,,https://culture.seoul.go.kr/cmmn/file/getImage.do?atchFileId=e1c2bdd4f6074eff8bbe794f627ce5a7&thumb=Y,https://culture.seoul.go.kr/culture/culture/cultureEvent/view.do?cultcode=158456&menuNo=200011,
2026-08-24T06:31:49.321278+09:00,청담동 명품거리,청담동 명품거리,POI080,KEY_1,[한솥아트스페이스] 이상원 개인전 [레스토피아 : RESTOPIA],2026-08-08~2026-09-19,한솥아트스페이스(서울시 강남구 압구정로 459 B1F),127.047030515103,37.5254941585008,N,https://culture.seoul.go.kr/cmmn/file/getImage.do?atchFileId=d10e584593fb4a95a3cb81e11e4822d0&thumb=Y,https://culture.seoul.go.kr/culture/culture/cultureEvent/view.do?cultcode=158934&menuNo=200009,
2026-08-24T06:31:49.321278+09:00,강남역,강남역,POI014,KEY_3,[역삼푸른솔도서관] 문장과 문장 사이， 번역의 세계,2026-08-21~2026-08-28,강남구립 역삼푸른솔도서관 프로그램실,127.032028764698,37.496499181425,N,https://culture.seoul.go.kr/cmmn/file/getImage.do?atchFileId=1717c00dac1b400cbfddb4c12a4cadd6&thumb=Y,https://culture.seoul.go.kr/culture/culture/cultureEvent/view.do?cultcode=159034&menuNo=200011,
2026-08-24T06:31:49.321278+09:00,동대문역,동대문역,POI024,KEY_4,[서울시] 2026 오간수교 미디어파사드 사계1 전시 [청계 리브(LIVE): 초록 스프링],2026-05-01~2026-08-31,오간수교(서울시 종로구 율곡로 오간수문지),127.009563045226,37.5696901908894,,https://culture.seoul.go.kr/cmmn/file/getImage.do?atchFileId=7b7e9cf869254bed97acd714f44811b8&thumb=Y,https://culture.seoul.go.kr/culture/culture/cultureEvent/view.do?cultcode=157915&menuNo=200009,
2026-08-24T06:31:49.321278+09:00,사당역,사당역,POI029,KEY_4,[서울시립 남서울미술관] 2026년 한국 대표 조각가전 《조숙진: 지나가는 자리》,2026-07-29~2026-11-15,서울시립 남서울미술관 1층 야외， 2층 전시실,126.979465861688,37.4760535374985,,https://culture.seoul.go.kr/cmmn/file/getImage.do?atchFileId=aed5b82f656b4da18eed358532b288ae&thumb=Y,https://culture.seoul.go.kr/culture/culture/cultureEvent/view.do?cultcode=158469&menuNo=200009,
2026-08-24T06:31:49.321278+09:00,성신여대입구역,성신여대입구역,POI035,KEY_2,2026 생애주기별 문화예술교육 지원사업 '꿈다락 문화예술학교' [사람책 프로젝트X노년 : 인생 레시피],2026-06-29~2026-10-19,성신여대입구역 부근 연습실 (추후 공지),127.017350855582,37.5916469719941,,https://culture.seoul.go.kr/cmmn/file/getImage.do?atchFileId=db84a18e36484d018ee8ace1a7643c85&thumb=Y,https://culture.seoul.go.kr/culture/culture/cultureEvent/view.do?cultcode=158251&menuNo=200011,
2026-08-24T08:31:36.847696+09:00,북서울꿈의숲,북서울꿈의숲,POI096,KEY_1,[세종문화회관] 2026 상상톡톡미술관 기획전시 [빠씨를 찾아서],2026-07-11~2026-10-25,북서울꿈의숲 상상톡톡미술관,127.04139068396867,37.62254520644527,,https://culture.seoul.go.kr/cmmn/file/getImage.do?atchFileId=bf0370292aa74772a8e9a413a3196fbf&thumb=Y,https://culture.seoul.go.kr/culture/culture/cultureEvent/view.do?cultcode=158234&menuNo=200009,
2026-08-24T08:31:36.847696+09:00,이촌한강공원,이촌한강공원,POI108,KEY_4,2026 한강이야기여행 [한강역사탐방],2026-04-20~2026-11-15,광나루， 잠실， 뚝섬， 잠원， 반포， 이촌， 여의도， 양화， 난지， 망원， 강서,126.970577601301,37.5172524381641,,https://culture.seoul.go.kr/cmmn/file/getImage.do?atchFileId=f4d68594fb0a4a329acc12a6796064fd&thumb=Y,https://culture.seoul.go.kr/culture/culture/cultureEvent/view.do?cultcode=157700&menuNo=200011,
2026-08-24T08:31:36.847696+09:00,덕수궁길·정동길,덕수궁길·정동길,POI064,KEY_4,누구나 청춘무대 [청춘가요마당],2026-06-24~2026-08-26,문화일보홀,126.968689785217,37.5671088579851,N,https://culture.seoul.go.kr/cmmn/file/getImage.do?atchFileId=9f819e7b81bc410cbf59ae5dfbfeb3d7&thumb=Y,https://culture.seoul.go.kr/culture/culture/cultureEvent/view.do?cultcode=158331&menuNo=200011,
2026-08-24T08:31:36.847696+09:00,성수카페거리,성수카페거리,POI068,KEY_4,섬유기획전 [안식의 결 Texture of Rest],2026-07-24~2026-10-02,우란문화재단 우란1경， 우란2경,127.054416929987,37.5437897702564,N,https://culture.seoul.go.kr/cmmn/file/getImage.do?atchFileId=6cd09d6c58bb4c5ab2d963489874ec5b&thumb=Y,https://culture.seoul.go.kr/culture/culture/cultureEvent/view.do?cultcode=159117&menuNo=200009,
2026-08-24T08:31:36.847696+09:00,여의도,여의도,POI072,KEY_4,서울달(SEOULDAL),2024-08-23~2029-12-30,여의도공원(영등포구 여의공원로 68-1),126.922284053463,37.5268088229325,,https://culture.seoul.go.kr/cmmn/file/getImage.do?atchFileId=3c7de3c29fec46388d3882ec1be0d953&thumb=Y,https://culture.seoul.go.kr/culture/culture/cultureEvent/view.do?cultcode=149167&menuNo=200013,
2026-08-24T08:31:36.847696+09:00,익선동,익선동,POI116,KEY_1,2026 길 위의 인문학·지혜학교 [현대 도시의 담(淡) 프로젝트] 비움으로 채우는 삶의 수묵화,2026-07-24~2026-10-23,서울시 종로구 삼일대로 28길16， 5층 대한민국전통예술전승원,126.988861161086,37.5735402753764,,https://culture.seoul.go.kr/cmmn/file/getImage.do?atchFileId=e1c2bdd4f6074eff8bbe794f627ce5a7&thumb=Y,https://culture.seoul.go.kr/culture/culture/cultureEvent/view.do?cultcode=158456&menuNo=200011,
2026-08-24T08:31:36.847696+09:00,청담동 명품거리,청담동 명품거리,POI080,KEY_1,[한솥아트스페이스] 이상원 개인전 [레스토피아 : RESTOPIA],2026-08-08~2026-09-19,한솥아트스페이스(서울시 강남구 압구정로 459 B1F),127.047030515103,37.5254941585008,N,https://culture.seoul.go.kr/cmmn/file/getImage.do?atchFileId=d10e584593fb4a95a3cb81e11e4822d0&thumb=Y,https://culture.seoul.go.kr/culture/culture/cultureEvent/view.do?cultcode=158934&menuNo=200009,
2026-08-24T08:31:36.847696+09:00,강남역,강남역,POI014,KEY_3,[역삼푸른솔도서관] 문장과 문장 사이， 번역의 세계,2026-08-21~2026-08-28,강남구립 역삼푸른솔도서관 프로그램실,127.032028764698,37.496499181425,N,https://culture.seoul.go.kr/cmmn/file/getImage.do?atchFileId=1717c00dac1b400cbfddb4c12a4cadd6&thumb=Y,https://culture.seoul.go.kr/culture/culture/cultureEvent/view.do?cultcode=159034&menuNo=200011,
2026-08-24T08:31:36.847696+09:00,동대문역,동대문역,POI024,KEY_4,[서울시] 2026 오간수교 미디어파사드 사계1 전시 [청계 리브(LIVE): 초록 스프링],2026-05-01~2026-08-31,오간수교(서울시 종로구 율곡로 오간수문지),127.009563045226,37.5696901908894,,https://culture.seoul.go.kr/cmmn/file/getImage.do?atchFileId=7b7e9cf869254bed97acd714f44811b8&thumb=Y,https://culture.seoul.go.kr/culture/culture/cultureEvent/view.do?cultcode=157915&menuNo=200009,
2026-08-24T08:31:36.847696+09:00,사당역,사당역,POI029,KEY_4,[서울시립 남서울미술관] 2026년 한국 대표 조각가전 《조숙진: 지나가는 자리》,2026-07-29~2026-11-15,서울시립 남서울미술관 1층 야외， 2층 전시실,126.979465861688,37.4760535374985,,https://culture.seoul.go.kr/cmmn/file/getImage.do?atchFileId=aed5b82f656b4da18eed358532b288ae&thumb=Y,https://culture.seoul.go.kr/culture/culture/cultureEvent/view.do?cultcode=158469&menuNo=200009,
2026-08-24T08:31:36.847696+09:00,성신여대입구역,성신여대입구역,POI035,KEY_2,2026 생애주기별 문화예술교육 지원사업 '꿈다락 문화예술학교' [사람책 프로젝트X노년 : 인생 레시피],2026-06-29~2026-10-19,성신여대입구역 부근 연습실 (추후 공지),127.017350855582,37.5916469719941,,https://culture.seoul.go.kr/cmmn/file/getImage.do?atchFileId=db84a18e36484d018ee8ace1a7643c85&thumb=Y,https://culture.seoul.go.kr/culture/culture/cultureEvent/view.do?cultcode=158251&menuNo=200011,
2026-08-24T10:54:09.771800+09:00,북서울꿈의숲,북서울꿈의숲,POI096,KEY_1,[세종문화회관] 2026 상상톡톡미술관 기획전시 [빠씨를 찾아서],2026-07-11~2026-10-25,북서울꿈의숲 상상톡톡미술관,127.04139068396867,37.62254520644527,,https://culture.seoul.go.kr/cmmn/file/getImage.do?atchFileId=bf0370292aa74772a8e9a413a3196fbf&thumb=Y,https://culture.seoul.go.kr/culture/culture/cultureEvent/view.do?cultcode=158234&menuNo=200009,
2026-08-24T10:54:09.771800+09:00,이촌한강공원,이촌한강공원,POI108,KEY_4,2026 한강이야기여행 [한강역사탐방],2026-04-20~2026-11-15,광나루， 잠실， 뚝섬， 잠원， 반포， 이촌， 여의도， 양화， 난지， 망원， 강서,126.970577601301,37.5172524381641,,https://culture.seoul.go.kr/cmmn/file/getImage.do?atchFileId=f4d68594fb0a4a329acc12a6796064fd&thumb=Y,https://culture.seoul.go.kr/culture/culture/cultureEvent/view.do?cultcode=157700&menuNo=200011,
2026-08-24T10:54:09.771800+09:00,덕수궁길·정동길,덕수궁길·정동길,POI064,KEY_4,누구나 청춘무대 [청춘가요마당],2026-06-24~2026-08-26,문화일보홀,126.968689785217,37.5671088579851,N,https://culture.seoul.go.kr/cmmn/file/getImage.do?atchFileId=9f819e7b81bc410cbf59ae5dfbfeb3d7&thumb=Y,https://culture.seoul.go.kr/culture/culture/cultureEvent/view.do?cultcode=158331&menuNo=200011,
2026-08-24T10:54:09.771800+09:00,성수카페거리,성수카페거리,POI068,KEY_4,섬유기획전 [안식의 결 Texture of Rest],2026-07-24~2026-10-02,우란문화재단 우란1경， 우란2경,127.054416929987,37.5437897702564,N,https://culture.seoul.go.kr/cmmn/file/getImage.do?atchFileId=6cd09d6c58bb4c5ab2d963489874ec5b&thumb=Y,https://culture.seoul.go.kr/culture/culture/cultureEvent/view.do?cultcode=159117&menuNo=200009,
2026-08-24T10:54:09.771800+09:00,여의도,여의도,POI072,KEY_4,서울달(SEOULDAL),2024-08-23~2029-12-30,여의도공원(영등포구 여의공원로 68-1),126.922284053463,37.5268088229325,,https://culture.seoul.go.kr/cmmn/file/getImage.do?atchFileId=3c7de3c29fec46388d3882ec1be0d953&thumb=Y,https://culture.seoul.go.kr/culture/culture/cultureEvent/view.do?cultcode=149167&menuNo=200013,
2026-08-24T10:54:09.771800+09:00,익선동,익선동,POI116,KEY_1,2026 길 위의 인문학·지혜학교 [현대 도시의 담(淡) 프로젝트] 비움으로 채우는 삶의 수묵화,2026-07-24~2026-10-23,서울시 종로구 삼일대로 28길16， 5층 대한민국전통예술전승원,126.988861161086,37.5735402753764,,https://culture.seoul.go.kr/cmmn/file/getImage.do?atchFileId=e1c2bdd4f6074eff8bbe794f627ce5a7&thumb=Y,https://culture.seoul.go.kr/culture/culture/cultureEvent/view.do?cultcode=158456&menuNo=200011,
2026-08-24T10:54:09.771800+09:00,청담동 명품거리,청담동 명품거리,POI080,KEY_1,[한솥아트스페이스] 이상원 개인전 [레스토피아 : RESTOPIA],2026-08-08~2026-09-19,한솥아트스페이스(서울시 강남구 압구정로 459 B1F),127.047030515103,37.5254941585008,N,https://culture.seoul.go.kr/cmmn/file/getImage.do?atchFileId=d10e584593fb4a95a3cb81e11e4822d0&thumb=Y,https://culture.seoul.go.kr/culture/culture/cultureEvent/view.do?cultcode=158934&menuNo=200009,
2026-08-24T10:54:09.771800+09:00,강남역,강남역,POI014,KEY_3,[역삼푸른솔도서관] 문장과 문장 사이， 번역의 세계,2026-08-21~2026-08-28,강남구립 역삼푸른솔도서관 프로그램실,127.032028764698,37.496499181425,N,https://culture.seoul.go.kr/cmmn/file/getImage.do?atchFileId=1717c00dac1b400cbfddb4c12a4cadd6&thumb=Y,https://culture.seoul.go.kr/culture/culture/cultureEvent/view.do?cultcode=159034&menuNo=200011,
2026-08-24T10:54:09.771800+09:00,동대문역,동대문역,POI024,KEY_4,[서울시] 2026 오간수교 미디어파사드 사계1 전시 [청계 리브(LIVE): 초록 스프링],2026-05-01~2026-08-31,오간수교(서울시 종로구 율곡로 오간수문지),127.009563045226,37.5696901908894,,https://culture.seoul.go.kr/cmmn/file/getImage.do?atchFileId=7b7e9cf869254bed97acd714f44811b8&thumb=Y,https://culture.seoul.go.kr/culture/culture/cultureEvent/view.do?cultcode=157915&menuNo=200009,
2026-08-24T10:54:09.771800+09:00,사당역,사당역,POI029,KEY_4,[서울시립 남서울미술관] 2026년 한국 대표 조각가전 《조숙진: 지나가는 자리》,2026-07-29~2026-11-15,서울시립 남서울미술관 1층 야외， 2층 전시실,126.979465861688,37.4760535374985,,https://culture.seoul.go.kr/cmmn/file/getImage.do?atchFileId=aed5b82f656b4da18eed358532b288ae&thumb=Y,https://culture.seoul.go.kr/culture/culture/cultureEvent/view.do?cultcode=158469&menuNo=200009,
2026-08-24T10:54:09.771800+09:00,성신여대입구역,성신여대입구역,POI035,KEY_2,2026 생애주기별 문화예술교육 지원사업 '꿈다락 문화예술학교' [사람책 프로젝트X노년 : 인생 레시피],2026-06-29~2026-10-19,성신여대입구역 부근 연습실 (추후 공지),127.017350855582,37.5916469719941,,https://culture.seoul.go.kr/cmmn/file/getImage.do?atchFileId=db84a18e36484d018ee8ace1a7643c85&thumb=Y,https://culture.seoul.go.kr/culture/culture/cultureEvent/view.do?cultcode=158251&menuNo=200011,
2026-08-24T12:14:33.257793+09:00,북서울꿈의숲,북서울꿈의숲,POI096,KEY_1,[세종문화회관] 2026 상상톡톡미술관 기획전시 [빠씨를 찾아서],2026-07-11~2026-10-25,북서울꿈의숲 상상톡톡미술관,127.04139068396867,37.62254520644527,,https://culture.seoul.go.kr/cmmn/file/getImage.do?atchFileId=bf0370292aa74772a8e9a413a3196fbf&thumb=Y,https://culture.seoul.go.kr/culture/culture/cultureEvent/view.do?cultcode=158234&menuNo=200009,
2026-08-24T12:14:33.257793+09:00,이촌한강공원,이촌한강공원,POI108,KEY_4,2026 한강이야기여행 [한강역사탐방],2026-04-20~2026-11-15,광나루， 잠실， 뚝섬， 잠원， 반포， 이촌， 여의도， 양화， 난지， 망원， 강서,126.970577601301,37.5172524381641,,https://culture.seoul.go.kr/cmmn/file/getImage.do?atchFileId=f4d68594fb0a4a329acc12a6796064fd&thumb=Y,https://culture.seoul.go.kr/culture/culture/cultureEvent/view.do?cultcode=157700&menuNo=200011,
2026-08-24T12:14:33.257793+09:00,덕수궁길·정동길,덕수궁길·정동길,POI064,KEY_4,누구나 청춘무대 [청춘가요마당],2026-06-24~2026-08-26,문화일보홀,126.968689785217,37.5671088579851,N,https://culture.seoul.go.kr/cmmn/file/getImage.do?atchFileId=9f819e7b81bc410cbf59ae5dfbfeb3d7&thumb=Y,https://culture.seoul.go.kr/culture/culture/cultureEvent/view.do?cultcode=158331&menuNo=200011,
2026-08-24T12:14:33.257793+09:00,성수카페거리,성수카페거리,POI068,KEY_4,섬유기획전 [안식의 결 Texture of Rest],2026-07-24~2026-10-02,우란문화재단 우란1경， 우란2경,127.054416929987,37.5437897702564,N,https://culture.seoul.go.kr/cmmn/file/getImage.do?atchFileId=6cd09d6c58bb4c5ab2d963489874ec5b&thumb=Y,https://culture.seoul.go.kr/culture/culture/cultureEvent/view.do?cultcode=159117&menuNo=200009,
2026-08-24T12:14:33.257793+09:00,여의도,여의도,POI072,KEY_4,서울달(SEOULDAL),2024-08-23~2029-12-30,여의도공원(영등포구 여의공원로 68-1),126.922284053463,37.5268088229325,,https://culture.seoul.go.kr/cmmn/file/getImage.do?atchFileId=3c7de3c29fec46388d3882ec1be0d953&thumb=Y,https://culture.seoul.go.kr/culture/culture/cultureEvent/view.do?cultcode=149167&menuNo=200013,
2026-08-24T12:14:33.257793+09:00,익선동,익선동,POI116,KEY_1,2026 길 위의 인문학·지혜학교 [현대 도시의 담(淡) 프로젝트] 비움으로 채우는 삶의 수묵화,2026-07-24~2026-10-23,서울시 종로구 삼일대로 28길16， 5층 대한민국전통예술전승원,126.988861161086,37.5735402753764,,https://culture.seoul.go.kr/cmmn/file/getImage.do?atchFileId=e1c2bdd4f6074eff8bbe794f627ce5a7&thumb=Y,https://culture.seoul.go.kr/culture/culture/cultureEvent/view.do?cultcode=158456&menuNo=200011,
2026-08-24T12:14:33.257793+09:00,청담동 명품거리,청담동 명품거리,POI080,KEY_1,[한솥아트스페이스] 이상원 개인전 [레스토피아 : RESTOPIA],2026-08-08~2026-09-19,한솥아트스페이스(서울시 강남구 압구정로 459 B1F),127.047030515103,37.5254941585008,N,https://culture.seoul.go.kr/cmmn/file/getImage.do?atchFileId=d10e584593fb4a95a3cb81e11e4822d0&thumb=Y,https://culture.seoul.go.kr/culture/culture/cultureEvent/view.do?cultcode=158934&menuNo=200009,
2026-08-24T12:14:33.257793+09:00,강남역,강남역,POI014,KEY_3,[역삼푸른솔도서관] 문장과 문장 사이， 번역의 세계,2026-08-21~2026-08-28,강남구립 역삼푸른솔도서관 프로그램실,127.032028764698,37.496499181425,N,https://culture.seoul.go.kr/cmmn/file/getImage.do?atchFileId=1717c00dac1b400cbfddb4c12a4cadd6&thumb=Y,https://culture.seoul.go.kr/culture/culture/cultureEvent/view.do?cultcode=159034&menuNo=200011,
2026-08-24T12:14:33.257793+09:00,동대문역,동대문역,POI024,KEY_4,[서울시] 2026 오간수교 미디어파사드 사계1 전시 [청계 리브(LIVE): 초록 스프링],2026-05-01~2026-08-31,오간수교(서울시 종로구 율곡로 오간수문지),127.009563045226,37.5696901908894,,https://culture.seoul.go.kr/cmmn/file/getImage.do?atchFileId=7b7e9cf869254bed97acd714f44811b8&thumb=Y,https://culture.seoul.go.kr/culture/culture/cultureEvent/view.do?cultcode=157915&menuNo=200009,
2026-08-24T12:14:33.257793+09:00,사당역,사당역,POI029,KEY_4,[서울시립 남서울미술관] 2026년 한국 대표 조각가전 《조숙진: 지나가는 자리》,2026-07-29~2026-11-15,서울시립 남서울미술관 1층 야외， 2층 전시실,126.979465861688,37.4760535374985,,https://culture.seoul.go.kr/cmmn/file/getImage.do?atchFileId=aed5b82f656b4da18eed358532b288ae&thumb=Y,https://culture.seoul.go.kr/culture/culture/cultureEvent/view.do?cultcode=158469&menuNo=200009,
2026-08-24T12:14:33.257793+09:00,성신여대입구역,성신여대입구역,POI035,KEY_2,2026 생애주기별 문화예술교육 지원사업 '꿈다락 문화예술학교' [사람책 프로젝트X노년 : 인생 레시피],2026-06-29~2026-10-19,성신여대입구역 부근 연습실 (추후 공지),127.017350855582,37.5916469719941,,https://culture.seoul.go.kr/cmmn/file/getImage.do?atchFileId=db84a18e36484d018ee8ace1a7643c85&thumb=Y,https://culture.seoul.go.kr/culture/culture/cultureEvent/view.do?cultcode=158251&menuNo=200011,
2026-08-24T13:57:25.974821+09:00,북서울꿈의숲,북서울꿈의숲,POI096,KEY_1,[세종문화회관] 2026 상상톡톡미술관 기획전시 [빠씨를 찾아서],2026-07-11~2026-10-25,북서울꿈의숲 상상톡톡미술관,127.04139068396867,37.62254520644527,,https://culture.seoul.go.kr/cmmn/file/getImage.do?atchFileId=bf0370292aa74772a8e9a413a3196fbf&thumb=Y,https://culture.seoul.go.kr/culture/culture/cultureEvent/view.do?cultcode=158234&menuNo=200009,
2026-08-24T13:57:25.974821+09:00,이촌한강공원,이촌한강공원,POI108,KEY_4,2026 한강이야기여행 [한강역사탐방],2026-04-20~2026-11-15,광나루， 잠실， 뚝섬， 잠원， 반포， 이촌， 여의도， 양화， 난지， 망원， 강서,126.970577601301,37.5172524381641,,https://culture.seoul.go.kr/cmmn/file/getImage.do?atchFileId=f4d68594fb0a4a329acc12a6796064fd&thumb=Y,https://culture.seoul.go.kr/culture/culture/cultureEvent/view.do?cultcode=157700&menuNo=200011,
2026-08-24T13:57:25.974821+09:00,덕수궁길·정동길,덕수궁길·정동길,POI064,KEY_4,누구나 청춘무대 [청춘가요마당],2026-06-24~2026-08-26,문화일보홀,126.968689785217,37.5671088579851,N,https://culture.seoul.go.kr/cmmn/file/getImage.do?atchFileId=9f819e7b81bc410cbf59ae5dfbfeb3d7&thumb=Y,https://culture.seoul.go.kr/culture/culture/cultureEvent/view.do?cultcode=158331&menuNo=200011,
2026-08-24T13:57:25.974821+09:00,성수카페거리,성수카페거리,POI068,KEY_4,섬유기획전 [안식의 결 Texture of Rest],2026-07-24~2026-10-02,우란문화재단 우란1경， 우란2경,127.054416929987,37.5437897702564,N,https://culture.seoul.go.kr/cmmn/file/getImage.do?atchFileId=6cd09d6c58bb4c5ab2d963489874ec5b&thumb=Y,https://culture.seoul.go.kr/culture/culture/cultureEvent/view.do?cultcode=159117&menuNo=200009,
2026-08-24T13:57:25.974821+09:00,여의도,여의도,POI072,KEY_4,서울달(SEOULDAL),2024-08-23~2029-12-30,여의도공원(영등포구 여의공원로 68-1),126.922284053463,37.5268088229325,,https://culture.seoul.go.kr/cmmn/file/getImage.do?atchFileId=3c7de3c29fec46388d3882ec1be0d953&thumb=Y,https://culture.seoul.go.kr/culture/culture/cultureEvent/view.do?cultcode=149167&menuNo=200013,
2026-08-24T13:57:25.974821+09:00,익선동,익선동,POI116,KEY_1,2026 길 위의 인문학·지혜학교 [현대 도시의 담(淡) 프로젝트] 비움으로 채우는 삶의 수묵화,2026-07-24~2026-10-23,서울시 종로구 삼일대로 28길16， 5층 대한민국전통예술전승원,126.988861161086,37.5735402753764,,https://culture.seoul.go.kr/cmmn/file/getImage.do?atchFileId=e1c2bdd4f6074eff8bbe794f627ce5a7&thumb=Y,https://culture.seoul.go.kr/culture/culture/cultureEvent/view.do?cultcode=158456&menuNo=200011,
2026-08-24T13:57:25.974821+09:00,청담동 명품거리,청담동 명품거리,POI080,KEY_1,[한솥아트스페이스] 이상원 개인전 [레스토피아 : RESTOPIA],2026-08-08~2026-09-19,한솥아트스페이스(서울시 강남구 압구정로 459 B1F),127.047030515103,37.5254941585008,N,https://culture.seoul.go.kr/cmmn/file/getImage.do?atchFileId=d10e584593fb4a95a3cb81e11e4822d0&thumb=Y,https://culture.seoul.go.kr/culture/culture/cultureEvent/view.do?cultcode=158934&menuNo=200009,
2026-08-24T13:57:25.974821+09:00,강남역,강남역,POI014,KEY_3,[역삼푸른솔도서관] 문장과 문장 사이， 번역의 세계,2026-08-21~2026-08-28,강남구립 역삼푸른솔도서관 프로그램실,127.032028764698,37.496499181425,N,https://culture.seoul.go.kr/cmmn/file/getImage.do?atchFileId=1717c00dac1b400cbfddb4c12a4cadd6&thumb=Y,https://culture.seoul.go.kr/culture/culture/cultureEvent/view.do?cultcode=159034&menuNo=200011,
2026-08-24T13:57:25.974821+09:00,동대문역,동대문역,POI024,KEY_4,[서울시] 2026 오간수교 미디어파사드 사계1 전시 [청계 리브(LIVE): 초록 스프링],2026-05-01~2026-08-31,오간수교(서울시 종로구 율곡로 오간수문지),127.009563045226,37.5696901908894,,https://culture.seoul.go.kr/cmmn/file/getImage.do?atchFileId=7b7e9cf869254bed97acd714f44811b8&thumb=Y,https://culture.seoul.go.kr/culture/culture/cultureEvent/view.do?cultcode=157915&menuNo=200009,
2026-08-24T13:57:25.974821+09:00,사당역,사당역,POI029,KEY_4,[서울시립 남서울미술관] 2026년 한국 대표 조각가전 《조숙진: 지나가는 자리》,2026-07-29~2026-11-15,서울시립 남서울미술관 1층 야외， 2층 전시실,126.979465861688,37.4760535374985,,https://culture.seoul.go.kr/cmmn/file/getImage.do?atchFileId=aed5b82f656b4da18eed358532b288ae&thumb=Y,https://culture.seoul.go.kr/culture/culture/cultureEvent/view.do?cultcode=158469&menuNo=200009,
2026-08-24T13:57:25.974821+09:00,성신여대입구역,성신여대입구역,POI035,KEY_2,2026 생애주기별 문화예술교육 지원사업 '꿈다락 문화예술학교' [사람책 프로젝트X노년 : 인생 레시피],2026-06-29~2026-10-19,성신여대입구역 부근 연습실 (추후 공지),127.017350855582,37.5916469719941,,https://culture.seoul.go.kr/cmmn/file/getImage.do?atchFileId=db84a18e36484d018ee8ace1a7643c85&thumb=Y,https://culture.seoul.go.kr/culture/culture/cultureEvent/view.do?cultcode=158251&menuNo=200011,
2026-08-24T14:49:56.597698+09:00,북서울꿈의숲,북서울꿈의숲,POI096,KEY_1,[세종문화회관] 2026 상상톡톡미술관 기획전시 [빠씨를 찾아서],2026-07-11~2026-10-25,북서울꿈의숲 상상톡톡미술관,127.04139068396867,37.62254520644527,,https://culture.seoul.go.kr/cmmn/file/getImage.do?atchFileId=bf0370292aa74772a8e9a413a3196fbf&thumb=Y,https://culture.seoul.go.kr/culture/culture/cultureEvent/view.do?cultcode=158234&menuNo=200009,
2026-08-24T14:49:56.597698+09:00,이촌한강공원,이촌한강공원,POI108,KEY_4,2026 한강이야기여행 [한강역사탐방],2026-04-20~2026-11-15,광나루， 잠실， 뚝섬， 잠원， 반포， 이촌， 여의도， 양화， 난지， 망원， 강서,126.970577601301,37.5172524381641,,https://culture.seoul.go.kr/cmmn/file/getImage.do?atchFileId=f4d68594fb0a4a329acc12a6796064fd&thumb=Y,https://culture.seoul.go.kr/culture/culture/cultureEvent/view.do?cultcode=157700&menuNo=200011,
2026-08-24T14:49:56.597698+09:00,덕수궁길·정동길,덕수궁길·정동길,POI064,KEY_4,누구나 청춘무대 [청춘가요마당],2026-06-24~2026-08-26,문화일보홀,126.968689785217,37.5671088579851,N,https://culture.seoul.go.kr/cmmn/file/getImage.do?atchFileId=9f819e7b81bc410cbf59ae5dfbfeb3d7&thumb=Y,https://culture.seoul.go.kr/culture/culture/cultureEvent/view.do?cultcode=158331&menuNo=200011,
2026-08-24T14:49:56.597698+09:00,성수카페거리,성수카페거리,POI068,KEY_4,섬유기획전 [안식의 결 Texture of Rest],2026-07-24~2026-10-02,우란문화재단 우란1경， 우란2경,127.054416929987,37.5437897702564,N,https://culture.seoul.go.kr/cmmn/file/getImage.do?atchFileId=6cd09d6c58bb4c5ab2d963489874ec5b&thumb=Y,https://culture.seoul.go.kr/culture/culture/cultureEvent/view.do?cultcode=159117&menuNo=200009,
2026-08-24T14:49:56.597698+09:00,여의도,여의도,POI072,KEY_4,서울달(SEOULDAL),2024-08-23~2029-12-30,여의도공원(영등포구 여의공원로 68-1),126.922284053463,37.5268088229325,,https://culture.seoul.go.kr/cmmn/file/getImage.do?atchFileId=3c7de3c29fec46388d3882ec1be0d953&thumb=Y,https://culture.seoul.go.kr/culture/culture/cultureEvent/view.do?cultcode=149167&menuNo=200013,
2026-08-24T14:49:56.597698+09:00,익선동,익선동,POI116,KEY_1,2026 길 위의 인문학·지혜학교 [현대 도시의 담(淡) 프로젝트] 비움으로 채우는 삶의 수묵화,2026-07-24~2026-10-23,서울시 종로구 삼일대로 28길16， 5층 대한민국전통예술전승원,126.988861161086,37.5735402753764,,https://culture.seoul.go.kr/cmmn/file/getImage.do?atchFileId=e1c2bdd4f6074eff8bbe794f627ce5a7&thumb=Y,https://culture.seoul.go.kr/culture/culture/cultureEvent/view.do?cultcode=158456&menuNo=200011,
2026-08-24T14:49:56.597698+09:00,청담동 명품거리,청담동 명품거리,POI080,KEY_1,[한솥아트스페이스] 이상원 개인전 [레스토피아 : RESTOPIA],2026-08-08~2026-09-19,한솥아트스페이스(서울시 강남구 압구정로 459 B1F),127.047030515103,37.5254941585008,N,https://culture.seoul.go.kr/cmmn/file/getImage.do?atchFileId=d10e584593fb4a95a3cb81e11e4822d0&thumb=Y,https://culture.seoul.go.kr/culture/culture/cultureEvent/view.do?cultcode=158934&menuNo=200009,
2026-08-24T14:49:56.597698+09:00,강남역,강남역,POI014,KEY_3,[역삼푸른솔도서관] 문장과 문장 사이， 번역의 세계,2026-08-21~2026-08-28,강남구립 역삼푸른솔도서관 프로그램실,127.032028764698,37.496499181425,N,https://culture.seoul.go.kr/cmmn/file/getImage.do?atchFileId=1717c00dac1b400cbfddb4c12a4cadd6&thumb=Y,https://culture.seoul.go.kr/culture/culture/cultureEvent/view.do?cultcode=159034&menuNo=200011,
2026-08-24T14:49:56.597698+09:00,동대문역,동대문역,POI024,KEY_4,[서울시] 2026 오간수교 미디어파사드 사계1 전시 [청계 리브(LIVE): 초록 스프링],2026-05-01~2026-08-31,오간수교(서울시 종로구 율곡로 오간수문지),127.009563045226,37.5696901908894,,https://culture.seoul.go.kr/cmmn/file/getImage.do?atchFileId=7b7e9cf869254bed97acd714f44811b8&thumb=Y,https://culture.seoul.go.kr/culture/culture/cultureEvent/view.do?cultcode=157915&menuNo=200009,
2026-08-24T14:49:56.597698+09:00,사당역,사당역,POI029,KEY_4,[서울시립 남서울미술관] 2026년 한국 대표 조각가전 《조숙진: 지나가는 자리》,2026-07-29~2026-11-15,서울시립 남서울미술관 1층 야외， 2층 전시실,126.979465861688,37.4760535374985,,https://culture.seoul.go.kr/cmmn/file/getImage.do?atchFileId=aed5b82f656b4da18eed358532b288ae&thumb=Y,https://culture.seoul.go.kr/culture/culture/cultureEvent/view.do?cultcode=158469&menuNo=200009,
2026-08-24T14:49:56.597698+09:00,성신여대입구역,성신여대입구역,POI035,KEY_2,2026 생애주기별 문화예술교육 지원사업 '꿈다락 문화예술학교' [사람책 프로젝트X노년 : 인생 레시피],2026-06-29~2026-10-19,성신여대입구역 부근 연습실 (추후 공지),127.017350855582,37.5916469719941,,https://culture.seoul.go.kr/cmmn/file/getImage.do?atchFileId=db84a18e36484d018ee8ace1a7643c85&thumb=Y,https://culture.seoul.go.kr/culture/culture/cultureEvent/view.do?cultcode=158251&menuNo=200011,
2026-08-24T16:16:26.785751+09:00,북서울꿈의숲,북서울꿈의숲,POI096,KEY_1,[세종문화회관] 2026 상상톡톡미술관 기획전시 [빠씨를 찾아서],2026-07-11~2026-10-25,북서울꿈의숲 상상톡톡미술관,127.04139068396867,37.62254520644527,,https://culture.seoul.go.kr/cmmn/file/getImage.do?atchFileId=bf0370292aa74772a8e9a413a3196fbf&thumb=Y,https://culture.seoul.go.kr/culture/culture/cultureEvent/view.do?cultcode=158234&menuNo=200009,
2026-08-24T16:16:26.785751+09:00,이촌한강공원,이촌한강공원,POI108,KEY_4,2026 한강이야기여행 [한강역사탐방],2026-04-20~2026-11-15,광나루， 잠실， 뚝섬， 잠원， 반포， 이촌， 여의도， 양화， 난지， 망원， 강서,126.970577601301,37.5172524381641,,https://culture.seoul.go.kr/cmmn/file/getImage.do?atchFileId=f4d68594fb0a4a329acc12a6796064fd&thumb=Y,https://culture.seoul.go.kr/culture/culture/cultureEvent/view.do?cultcode=157700&menuNo=200011,
2026-08-24T16:16:26.785751+09:00,덕수궁길·정동길,덕수궁길·정동길,POI064,KEY_4,누구나 청춘무대 [청춘가요마당],2026-06-24~2026-08-26,문화일보홀,126.968689785217,37.5671088579851,N,https://culture.seoul.go.kr/cmmn/file/getImage.do?atchFileId=9f819e7b81bc410cbf59ae5dfbfeb3d7&thumb=Y,https://culture.seoul.go.kr/culture/culture/cultureEvent/view.do?cultcode=158331&menuNo=200011,
2026-08-24T16:16:26.785751+09:00,성수카페거리,성수카페거리,POI068,KEY_4,섬유기획전 [안식의 결 Texture of Rest],2026-07-24~2026-10-02,우란문화재단 우란1경， 우란2경,127.054416929987,37.5437897702564,N,https://culture.seoul.go.kr/cmmn/file/getImage.do?atchFileId=6cd09d6c58bb4c5ab2d963489874ec5b&thumb=Y,https://culture.seoul.go.kr/culture/culture/cultureEvent/view.do?cultcode=159117&menuNo=200009,
2026-08-24T16:16:26.785751+09:00,여의도,여의도,POI072,KEY_4,서울달(SEOULDAL),2024-08-23~2029-12-30,여의도공원(영등포구 여의공원로 68-1),126.922284053463,37.5268088229325,,https://culture.seoul.go.kr/cmmn/file/getImage.do?atchFileId=3c7de3c29fec46388d3882ec1be0d953&thumb=Y,https://culture.seoul.go.kr/culture/culture/cultureEvent/view.do?cultcode=149167&menuNo=200013,
2026-08-24T16:16:26.785751+09:00,익선동,익선동,POI116,KEY_1,2026 길 위의 인문학·지혜학교 [현대 도시의 담(淡) 프로젝트] 비움으로 채우는 삶의 수묵화,2026-07-24~2026-10-23,서울시 종로구 삼일대로 28길16， 5층 대한민국전통예술전승원,126.988861161086,37.5735402753764,,https://culture.seoul.go.kr/cmmn/file/getImage.do?atchFileId=e1c2bdd4f6074eff8bbe794f627ce5a7&thumb=Y,https://culture.seoul.go.kr/culture/culture/cultureEvent/view.do?cultcode=158456&menuNo=200011,
2026-08-24T16:16:26.785751+09:00,청담동 명품거리,청담동 명품거리,POI080,KEY_1,[한솥아트스페이스] 이상원 개인전 [레스토피아 : RESTOPIA],2026-08-08~2026-09-19,한솥아트스페이스(서울시 강남구 압구정로 459 B1F),127.047030515103,37.5254941585008,N,https://culture.seoul.go.kr/cmmn/file/getImage.do?atchFileId=d10e584593fb4a95a3cb81e11e4822d0&thumb=Y,https://culture.seoul.go.kr/culture/culture/cultureEvent/view.do?cultcode=158934&menuNo=200009,
2026-08-24T16:16:26.785751+09:00,강남역,강남역,POI014,KEY_3,[역삼푸른솔도서관] 문장과 문장 사이， 번역의 세계,2026-08-21~2026-08-28,강남구립 역삼푸른솔도서관 프로그램실,127.032028764698,37.496499181425,N,https://culture.seoul.go.kr/cmmn/file/getImage.do?atchFileId=1717c00dac1b400cbfddb4c12a4cadd6&thumb=Y,https://culture.seoul.go.kr/culture/culture/cultureEvent/view.do?cultcode=159034&menuNo=200011,
2026-08-24T16:16:26.785751+09:00,동대문역,동대문역,POI024,KEY_4,[서울시] 2026 오간수교 미디어파사드 사계1 전시 [청계 리브(LIVE): 초록 스프링],2026-05-01~2026-08-31,오간수교(서울시 종로구 율곡로 오간수문지),127.009563045226,37.5696901908894,,https://culture.seoul.go.kr/cmmn/file/getImage.do?atchFileId=7b7e9cf869254bed97acd714f44811b8&thumb=Y,https://culture.seoul.go.kr/culture/culture/cultureEvent/view.do?cultcode=157915&menuNo=200009,
2026-08-24T16:16:26.785751+09:00,사당역,사당역,POI029,KEY_4,[서울시립 남서울미술관] 2026년 한국 대표 조각가전 《조숙진: 지나가는 자리》,2026-07-29~2026-11-15,서울시립 남서울미술관 1층 야외， 2층 전시실,126.979465861688,37.4760535374985,,https://culture.seoul.go.kr/cmmn/file/getImage.do?atchFileId=aed5b82f656b4da18eed358532b288ae&thumb=Y,https://culture.seoul.go.kr/culture/culture/cultureEvent/view.do?cultcode=158469&menuNo=200009,
2026-08-24T16:16:26.785751+09:00,성신여대입구역,성신여대입구역,POI035,KEY_2,2026 생애주기별 문화예술교육 지원사업 '꿈다락 문화예술학교' [사람책 프로젝트X노년 : 인생 레시피],2026-06-29~2026-10-19,성신여대입구역 부근 연습실 (추후 공지),127.017350855582,37.5916469719941,,https://culture.seoul.go.kr/cmmn/file/getImage.do?atchFileId=db84a18e36484d018ee8ace1a7643c85&thumb=Y,https://culture.seoul.go.kr/culture/culture/cultureEvent/view.do?cultcode=158251&menuNo=200011,
2026-08-24T18:00:45.377426+09:00,북서울꿈의숲,북서울꿈의숲,POI096,KEY_1,[세종문화회관] 2026 상상톡톡미술관 기획전시 [빠씨를 찾아서],2026-07-11~2026-10-25,북서울꿈의숲 상상톡톡미술관,127.04139068396867,37.62254520644527,,https://culture.seoul.go.kr/cmmn/file/getImage.do?atchFileId=bf0370292aa74772a8e9a413a3196fbf&thumb=Y,https://culture.seoul.go.kr/culture/culture/cultureEvent/view.do?cultcode=158234&menuNo=200009,
2026-08-24T18:00:45.377426+09:00,이촌한강공원,이촌한강공원,POI108,KEY_4,2026 한강이야기여행 [한강역사탐방],2026-04-20~2026-11-15,광나루， 잠실， 뚝섬， 잠원， 반포， 이촌， 여의도， 양화， 난지， 망원， 강서,126.970577601301,37.5172524381641,,https://culture.seoul.go.kr/cmmn/file/getImage.do?atchFileId=f4d68594fb0a4a329acc12a6796064fd&thumb=Y,https://culture.seoul.go.kr/culture/culture/cultureEvent/view.do?cultcode=157700&menuNo=200011,
2026-08-24T18:00:45.377426+09:00,덕수궁길·정동길,덕수궁길·정동길,POI064,KEY_4,누구나 청춘무대 [청춘가요마당],2026-06-24~2026-08-26,문화일보홀,126.968689785217,37.5671088579851,N,https://culture.seoul.go.kr/cmmn/file/getImage.do?atchFileId=9f819e7b81bc410cbf59ae5dfbfeb3d7&thumb=Y,https://culture.seoul.go.kr/culture/culture/cultureEvent/view.do?cultcode=158331&menuNo=200011,
2026-08-24T18:00:45.377426+09:00,성수카페거리,성수카페거리,POI068,KEY_4,섬유기획전 [안식의 결 Texture of Rest],2026-07-24~2026-10-02,우란문화재단 우란1경， 우란2경,127.054416929987,37.5437897702564,N,https://culture.seoul.go.kr/cmmn/file/getImage.do?atchFileId=6cd09d6c58bb4c5ab2d963489874ec5b&thumb=Y,https://culture.seoul.go.kr/culture/culture/cultureEvent/view.do?cultcode=159117&menuNo=200009,
2026-08-24T18:00:45.377426+09:00,여의도,여의도,POI072,KEY_4,서울달(SEOULDAL),2024-08-23~2029-12-30,여의도공원(영등포구 여의공원로 68-1),126.922284053463,37.5268088229325,,https://culture.seoul.go.kr/cmmn/file/getImage.do?atchFileId=3c7de3c29fec46388d3882ec1be0d953&thumb=Y,https://culture.seoul.go.kr/culture/culture/cultureEvent/view.do?cultcode=149167&menuNo=200013,
2026-08-24T18:00:45.377426+09:00,익선동,익선동,POI116,KEY_1,2026 길 위의 인문학·지혜학교 [현대 도시의 담(淡) 프로젝트] 비움으로 채우는 삶의 수묵화,2026-07-24~2026-10-23,서울시 종로구 삼일대로 28길16， 5층 대한민국전통예술전승원,126.988861161086,37.5735402753764,,https://culture.seoul.go.kr/cmmn/file/getImage.do?atchFileId=e1c2bdd4f6074eff8bbe794f627ce5a7&thumb=Y,https://culture.seoul.go.kr/culture/culture/cultureEvent/view.do?cultcode=158456&menuNo=200011,
2026-08-24T18:00:45.377426+09:00,청담동 명품거리,청담동 명품거리,POI080,KEY_1,[한솥아트스페이스] 이상원 개인전 [레스토피아 : RESTOPIA],2026-08-08~2026-09-19,한솥아트스페이스(서울시 강남구 압구정로 459 B1F),127.047030515103,37.5254941585008,N,https://culture.seoul.go.kr/cmmn/file/getImage.do?atchFileId=d10e584593fb4a95a3cb81e11e4822d0&thumb=Y,https://culture.seoul.go.kr/culture/culture/cultureEvent/view.do?cultcode=158934&menuNo=200009,
2026-08-24T18:00:45.377426+09:00,강남역,강남역,POI014,KEY_3,[역삼푸른솔도서관] 문장과 문장 사이， 번역의 세계,2026-08-21~2026-08-28,강남구립 역삼푸른솔도서관 프로그램실,127.032028764698,37.496499181425,N,https://culture.seoul.go.kr/cmmn/file/getImage.do?atchFileId=1717c00dac1b400cbfddb4c12a4cadd6&thumb=Y,https://culture.seoul.go.kr/culture/culture/cultureEvent/view.do?cultcode=159034&menuNo=200011,
2026-08-24T18:00:45.377426+09:00,동대문역,동대문역,POI024,KEY_4,[서울시] 2026 오간수교 미디어파사드 사계1 전시 [청계 리브(LIVE): 초록 스프링],2026-05-01~2026-08-31,오간수교(서울시 종로구 율곡로 오간수문지),127.009563045226,37.5696901908894,,https://culture.seoul.go.kr/cmmn/file/getImage.do?atchFileId=7b7e9cf869254bed97acd714f44811b8&thumb=Y,https://culture.seoul.go.kr/culture/culture/cultureEvent/view.do?cultcode=157915&menuNo=200009,
2026-08-24T18:00:45.377426+09:00,사당역,사당역,POI029,KEY_4,[서울시립 남서울미술관] 2026년 한국 대표 조각가전 《조숙진: 지나가는 자리》,2026-07-29~2026-11-15,서울시립 남서울미술관 1층 야외， 2층 전시실,126.979465861688,37.4760535374985,,https://culture.seoul.go.kr/cmmn/file/getImage.do?atchFileId=aed5b82f656b4da18eed358532b288ae&thumb=Y,https://culture.seoul.go.kr/culture/culture/cultureEvent/view.do?cultcode=158469&menuNo=200009,
2026-08-24T18:00:45.377426+09:00,성신여대입구역,성신여대입구역,POI035,KEY_2,2026 생애주기별 문화예술교육 지원사업 '꿈다락 문화예술학교' [사람책 프로젝트X노년 : 인생 레시피],2026-06-29~2026-10-19,성신여대입구역 부근 연습실 (추후 공지),127.017350855582,37.5916469719941,,https://culture.seoul.go.kr/cmmn/file/getImage.do?atchFileId=db84a18e36484d018ee8ace1a7643c85&thumb=Y,https://culture.seoul.go.kr/culture/culture/cultureEvent/view.do?cultcode=158251&menuNo=200011,
2026-08-24T18:59:33.492094+09:00,북서울꿈의숲,북서울꿈의숲,POI096,KEY_1,[세종문화회관] 2026 상상톡톡미술관 기획전시 [빠씨를 찾아서],2026-07-11~2026-10-25,북서울꿈의숲 상상톡톡미술관,127.04139068396867,37.62254520644527,,https://culture.seoul.go.kr/cmmn/file/getImage.do?atchFileId=bf0370292aa74772a8e9a413a3196fbf&thumb=Y,https://culture.seoul.go.kr/culture/culture/cultureEvent/view.do?cultcode=158234&menuNo=200009,
2026-08-24T18:59:33.492094+09:00,이촌한강공원,이촌한강공원,POI108,KEY_4,2026 한강이야기여행 [한강역사탐방],2026-04-20~2026-11-15,광나루， 잠실， 뚝섬， 잠원， 반포， 이촌， 여의도， 양화， 난지， 망원， 강서,126.970577601301,37.5172524381641,,https://culture.seoul.go.kr/cmmn/file/getImage.do?atchFileId=f4d68594fb0a4a329acc12a6796064fd&thumb=Y,https://culture.seoul.go.kr/culture/culture/cultureEvent/view.do?cultcode=157700&menuNo=200011,
2026-08-24T18:59:33.492094+09:00,덕수궁길·정동길,덕수궁길·정동길,POI064,KEY_4,누구나 청춘무대 [청춘가요마당],2026-06-24~2026-08-26,문화일보홀,126.968689785217,37.5671088579851,N,https://culture.seoul.go.kr/cmmn/file/getImage.do?atchFileId=9f819e7b81bc410cbf59ae5dfbfeb3d7&thumb=Y,https://culture.seoul.go.kr/culture/culture/cultureEvent/view.do?cultcode=158331&menuNo=200011,
2026-08-24T18:59:33.492094+09:00,성수카페거리,성수카페거리,POI068,KEY_4,섬유기획전 [안식의 결 Texture of Rest],2026-07-24~2026-10-02,우란문화재단 우란1경， 우란2경,127.054416929987,37.5437897702564,N,https://culture.seoul.go.kr/cmmn/file/getImage.do?atchFileId=6cd09d6c58bb4c5ab2d963489874ec5b&thumb=Y,https://culture.seoul.go.kr/culture/culture/cultureEvent/view.do?cultcode=159117&menuNo=200009,
2026-08-24T18:59:33.492094+09:00,여의도,여의도,POI072,KEY_4,서울달(SEOULDAL),2024-08-23~2029-12-30,여의도공원(영등포구 여의공원로 68-1),126.922284053463,37.5268088229325,,https://culture.seoul.go.kr/cmmn/file/getImage.do?atchFileId=3c7de3c29fec46388d3882ec1be0d953&thumb=Y,https://culture.seoul.go.kr/culture/culture/cultureEvent/view.do?cultcode=149167&menuNo=200013,
2026-08-24T18:59:33.492094+09:00,익선동,익선동,POI116,KEY_1,2026 길 위의 인문학·지혜학교 [현대 도시의 담(淡) 프로젝트] 비움으로 채우는 삶의 수묵화,2026-07-24~2026-10-23,서울시 종로구 삼일대로 28길16， 5층 대한민국전통예술전승원,126.988861161086,37.5735402753764,,https://culture.seoul.go.kr/cmmn/file/getImage.do?atchFileId=e1c2bdd4f6074eff8bbe794f627ce5a7&thumb=Y,https://culture.seoul.go.kr/culture/culture/cultureEvent/view.do?cultcode=158456&menuNo=200011,
2026-08-24T18:59:33.492094+09:00,청담동 명품거리,청담동 명품거리,POI080,KEY_1,[한솥아트스페이스] 이상원 개인전 [레스토피아 : RESTOPIA],2026-08-08~2026-09-19,한솥아트스페이스(서울시 강남구 압구정로 459 B1F),127.047030515103,37.5254941585008,N,https://culture.seoul.go.kr/cmmn/file/getImage.do?atchFileId=d10e584593fb4a95a3cb81e11e4822d0&thumb=Y,https://culture.seoul.go.kr/culture/culture/cultureEvent/view.do?cultcode=158934&menuNo=200009,
2026-08-24T18:59:33.492094+09:00,강남역,강남역,POI014,KEY_3,[역삼푸른솔도서관] 문장과 문장 사이， 번역의 세계,2026-08-21~2026-08-28,강남구립 역삼푸른솔도서관 프로그램실,127.032028764698,37.496499181425,N,https://culture.seoul.go.kr/cmmn/file/getImage.do?atchFileId=1717c00dac1b400cbfddb4c12a4cadd6&thumb=Y,https://culture.seoul.go.kr/culture/culture/cultureEvent/view.do?cultcode=159034&menuNo=200011,
2026-08-24T18:59:33.492094+09:00,동대문역,동대문역,POI024,KEY_4,[서울시] 2026 오간수교 미디어파사드 사계1 전시 [청계 리브(LIVE): 초록 스프링],2026-05-01~2026-08-31,오간수교(서울시 종로구 율곡로 오간수문지),127.009563045226,37.5696901908894,,https://culture.seoul.go.kr/cmmn/file/getImage.do?atchFileId=7b7e9cf869254bed97acd714f44811b8&thumb=Y,https://culture.seoul.go.kr/culture/culture/cultureEvent/view.do?cultcode=157915&menuNo=200009,
2026-08-24T18:59:33.492094+09:00,사당역,사당역,POI029,KEY_4,[서울시립 남서울미술관] 2026년 한국 대표 조각가전 《조숙진: 지나가는 자리》,2026-07-29~2026-11-15,서울시립 남서울미술관 1층 야외， 2층 전시실,126.979465861688,37.4760535374985,,https://culture.seoul.go.kr/cmmn/file/getImage.do?atchFileId=aed5b82f656b4da18eed358532b288ae&thumb=Y,https://culture.seoul.go.kr/culture/culture/cultureEvent/view.do?cultcode=158469&menuNo=200009,
2026-08-24T18:59:33.492094+09:00,성신여대입구역,성신여대입구역,POI035,KEY_2,2026 생애주기별 문화예술교육 지원사업 '꿈다락 문화예술학교' [사람책 프로젝트X노년 : 인생 레시피],2026-06-29~2026-10-19,성신여대입구역 부근 연습실 (추후 공지),127.017350855582,37.5916469719941,,https://culture.seoul.go.kr/cmmn/file/getImage.do?atchFileId=db84a18e36484d018ee8ace1a7643c85&thumb=Y,https://culture.seoul.go.kr/culture/culture/cultureEvent/view.do?cultcode=158251&menuNo=200011,
2026-08-24T19:49:33.449429+09:00,북서울꿈의숲,북서울꿈의숲,POI096,KEY_1,[세종문화회관] 2026 상상톡톡미술관 기획전시 [빠씨를 찾아서],2026-07-11~2026-10-25,북서울꿈의숲 상상톡톡미술관,127.04139068396867,37.62254520644527,,https://culture.seoul.go.kr/cmmn/file/getImage.do?atchFileId=bf0370292aa74772a8e9a413a3196fbf&thumb=Y,https://culture.seoul.go.kr/culture/culture/cultureEvent/view.do?cultcode=158234&menuNo=200009,
2026-08-24T19:49:33.449429+09:00,이촌한강공원,이촌한강공원,POI108,KEY_4,2026 한강이야기여행 [한강역사탐방],2026-04-20~2026-11-15,광나루， 잠실， 뚝섬， 잠원， 반포， 이촌， 여의도， 양화， 난지， 망원， 강서,126.970577601301,37.5172524381641,,https://culture.seoul.go.kr/cmmn/file/getImage.do?atchFileId=f4d68594fb0a4a329acc12a6796064fd&thumb=Y,https://culture.seoul.go.kr/culture/culture/cultureEvent/view.do?cultcode=157700&menuNo=200011,
2026-08-24T19:49:33.449429+09:00,덕수궁길·정동길,덕수궁길·정동길,POI064,KEY_4,누구나 청춘무대 [청춘가요마당],2026-06-24~2026-08-26,문화일보홀,126.968689785217,37.5671088579851,N,https://culture.seoul.go.kr/cmmn/file/getImage.do?atchFileId=9f819e7b81bc410cbf59ae5dfbfeb3d7&thumb=Y,https://culture.seoul.go.kr/culture/culture/cultureEvent/view.do?cultcode=158331&menuNo=200011,
2026-08-24T19:49:33.449429+09:00,성수카페거리,성수카페거리,POI068,KEY_4,섬유기획전 [안식의 결 Texture of Rest],2026-07-24~2026-10-02,우란문화재단 우란1경， 우란2경,127.054416929987,37.5437897702564,N,https://culture.seoul.go.kr/cmmn/file/getImage.do?atchFileId=6cd09d6c58bb4c5ab2d963489874ec5b&thumb=Y,https://culture.seoul.go.kr/culture/culture/cultureEvent/view.do?cultcode=159117&menuNo=200009,
2026-08-24T19:49:33.449429+09:00,여의도,여의도,POI072,KEY_4,서울달(SEOULDAL),2024-08-23~2029-12-30,여의도공원(영등포구 여의공원로 68-1),126.922284053463,37.5268088229325,,https://culture.seoul.go.kr/cmmn/file/getImage.do?atchFileId=3c7de3c29fec46388d3882ec1be0d953&thumb=Y,https://culture.seoul.go.kr/culture/culture/cultureEvent/view.do?cultcode=149167&menuNo=200013,
2026-08-24T19:49:33.449429+09:00,익선동,익선동,POI116,KEY_1,2026 길 위의 인문학·지혜학교 [현대 도시의 담(淡) 프로젝트] 비움으로 채우는 삶의 수묵화,2026-07-24~2026-10-23,서울시 종로구 삼일대로 28길16， 5층 대한민국전통예술전승원,126.988861161086,37.5735402753764,,https://culture.seoul.go.kr/cmmn/file/getImage.do?atchFileId=e1c2bdd4f6074eff8bbe794f627ce5a7&thumb=Y,https://culture.seoul.go.kr/culture/culture/cultureEvent/view.do?cultcode=158456&menuNo=200011,
2026-08-24T19:49:33.449429+09:00,청담동 명품거리,청담동 명품거리,POI080,KEY_1,[한솥아트스페이스] 이상원 개인전 [레스토피아 : RESTOPIA],2026-08-08~2026-09-19,한솥아트스페이스(서울시 강남구 압구정로 459 B1F),127.047030515103,37.5254941585008,N,https://culture.seoul.go.kr/cmmn/file/getImage.do?atchFileId=d10e584593fb4a95a3cb81e11e4822d0&thumb=Y,https://culture.seoul.go.kr/culture/culture/cultureEvent/view.do?cultcode=158934&menuNo=200009,
2026-08-24T19:49:33.449429+09:00,강남역,강남역,POI014,KEY_3,[역삼푸른솔도서관] 문장과 문장 사이， 번역의 세계,2026-08-21~2026-08-28,강남구립 역삼푸른솔도서관 프로그램실,127.032028764698,37.496499181425,N,https://culture.seoul.go.kr/cmmn/file/getImage.do?atchFileId=1717c00dac1b400cbfddb4c12a4cadd6&thumb=Y,https://culture.seoul.go.kr/culture/culture/cultureEvent/view.do?cultcode=159034&menuNo=200011,
2026-08-24T19:49:33.449429+09:00,동대문역,동대문역,POI024,KEY_4,[서울시] 2026 오간수교 미디어파사드 사계1 전시 [청계 리브(LIVE): 초록 스프링],2026-05-01~2026-08-31,오간수교(서울시 종로구 율곡로 오간수문지),127.009563045226,37.5696901908894,,https://culture.seoul.go.kr/cmmn/file/getImage.do?atchFileId=7b7e9cf869254bed97acd714f44811b8&thumb=Y,https://culture.seoul.go.kr/culture/culture/cultureEvent/view.do?cultcode=157915&menuNo=200009,
2026-08-24T19:49:33.449429+09:00,사당역,사당역,POI029,KEY_4,[서울시립 남서울미술관] 2026년 한국 대표 조각가전 《조숙진: 지나가는 자리》,2026-07-29~2026-11-15,서울시립 남서울미술관 1층 야외， 2층 전시실,126.979465861688,37.4760535374985,,https://culture.seoul.go.kr/cmmn/file/getImage.do?atchFileId=aed5b82f656b4da18eed358532b288ae&thumb=Y,https://culture.seoul.go.kr/culture/culture/cultureEvent/view.do?cultcode=158469&menuNo=200009,
2026-08-24T19:49:33.449429+09:00,성신여대입구역,성신여대입구역,POI035,KEY_2,2026 생애주기별 문화예술교육 지원사업 '꿈다락 문화예술학교' [사람책 프로젝트X노년 : 인생 레시피],2026-06-29~2026-10-19,성신여대입구역 부근 연습실 (추후 공지),127.017350855582,37.5916469719941,,https://culture.seoul.go.kr/cmmn/file/getImage.do?atchFileId=db84a18e36484d018ee8ace1a7643c85&thumb=Y,https://culture.seoul.go.kr/culture/culture/cultureEvent/view.do?cultcode=158251&menuNo=200011,
2026-08-24T20:39:27.968706+09:00,북서울꿈의숲,북서울꿈의숲,POI096,KEY_1,[세종문화회관] 2026 상상톡톡미술관 기획전시 [빠씨를 찾아서],2026-07-11~2026-10-25,북서울꿈의숲 상상톡톡미술관,127.04139068396867,37.62254520644527,,https://culture.seoul.go.kr/cmmn/file/getImage.do?atchFileId=bf0370292aa74772a8e9a413a3196fbf&thumb=Y,https://culture.seoul.go.kr/culture/culture/cultureEvent/view.do?cultcode=158234&menuNo=200009,
2026-08-24T20:39:27.968706+09:00,이촌한강공원,이촌한강공원,POI108,KEY_4,2026 한강이야기여행 [한강역사탐방],2026-04-20~2026-11-15,광나루， 잠실， 뚝섬， 잠원， 반포， 이촌， 여의도， 양화， 난지， 망원， 강서,126.970577601301,37.5172524381641,,https://culture.seoul.go.kr/cmmn/file/getImage.do?atchFileId=f4d68594fb0a4a329acc12a6796064fd&thumb=Y,https://culture.seoul.go.kr/culture/culture/cultureEvent/view.do?cultcode=157700&menuNo=200011,
2026-08-24T20:39:27.968706+09:00,덕수궁길·정동길,덕수궁길·정동길,POI064,KEY_4,누구나 청춘무대 [청춘가요마당],2026-06-24~2026-08-26,문화일보홀,126.968689785217,37.5671088579851,N,https://culture.seoul.go.kr/cmmn/file/getImage.do?atchFileId=9f819e7b81bc410cbf59ae5dfbfeb3d7&thumb=Y,https://culture.seoul.go.kr/culture/culture/cultureEvent/view.do?cultcode=158331&menuNo=200011,
2026-08-24T20:39:27.968706+09:00,성수카페거리,성수카페거리,POI068,KEY_4,섬유기획전 [안식의 결 Texture of Rest],2026-07-24~2026-10-02,우란문화재단 우란1경， 우란2경,127.054416929987,37.5437897702564,N,https://culture.seoul.go.kr/cmmn/file/getImage.do?atchFileId=6cd09d6c58bb4c5ab2d963489874ec5b&thumb=Y,https://culture.seoul.go.kr/culture/culture/cultureEvent/view.do?cultcode=159117&menuNo=200009,
2026-08-24T20:39:27.968706+09:00,여의도,여의도,POI072,KEY_4,서울달(SEOULDAL),2024-08-23~2029-12-30,여의도공원(영등포구 여의공원로 68-1),126.922284053463,37.5268088229325,,https://culture.seoul.go.kr/cmmn/file/getImage.do?atchFileId=3c7de3c29fec46388d3882ec1be0d953&thumb=Y,https://culture.seoul.go.kr/culture/culture/cultureEvent/view.do?cultcode=149167&menuNo=200013,
2026-08-24T20:39:27.968706+09:00,익선동,익선동,POI116,KEY_1,2026 길 위의 인문학·지혜학교 [현대 도시의 담(淡) 프로젝트] 비움으로 채우는 삶의 수묵화,2026-07-24~2026-10-23,서울시 종로구 삼일대로 28길16， 5층 대한민국전통예술전승원,126.988861161086,37.5735402753764,,https://culture.seoul.go.kr/cmmn/file/getImage.do?atchFileId=e1c2bdd4f6074eff8bbe794f627ce5a7&thumb=Y,https://culture.seoul.go.kr/culture/culture/cultureEvent/view.do?cultcode=158456&menuNo=200011,
2026-08-24T20:39:27.968706+09:00,청담동 명품거리,청담동 명품거리,POI080,KEY_1,[한솥아트스페이스] 이상원 개인전 [레스토피아 : RESTOPIA],2026-08-08~2026-09-19,한솥아트스페이스(서울시 강남구 압구정로 459 B1F),127.047030515103,37.5254941585008,N,https://culture.seoul.go.kr/cmmn/file/getImage.do?atchFileId=d10e584593fb4a95a3cb81e11e4822d0&thumb=Y,https://culture.seoul.go.kr/culture/culture/cultureEvent/view.do?cultcode=158934&menuNo=200009,
2026-08-24T20:39:27.968706+09:00,강남역,강남역,POI014,KEY_3,[역삼푸른솔도서관] 문장과 문장 사이， 번역의 세계,2026-08-21~2026-08-28,강남구립 역삼푸른솔도서관 프로그램실,127.032028764698,37.496499181425,N,https://culture.seoul.go.kr/cmmn/file/getImage.do?atchFileId=1717c00dac1b400cbfddb4c12a4cadd6&thumb=Y,https://culture.seoul.go.kr/culture/culture/cultureEvent/view.do?cultcode=159034&menuNo=200011,
2026-08-24T20:39:27.968706+09:00,동대문역,동대문역,POI024,KEY_4,[서울시] 2026 오간수교 미디어파사드 사계1 전시 [청계 리브(LIVE): 초록 스프링],2026-05-01~2026-08-31,오간수교(서울시 종로구 율곡로 오간수문지),127.009563045226,37.5696901908894,,https://culture.seoul.go.kr/cmmn/file/getImage.do?atchFileId=7b7e9cf869254bed97acd714f44811b8&thumb=Y,https://culture.seoul.go.kr/culture/culture/cultureEvent/view.do?cultcode=157915&menuNo=200009,
2026-08-24T20:39:27.968706+09:00,사당역,사당역,POI029,KEY_4,[서울시립 남서울미술관] 2026년 한국 대표 조각가전 《조숙진: 지나가는 자리》,2026-07-29~2026-11-15,서울시립 남서울미술관 1층 야외， 2층 전시실,126.979465861688,37.4760535374985,,https://culture.seoul.go.kr/cmmn/file/getImage.do?atchFileId=aed5b82f656b4da18eed358532b288ae&thumb=Y,https://culture.seoul.go.kr/culture/culture/cultureEvent/view.do?cultcode=158469&menuNo=200009,
2026-08-24T20:39:27.968706+09:00,성신여대입구역,성신여대입구역,POI035,KEY_2,2026 생애주기별 문화예술교육 지원사업 '꿈다락 문화예술학교' [사람책 프로젝트X노년 : 인생 레시피],2026-06-29~2026-10-19,성신여대입구역 부근 연습실 (추후 공지),127.017350855582,37.5916469719941,,https://culture.seoul.go.kr/cmmn/file/getImage.do?atchFileId=db84a18e36484d018ee8ace1a7643c85&thumb=Y,https://culture.seoul.go.kr/culture/culture/cultureEvent/view.do?cultcode=158251&menuNo=200011,
2026-08-24T22:08:57.575134+09:00,북서울꿈의숲,북서울꿈의숲,POI096,KEY_1,[세종문화회관] 2026 상상톡톡미술관 기획전시 [빠씨를 찾아서],2026-07-11~2026-10-25,북서울꿈의숲 상상톡톡미술관,127.04139068396867,37.62254520644527,,https://culture.seoul.go.kr/cmmn/file/getImage.do?atchFileId=bf0370292aa74772a8e9a413a3196fbf&thumb=Y,https://culture.seoul.go.kr/culture/culture/cultureEvent/view.do?cultcode=158234&menuNo=200009,
2026-08-24T22:08:57.575134+09:00,이촌한강공원,이촌한강공원,POI108,KEY_4,2026 한강이야기여행 [한강역사탐방],2026-04-20~2026-11-15,광나루， 잠실， 뚝섬， 잠원， 반포， 이촌， 여의도， 양화， 난지， 망원， 강서,126.970577601301,37.5172524381641,,https://culture.seoul.go.kr/cmmn/file/getImage.do?atchFileId=f4d68594fb0a4a329acc12a6796064fd&thumb=Y,https://culture.seoul.go.kr/culture/culture/cultureEvent/view.do?cultcode=157700&menuNo=200011,
2026-08-24T22:08:57.575134+09:00,덕수궁길·정동길,덕수궁길·정동길,POI064,KEY_4,누구나 청춘무대 [청춘가요마당],2026-06-24~2026-08-26,문화일보홀,126.968689785217,37.5671088579851,N,https://culture.seoul.go.kr/cmmn/file/getImage.do?atchFileId=9f819e7b81bc410cbf59ae5dfbfeb3d7&thumb=Y,https://culture.seoul.go.kr/culture/culture/cultureEvent/view.do?cultcode=158331&menuNo=200011,
2026-08-24T22:08:57.575134+09:00,성수카페거리,성수카페거리,POI068,KEY_4,섬유기획전 [안식의 결 Texture of Rest],2026-07-24~2026-10-02,우란문화재단 우란1경， 우란2경,127.054416929987,37.5437897702564,N,https://culture.seoul.go.kr/cmmn/file/getImage.do?atchFileId=6cd09d6c58bb4c5ab2d963489874ec5b&thumb=Y,https://culture.seoul.go.kr/culture/culture/cultureEvent/view.do?cultcode=159117&menuNo=200009,
2026-08-24T22:08:57.575134+09:00,여의도,여의도,POI072,KEY_4,서울달(SEOULDAL),2024-08-23~2029-12-30,여의도공원(영등포구 여의공원로 68-1),126.922284053463,37.5268088229325,,https://culture.seoul.go.kr/cmmn/file/getImage.do?atchFileId=3c7de3c29fec46388d3882ec1be0d953&thumb=Y,https://culture.seoul.go.kr/culture/culture/cultureEvent/view.do?cultcode=149167&menuNo=200013,
2026-08-24T22:08:57.575134+09:00,익선동,익선동,POI116,KEY_1,2026 길 위의 인문학·지혜학교 [현대 도시의 담(淡) 프로젝트] 비움으로 채우는 삶의 수묵화,2026-07-24~2026-10-23,서울시 종로구 삼일대로 28길16， 5층 대한민국전통예술전승원,126.988861161086,37.5735402753764,,https://culture.seoul.go.kr/cmmn/file/getImage.do?atchFileId=e1c2bdd4f6074eff8bbe794f627ce5a7&thumb=Y,https://culture.seoul.go.kr/culture/culture/cultureEvent/view.do?cultcode=158456&menuNo=200011,
2026-08-24T22:08:57.575134+09:00,청담동 명품거리,청담동 명품거리,POI080,KEY_1,[한솥아트스페이스] 이상원 개인전 [레스토피아 : RESTOPIA],2026-08-08~2026-09-19,한솥아트스페이스(서울시 강남구 압구정로 459 B1F),127.047030515103,37.5254941585008,N,https://culture.seoul.go.kr/cmmn/file/getImage.do?atchFileId=d10e584593fb4a95a3cb81e11e4822d0&thumb=Y,https://culture.seoul.go.kr/culture/culture/cultureEvent/view.do?cultcode=158934&menuNo=200009,
2026-08-24T22:08:57.575134+09:00,강남역,강남역,POI014,KEY_3,[역삼푸른솔도서관] 문장과 문장 사이， 번역의 세계,2026-08-21~2026-08-28,강남구립 역삼푸른솔도서관 프로그램실,127.032028764698,37.496499181425,N,https://culture.seoul.go.kr/cmmn/file/getImage.do?atchFileId=1717c00dac1b400cbfddb4c12a4cadd6&thumb=Y,https://culture.seoul.go.kr/culture/culture/cultureEvent/view.do?cultcode=159034&menuNo=200011,
2026-08-24T22:08:57.575134+09:00,동대문역,동대문역,POI024,KEY_4,[서울시] 2026 오간수교 미디어파사드 사계1 전시 [청계 리브(LIVE): 초록 스프링],2026-05-01~2026-08-31,오간수교(서울시 종로구 율곡로 오간수문지),127.009563045226,37.5696901908894,,https://culture.seoul.go.kr/cmmn/file/getImage.do?atchFileId=7b7e9cf869254bed97acd714f44811b8&thumb=Y,https://culture.seoul.go.kr/culture/culture/cultureEvent/view.do?cultcode=157915&menuNo=200009,
2026-08-24T22:08:57.575134+09:00,사당역,사당역,POI029,KEY_4,[서울시립 남서울미술관] 2026년 한국 대표 조각가전 《조숙진: 지나가는 자리》,2026-07-29~2026-11-15,서울시립 남서울미술관 1층 야외， 2층 전시실,126.979465861688,37.4760535374985,,https://culture.seoul.go.kr/cmmn/file/getImage.do?atchFileId=aed5b82f656b4da18eed358532b288ae&thumb=Y,https://culture.seoul.go.kr/culture/culture/cultureEvent/view.do?cultcode=158469&menuNo=200009,
2026-08-24T22:08:57.575134+09:00,성신여대입구역,성신여대입구역,POI035,KEY_2,2026 생애주기별 문화예술교육 지원사업 '꿈다락 문화예술학교' [사람책 프로젝트X노년 : 인생 레시피],2026-06-29~2026-10-19,성신여대입구역 부근 연습실 (추후 공지),127.017350855582,37.5916469719941,,https://culture.seoul.go.kr/cmmn/file/getImage.do?atchFileId=db84a18e36484d018ee8ace1a7643c85&thumb=Y,https://culture.seoul.go.kr/culture/culture/cultureEvent/view.do?cultcode=158251&menuNo=200011,
