fetched_at,place_name,AREA_NM,AREA_CD,_key_used,LIVE_PPLTN_STTS__AREA_NM,LIVE_PPLTN_STTS__AREA_CD,LIVE_PPLTN_STTS__AREA_CONGEST_LVL,LIVE_PPLTN_STTS__AREA_CONGEST_MSG,LIVE_PPLTN_STTS__AREA_PPLTN_MIN,LIVE_PPLTN_STTS__AREA_PPLTN_MAX,LIVE_PPLTN_STTS__MALE_PPLTN_RATE,LIVE_PPLTN_STTS__FEMALE_PPLTN_RATE,LIVE_PPLTN_STTS__PPLTN_RATE_0,LIVE_PPLTN_STTS__PPLTN_RATE_10,LIVE_PPLTN_STTS__PPLTN_RATE_20,LIVE_PPLTN_STTS__PPLTN_RATE_30,LIVE_PPLTN_STTS__PPLTN_RATE_40,LIVE_PPLTN_STTS__PPLTN_RATE_50,LIVE_PPLTN_STTS__PPLTN_RATE_60,LIVE_PPLTN_STTS__PPLTN_RATE_70,LIVE_PPLTN_STTS__RESNT_PPLTN_RATE,LIVE_PPLTN_STTS__NON_RESNT_PPLTN_RATE,LIVE_PPLTN_STTS__REPLACE_YN,LIVE_PPLTN_STTS__PPLTN_TIME,LIVE_PPLTN_STTS__FCST_YN
2026-07-22T01:39:12.505424+09:00,경복궁,경복궁,POI008,KEY_1,경복궁,POI008,여유,사람이 몰려있을 가능성이 낮고 붐빔은 거의 느껴지지 않아요. 도보 이동이 자유로워요.,200,300,59.4,40.6,1.1,7.6,13.0,17.1,22.2,18.6,9.5,10.9,61.3,38.7,N,2026-07-22 01:10,Y
2026-07-22T01:39:12.505424+09:00,광화문·덕수궁,광화문·덕수궁,POI009,KEY_2,광화문·덕수궁,POI009,여유,사람이 몰려있을 가능성이 낮고 붐빔은 거의 느껴지지 않아요. 도보 이동이 자유로워요.,3500,4000,59.1,40.9,0.9,3.8,13.8,18.9,23.0,20.8,10.8,7.9,55.1,44.9,N,2026-07-22 01:10,Y
2026-07-22T01:39:12.505424+09:00,보신각,보신각,POI010,KEY_3,보신각,POI010,여유,사람이 몰려있을 가능성이 낮고 붐빔은 거의 느껴지지 않아요. 도보 이동이 자유로워요.,2000,2500,65.4,34.6,0.4,2.9,22.4,20.4,21.6,16.7,9.9,5.8,50.3,49.7,N,2026-07-22 01:10,Y
2026-07-22T01:39:12.505424+09:00,서울 암사동 유적,서울 암사동 유적,POI011,KEY_4,서울 암사동 유적,POI011,여유,사람이 몰려있을 가능성이 낮고 붐빔은 거의 느껴지지 않아요. 도보 이동이 자유로워요.,300,400,50.5,49.5,4.9,7.7,10.9,14.0,14.6,16.9,15.8,15.2,81.6,18.4,N,2026-07-22 01:10,Y
2026-07-22T01:39:12.505424+09:00,창덕궁·종묘,창덕궁·종묘,POI012,KEY_1,창덕궁·종묘,POI012,여유,사람이 몰려있을 가능성이 낮고 붐빔은 거의 느껴지지 않아요. 도보 이동이 자유로워요.,3000,3500,54.5,45.5,0.5,4.3,22.2,16.5,16.0,18.2,13.0,9.3,52.7,47.3,N,2026-07-22 01:10,Y
2026-07-22T01:39:12.505424+09:00,강남 MICE 관광특구,강남 MICE 관광특구,POI001,KEY_2,강남 MICE 관광특구,POI001,여유,사람이 몰려있을 가능성이 낮고 붐빔은 거의 느껴지지 않아요. 도보 이동이 자유로워요.,2500,3000,56.9,43.1,2.0,6.7,13.0,16.5,20.6,18.7,12.6,9.9,66.4,33.6,N,2026-07-22 01:10,Y
2026-07-22T01:39:12.505424+09:00,동대문 관광특구,동대문 관광특구,POI002,KEY_3,동대문 관광특구,POI002,여유,사람이 몰려있을 가능성이 낮고 붐빔은 거의 느껴지지 않아요. 도보 이동이 자유로워요.,18000,20000,50.9,49.1,0.9,2.6,14.0,20.9,22.6,18.5,12.9,7.6,60.0,40.0,N,2026-07-22 01:10,Y
2026-07-22T01:39:12.505424+09:00,명동 관광특구,명동 관광특구,POI003,KEY_4,명동 관광특구,POI003,여유,사람이 몰려있을 가능성이 낮고 붐빔은 거의 느껴지지 않아요. 도보 이동이 자유로워요.,9000,9500,61.5,38.5,0.4,3.0,15.3,19.0,23.2,19.1,12.4,7.6,56.5,43.5,N,2026-07-22 01:10,Y
2026-07-22T01:39:12.505424+09:00,이태원 관광특구,이태원 관광특구,POI004,KEY_1,이태원 관광특구,POI004,여유,사람이 몰려있을 가능성이 낮고 붐빔은 거의 느껴지지 않아요. 도보 이동이 자유로워요.,3500,4000,57.9,42.1,0.3,3.2,29.6,23.8,17.0,11.3,8.0,7.0,41.7,58.3,N,2026-07-22 01:10,Y
2026-07-22T01:39:12.505424+09:00,잠실 관광특구,잠실 관광특구,POI005,KEY_2,잠실 관광특구,POI005,여유,사람이 몰려있을 가능성이 낮고 붐빔은 거의 느껴지지 않아요. 도보 이동이 자유로워요.,18000,20000,51.2,48.8,0.3,6.4,21.8,22.4,19.8,14.3,9.0,6.1,41.6,58.4,N,2026-07-22 01:10,Y
2026-07-22T01:39:12.505424+09:00,종로·청계 관광특구,종로·청계 관광특구,POI006,KEY_3,종로·청계 관광특구,POI006,여유,사람이 몰려있을 가능성이 낮고 붐빔은 거의 느껴지지 않아요. 도보 이동이 자유로워요.,10000,12000,56.2,43.8,0.8,3.2,17.7,18.3,19.7,18.2,13.4,8.8,61.0,39.0,N,2026-07-22 01:10,Y
2026-07-22T01:39:12.505424+09:00,홍대 관광특구,홍대 관광특구,POI007,KEY_4,홍대 관광특구,POI007,여유,사람이 몰려있을 가능성이 낮고 붐빔은 거의 느껴지지 않아요. 도보 이동이 자유로워요.,36000,38000,50.5,49.5,1.0,7.2,32.3,19.1,13.3,11.6,8.1,7.3,61.0,39.0,N,2026-07-22 01:10,Y
2026-07-22T01:39:12.505424+09:00,강서한강공원,강서한강공원,POI085,KEY_1,강서한강공원,POI085,여유,사람이 몰려있을 가능성이 낮고 붐빔은 거의 느껴지지 않아요. 도보 이동이 자유로워요.,0,100,73.8,26.2,0.0,0.0,14.3,11.5,15.7,29.4,23.6,5.5,7.2,92.8,N,2026-07-22 01:10,Y
2026-07-22T01:39:12.505424+09:00,고척돔,고척돔,POI086,KEY_2,고척돔,POI086,여유,사람이 몰려있을 가능성이 낮고 붐빔은 거의 느껴지지 않아요. 도보 이동이 자유로워요.,600,700,47.0,53.0,1.4,5.9,6.6,29.3,20.6,16.4,11.0,8.9,58.9,41.1,N,2026-07-22 01:10,Y
2026-07-22T01:39:12.505424+09:00,광나루한강공원,광나루한강공원,POI087,KEY_3,광나루한강공원,POI087,여유,사람이 몰려있을 가능성이 낮고 붐빔은 거의 느껴지지 않아요. 도보 이동이 자유로워요.,1500,2000,53.9,46.1,0.3,5.3,13.2,18.0,19.9,19.5,13.2,10.6,50.8,49.2,N,2026-07-22 01:10,Y
2026-07-22T01:39:12.505424+09:00,광화문광장,광화문광장,POI088,KEY_4,광화문광장,POI088,여유,사람이 몰려있을 가능성이 낮고 붐빔은 거의 느껴지지 않아요. 도보 이동이 자유로워요.,700,800,60.9,39.1,1.2,4.4,13.5,20.6,21.2,20.8,10.2,8.0,60.3,39.7,N,2026-07-22 01:10,Y
2026-07-22T01:39:12.505424+09:00,국립중앙박물관·용산가족공원,국립중앙박물관·용산가족공원,POI089,KEY_1,국립중앙박물관·용산가족공원,POI089,여유,사람이 몰려있을 가능성이 낮고 붐빔은 거의 느껴지지 않아요. 도보 이동이 자유로워요.,1000,1500,49.3,50.7,4.5,8.3,11.2,12.8,16.7,18.3,14.9,13.3,85.5,14.5,N,2026-07-22 01:10,Y
2026-07-22T01:39:12.505424+09:00,난지한강공원,난지한강공원,POI090,KEY_2,난지한강공원,POI090,여유,사람이 몰려있을 가능성이 낮고 붐빔은 거의 느껴지지 않아요. 도보 이동이 자유로워요.,400,500,62.6,37.4,1.7,4.9,15.9,20.2,21.3,18.8,10.8,6.4,23.3,76.7,N,2026-07-22 01:10,Y
2026-07-22T01:39:12.505424+09:00,남산공원,남산공원,POI091,KEY_3,남산공원,POI091,여유,사람이 몰려있을 가능성이 낮고 붐빔은 거의 느껴지지 않아요. 도보 이동이 자유로워요.,4500,5000,51.8,48.2,1.1,6.5,18.9,17.4,16.8,15.3,12.9,11.2,65.3,34.7,N,2026-07-22 01:10,Y
2026-07-22T01:39:12.505424+09:00,노들섬,노들섬,POI092,KEY_4,노들섬,POI092,여유,사람이 몰려있을 가능성이 낮고 붐빔은 거의 느껴지지 않아요. 도보 이동이 자유로워요.,0,100,59.3,40.7,0.5,0.0,18.6,15.0,17.6,12.2,17.9,18.3,20.8,79.2,N,2026-07-22 01:10,Y
2026-07-22T01:39:12.505424+09:00,뚝섬한강공원,뚝섬한강공원,POI093,KEY_1,뚝섬한강공원,POI093,여유,사람이 몰려있을 가능성이 낮고 붐빔은 거의 느껴지지 않아요. 도보 이동이 자유로워요.,1000,1500,54.3,45.7,0.2,7.5,12.0,16.7,19.3,19.6,14.0,10.7,57.6,42.4,N,2026-07-22 01:10,Y
2026-07-22T01:39:12.505424+09:00,망원한강공원,망원한강공원,POI094,KEY_2,망원한강공원,POI094,여유,사람이 몰려있을 가능성이 낮고 붐빔은 거의 느껴지지 않아요. 도보 이동이 자유로워요.,900,1000,52.0,48.0,1.4,5.8,14.9,19.2,18.3,17.2,12.7,10.5,69.9,30.1,N,2026-07-22 01:10,Y
2026-07-22T01:39:12.505424+09:00,반포한강공원,반포한강공원,POI095,KEY_3,반포한강공원,POI095,여유,사람이 몰려있을 가능성이 낮고 붐빔은 거의 느껴지지 않아요. 도보 이동이 자유로워요.,600,700,61.6,38.4,0.4,11.6,22.7,15.4,20.5,16.9,7.9,4.5,18.3,81.7,N,2026-07-22 01:10,Y
2026-07-22T01:39:12.505424+09:00,보라매공원,보라매공원,POI123,KEY_4,보라매공원,POI123,여유,사람이 몰려있을 가능성이 낮고 붐빔은 거의 느껴지지 않아요. 도보 이동이 자유로워요.,1500,2000,49.2,50.8,1.5,7.6,15.5,18.0,17.0,15.9,12.2,12.4,65.0,35.0,N,2026-07-22 01:10,Y
2026-07-22T01:39:12.505424+09:00,북서울꿈의숲,북서울꿈의숲,POI096,KEY_1,북서울꿈의숲,POI096,여유,사람이 몰려있을 가능성이 낮고 붐빔은 거의 느껴지지 않아요. 도보 이동이 자유로워요.,5000,5500,47.7,52.3,0.6,6.3,10.5,14.2,17.1,19.3,16.3,15.7,64.3,35.7,N,2026-07-22 01:10,Y
2026-07-22T01:39:12.505424+09:00,서대문독립공원,서대문독립공원,POI124,KEY_2,서대문독립공원,POI124,여유,사람이 몰려있을 가능성이 낮고 붐빔은 거의 느껴지지 않아요. 도보 이동이 자유로워요.,600,700,50.3,49.7,0.3,6.0,13.6,13.6,16.3,18.0,15.5,16.7,58.7,41.3,N,2026-07-22 01:10,Y
2026-07-22T01:39:12.505424+09:00,서리풀공원·몽마르뜨공원,서리풀공원·몽마르뜨공원,POI098,KEY_3,서리풀공원·몽마르뜨공원,POI098,여유,사람이 몰려있을 가능성이 낮고 붐빔은 거의 느껴지지 않아요. 도보 이동이 자유로워요.,2000,2500,50.6,49.4,0.4,8.0,12.8,16.8,20.8,18.6,11.1,11.6,63.1,36.9,N,2026-07-22 01:10,Y
2026-07-22T01:39:12.505424+09:00,서울대공원,서울대공원,POI100,KEY_4,서울대공원,POI100,여유,사람이 몰려있을 가능성이 낮고 붐빔은 거의 느껴지지 않아요. 도보 이동이 자유로워요.,300,400,53.0,47.0,2.2,10.8,10.2,13.0,16.9,20.0,15.4,11.4,71.6,28.4,N,2026-07-22 01:10,Y
2026-07-22T01:39:12.505424+09:00,서울숲공원,서울숲공원,POI101,KEY_1,서울숲공원,POI101,여유,사람이 몰려있을 가능성이 낮고 붐빔은 거의 느껴지지 않아요. 도보 이동이 자유로워요.,2000,2500,56.6,43.4,1.0,5.2,14.6,18.8,20.4,21.3,12.6,6.0,43.7,56.3,N,2026-07-22 01:10,Y
2026-07-22T01:39:12.505424+09:00,송현녹지광장,송현녹지광장,POI129,KEY_2,송현녹지광장,POI129,여유,사람이 몰려있을 가능성이 낮고 붐빔은 거의 느껴지지 않아요. 도보 이동이 자유로워요.,1000,1500,50.4,49.6,0.9,6.3,13.5,16.0,18.5,17.8,13.3,13.7,77.0,23.0,N,2026-07-22 01:10,Y
2026-07-22T01:39:12.505424+09:00,아차산,아차산,POI102,KEY_3,아차산,POI102,여유,사람이 몰려있을 가능성이 낮고 붐빔은 거의 느껴지지 않아요. 도보 이동이 자유로워요.,3500,4000,51.9,48.1,0.4,5.1,11.4,17.7,19.4,19.4,15.1,11.6,62.0,38.0,N,2026-07-22 01:10,Y
2026-07-22T01:39:12.505424+09:00,안양천,안양천,POI125,KEY_4,안양천,POI125,여유,사람이 몰려있을 가능성이 낮고 붐빔은 거의 느껴지지 않아요. 도보 이동이 자유로워요.,900,1000,52.2,47.8,0.5,12.2,8.9,13.8,21.0,20.5,13.8,9.3,61.0,39.0,N,2026-07-22 01:10,Y
2026-07-22T01:39:12.505424+09:00,양화한강공원,양화한강공원,POI103,KEY_1,양화한강공원,POI103,여유,사람이 몰려있을 가능성이 낮고 붐빔은 거의 느껴지지 않아요. 도보 이동이 자유로워요.,200,300,57.7,42.3,0.1,1.9,16.7,28.7,21.3,15.5,11.2,4.6,50.2,49.8,N,2026-07-22 01:10,Y
2026-07-22T01:39:12.505424+09:00,어린이대공원,어린이대공원,POI104,KEY_2,어린이대공원,POI104,여유,사람이 몰려있을 가능성이 낮고 붐빔은 거의 느껴지지 않아요. 도보 이동이 자유로워요.,2000,2500,51.2,48.8,1.1,6.9,28.4,18.7,14.7,13.5,9.0,7.7,68.9,31.1,N,2026-07-22 01:10,Y
2026-07-22T01:39:12.505424+09:00,여의도한강공원,여의도한강공원,POI105,KEY_3,여의도한강공원,POI105,여유,사람이 몰려있을 가능성이 낮고 붐빔은 거의 느껴지지 않아요. 도보 이동이 자유로워요.,700,800,59.8,40.2,1.5,11.0,21.5,17.4,14.7,15.9,10.1,8.0,43.3,56.7,N,2026-07-22 01:10,Y
2026-07-22T01:39:12.505424+09:00,여의서로,여의서로,POI126,KEY_4,여의서로,POI126,여유,사람이 몰려있을 가능성이 낮고 붐빔은 거의 느껴지지 않아요. 도보 이동이 자유로워요.,200,300,57.7,42.3,2.7,5.9,14.7,23.7,16.4,16.0,13.1,7.5,56.2,43.8,N,2026-07-22 01:10,Y
2026-07-22T01:39:12.505424+09:00,올림픽공원,올림픽공원,POI127,KEY_1,올림픽공원,POI127,여유,사람이 몰려있을 가능성이 낮고 붐빔은 거의 느껴지지 않아요. 도보 이동이 자유로워요.,3000,3500,50.4,49.6,0.9,9.1,12.3,15.9,23.6,18.3,12.0,7.9,49.2,50.8,N,2026-07-22 01:10,Y
2026-07-22T01:39:12.505424+09:00,월드컵공원,월드컵공원,POI106,KEY_2,월드컵공원,POI106,여유,사람이 몰려있을 가능성이 낮고 붐빔은 거의 느껴지지 않아요. 도보 이동이 자유로워요.,3000,3500,53.0,47.0,1.8,7.8,13.9,17.5,20.0,17.0,11.1,10.9,59.3,40.7,N,2026-07-22 01:10,Y
2026-07-22T01:39:12.505424+09:00,응봉산,응봉산,POI107,KEY_3,응봉산,POI107,여유,사람이 몰려있을 가능성이 낮고 붐빔은 거의 느껴지지 않아요. 도보 이동이 자유로워요.,2000,2500,50.2,49.8,0.9,8.6,10.0,14.0,22.5,18.8,13.7,11.4,72.3,27.7,N,2026-07-22 01:10,Y
2026-07-22T01:39:12.505424+09:00,이촌한강공원,이촌한강공원,POI108,KEY_4,이촌한강공원,POI108,여유,사람이 몰려있을 가능성이 낮고 붐빔은 거의 느껴지지 않아요. 도보 이동이 자유로워요.,1000,1500,52.1,47.9,0.1,6.1,10.8,18.7,23.6,17.1,13.6,9.9,50.2,49.8,N,2026-07-22 01:10,Y
2026-07-22T01:39:12.505424+09:00,잠실종합운동장,잠실종합운동장,POI109,KEY_1,잠실종합운동장,POI109,여유,사람이 몰려있을 가능성이 낮고 붐빔은 거의 느껴지지 않아요. 도보 이동이 자유로워요.,1000,1500,50.6,49.4,3.5,11.5,10.7,11.6,24.9,20.2,9.8,7.9,63.0,37.0,N,2026-07-22 01:10,Y
2026-07-22T01:39:12.505424+09:00,잠실한강공원,잠실한강공원,POI110,KEY_2,잠실한강공원,POI110,여유,사람이 몰려있을 가능성이 낮고 붐빔은 거의 느껴지지 않아요. 도보 이동이 자유로워요.,800,900,52.2,47.8,0.3,13.3,10.9,12.0,20.9,23.7,11.6,7.3,37.7,62.3,N,2026-07-22 01:10,Y
2026-07-22T01:39:12.505424+09:00,잠원한강공원,잠원한강공원,POI111,KEY_3,잠원한강공원,POI111,여유,사람이 몰려있을 가능성이 낮고 붐빔은 거의 느껴지지 않아요. 도보 이동이 자유로워요.,500,600,55.4,44.6,0.2,12.7,19.7,15.1,21.2,17.3,7.7,6.1,29.7,70.3,N,2026-07-22 01:10,Y
2026-07-22T01:39:12.505424+09:00,청계산,청계산,POI112,KEY_4,청계산,POI112,여유,사람이 몰려있을 가능성이 낮고 붐빔은 거의 느껴지지 않아요. 도보 이동이 자유로워요.,800,900,47.8,52.2,3.0,6.1,10.5,16.9,16.7,16.3,14.6,15.9,84.1,15.9,N,2026-07-22 01:10,Y
2026-07-22T01:39:12.505424+09:00,홍제폭포,홍제폭포,POI128,KEY_1,홍제폭포,POI128,보통,사람이 몰려있을 수 있지만 크게 붐비지는 않아요. 도보 이동에 큰 제약이 없어요.,500,600,45.6,54.4,3.5,7.3,12.1,12.5,13.4,18.0,16.0,17.3,88.6,11.4,N,2026-07-22 01:10,Y
2026-07-22T01:39:12.505424+09:00,가락시장,가락시장,POI058,KEY_2,가락시장,POI058,여유,사람이 몰려있을 가능성이 낮고 붐빔은 거의 느껴지지 않아요. 도보 이동이 자유로워요.,7000,7500,77.6,22.4,0.2,2.8,6.7,16.1,25.3,26.5,17.1,5.3,45.8,54.2,N,2026-07-22 01:10,Y
2026-07-22T01:39:12.505424+09:00,가로수길,가로수길,POI059,KEY_3,가로수길,POI059,여유,사람이 몰려있을 가능성이 낮고 붐빔은 거의 느껴지지 않아요. 도보 이동이 자유로워요.,10000,12000,50.9,49.1,2.0,7.6,14.2,16.0,21.6,17.4,10.6,10.7,67.0,33.0,N,2026-07-22 01:10,Y
2026-07-22T01:39:12.505424+09:00,광장(전통)시장,광장(전통)시장,POI060,KEY_4,광장(전통)시장,POI060,여유,사람이 몰려있을 가능성이 낮고 붐빔은 거의 느껴지지 않아요. 도보 이동이 자유로워요.,1000,1500,52.5,47.5,0.7,5.1,19.9,15.2,16.3,16.4,14.7,11.6,63.2,36.8,N,2026-07-22 01:10,Y
2026-07-22T01:39:12.505424+09:00,김포공항,김포공항,POI061,KEY_1,김포공항,POI061,여유,사람이 몰려있을 가능성이 낮고 붐빔은 거의 느껴지지 않아요. 도보 이동이 자유로워요.,600,700,60.9,39.1,0.1,2.0,20.9,22.9,19.6,17.7,11.1,5.9,39.4,60.6,N,2026-07-22 01:10,Y
2026-07-22T01:39:12.505424+09:00,남대문시장,남대문시장,POI115,KEY_2,남대문시장,POI115,여유,사람이 몰려있을 가능성이 낮고 붐빔은 거의 느껴지지 않아요. 도보 이동이 자유로워요.,2000,2500,57.3,42.7,0.9,3.3,12.0,16.2,20.9,19.6,16.0,11.2,66.2,33.8,N,2026-07-22 01:10,Y
2026-07-22T01:39:12.505424+09:00,노량진,노량진,POI063,KEY_3,노량진,POI063,여유,사람이 몰려있을 가능성이 낮고 붐빔은 거의 느껴지지 않아요. 도보 이동이 자유로워요.,10000,12000,55.2,44.8,1.2,4.5,29.0,20.4,12.4,13.1,10.5,9.0,73.0,27.0,N,2026-07-22 01:10,Y
2026-07-22T01:39:12.505424+09:00,덕수궁길·정동길,덕수궁길·정동길,POI064,KEY_4,덕수궁길·정동길,POI064,여유,사람이 몰려있을 가능성이 낮고 붐빔은 거의 느껴지지 않아요. 도보 이동이 자유로워요.,800,900,47.6,52.4,1.2,9.2,12.2,14.6,18.3,18.9,12.9,12.6,66.6,33.4,N,2026-07-22 01:10,Y
2026-07-22T01:39:12.505424+09:00,북창동 먹자골목,북창동 먹자골목,POI114,KEY_1,북창동 먹자골목,POI114,여유,사람이 몰려있을 가능성이 낮고 붐빔은 거의 느껴지지 않아요. 도보 이동이 자유로워요.,1500,2000,58.5,41.5,0.6,3.3,13.6,19.0,20.9,19.8,13.9,9.0,59.1,40.9,N,2026-07-22 01:10,Y
2026-07-22T01:39:12.505424+09:00,북촌한옥마을,북촌한옥마을,POI066,KEY_2,북촌한옥마을,POI066,여유,사람이 몰려있을 가능성이 낮고 붐빔은 거의 느껴지지 않아요. 도보 이동이 자유로워요.,3500,4000,50.9,49.1,0.7,7.5,15.5,14.8,16.8,17.6,12.5,14.5,76.9,23.1,N,2026-07-22 01:10,Y
2026-07-22T01:39:12.505424+09:00,서촌,서촌,POI067,KEY_3,서촌,POI067,여유,사람이 몰려있을 가능성이 낮고 붐빔은 거의 느껴지지 않아요. 도보 이동이 자유로워요.,8500,9000,46.7,53.3,2.6,8.8,12.0,14.4,17.0,17.6,13.4,14.1,90.1,9.9,N,2026-07-22 01:10,Y
2026-07-22T01:39:12.505424+09:00,성수카페거리,성수카페거리,POI068,KEY_4,성수카페거리,POI068,여유,사람이 몰려있을 가능성이 낮고 붐빔은 거의 느껴지지 않아요. 도보 이동이 자유로워요.,7500,8000,53.8,46.2,1.6,4.9,18.7,18.9,15.1,17.1,13.7,10.0,69.8,30.2,N,2026-07-22 01:10,Y
2026-07-22T01:39:12.505424+09:00,송리단길·호수단길,송리단길·호수단길,POI121,KEY_1,송리단길·호수단길,POI121,여유,사람이 몰려있을 가능성이 낮고 붐빔은 거의 느껴지지 않아요. 도보 이동이 자유로워요.,4500,5000,49.0,51.0,0.3,5.9,16.1,26.3,18.6,12.8,12.3,7.7,68.8,31.2,N,2026-07-22 01:10,Y
2026-07-22T01:39:12.505424+09:00,신촌 스타광장,신촌 스타광장,POI122,KEY_2,신촌 스타광장,POI122,여유,사람이 몰려있을 가능성이 낮고 붐빔은 거의 느껴지지 않아요. 도보 이동이 자유로워요.,1500,2000,47.6,52.4,1.1,5.3,41.3,15.6,11.4,10.8,7.5,6.9,66.1,33.9,N,2026-07-22 01:10,Y
2026-07-22T01:39:12.505424+09:00,압구정로데오거리,압구정로데오거리,POI071,KEY_3,압구정로데오거리,POI071,여유,사람이 몰려있을 가능성이 낮고 붐빔은 거의 느껴지지 않아요. 도보 이동이 자유로워요.,10000,12000,50.9,49.1,3.1,6.4,12.0,16.3,19.5,18.2,12.0,12.5,72.6,27.4,N,2026-07-22 01:10,Y
2026-07-22T01:39:12.505424+09:00,여의도,여의도,POI072,KEY_4,여의도,POI072,여유,사람이 몰려있을 가능성이 낮고 붐빔은 거의 느껴지지 않아요. 도보 이동이 자유로워요.,32000,34000,53.8,46.2,1.8,5.8,12.3,18.0,20.0,18.0,12.7,11.4,72.1,27.9,N,2026-07-22 01:10,Y
2026-07-22T01:39:12.505424+09:00,연남동,연남동,POI073,KEY_1,연남동,POI073,여유,사람이 몰려있을 가능성이 낮고 붐빔은 거의 느껴지지 않아요. 도보 이동이 자유로워요.,6000,6500,46.8,53.2,0.9,5.0,23.8,21.1,15.5,13.7,9.7,10.3,70.2,29.8,N,2026-07-22 01:10,Y
2026-07-22T01:39:12.505424+09:00,영등포 타임스퀘어,영등포 타임스퀘어,POI074,KEY_2,영등포 타임스퀘어,POI074,여유,사람이 몰려있을 가능성이 낮고 붐빔은 거의 느껴지지 않아요. 도보 이동이 자유로워요.,4000,4500,60.3,39.7,0.0,2.5,33.8,25.2,14.0,13.8,7.6,3.1,28.6,71.4,N,2026-07-22 01:10,Y
2026-07-22T01:39:12.505424+09:00,용리단길,용리단길,POI076,KEY_3,용리단길,POI076,여유,사람이 몰려있을 가능성이 낮고 붐빔은 거의 느껴지지 않아요. 도보 이동이 자유로워요.,2500,3000,52.3,47.7,3.3,4.5,17.0,21.2,17.0,16.0,11.8,9.2,84.3,15.7,N,2026-07-22 01:10,Y
2026-07-22T01:39:12.505424+09:00,이태원 앤틱가구거리,이태원 앤틱가구거리,POI077,KEY_4,이태원 앤틱가구거리,POI077,여유,사람이 몰려있을 가능성이 낮고 붐빔은 거의 느껴지지 않아요. 도보 이동이 자유로워요.,3000,3500,52.8,47.2,1.6,4.9,18.5,20.1,16.3,14.4,12.7,11.5,74.6,25.4,N,2026-07-22 01:10,Y
2026-07-22T01:39:12.505424+09:00,익선동,익선동,POI116,KEY_1,익선동,POI116,여유,사람이 몰려있을 가능성이 낮고 붐빔은 거의 느껴지지 않아요. 도보 이동이 자유로워요.,2500,3000,63.8,36.2,0.3,3.4,24.2,16.2,16.9,16.2,12.6,10.4,41.9,58.1,N,2026-07-22 01:10,Y
2026-07-22T01:39:12.505424+09:00,인사동,인사동,POI078,KEY_2,인사동,POI078,여유,사람이 몰려있을 가능성이 낮고 붐빔은 거의 느껴지지 않아요. 도보 이동이 자유로워요.,3500,4000,60.1,39.9,0.3,3.8,18.8,18.6,18.9,16.9,12.5,10.2,56.8,43.2,N,2026-07-22 01:10,Y
2026-07-22T01:39:12.505424+09:00,잠실롯데타워·석촌호수,잠실롯데타워·석촌호수,POI120,KEY_3,잠실롯데타워·석촌호수,POI120,여유,사람이 몰려있을 가능성이 낮고 붐빔은 거의 느껴지지 않아요. 도보 이동이 자유로워요.,14000,16000,51.4,48.6,0.1,5.7,24.0,23.9,18.9,13.3,8.3,5.7,39.9,60.1,N,2026-07-22 01:10,Y
2026-07-22T01:39:12.505424+09:00,창동 신경제 중심지,창동 신경제 중심지,POI079,KEY_4,창동 신경제 중심지,POI079,여유,사람이 몰려있을 가능성이 낮고 붐빔은 거의 느껴지지 않아요. 도보 이동이 자유로워요.,14000,16000,52.1,47.9,0.4,7.4,18.7,17.6,16.8,17.8,12.7,8.7,54.1,45.9,N,2026-07-22 01:10,Y
2026-07-22T01:39:12.505424+09:00,청담동 명품거리,청담동 명품거리,POI080,KEY_1,청담동 명품거리,POI080,여유,사람이 몰려있을 가능성이 낮고 붐빔은 거의 느껴지지 않아요. 도보 이동이 자유로워요.,1500,2000,53.1,46.9,0.0,4.0,15.8,21.2,25.5,19.7,8.0,5.7,43.3,56.7,N,2026-07-22 01:10,Y
2026-07-22T01:39:12.505424+09:00,청량리 제기동 일대 전통시장,청량리 제기동 일대 전통시장,POI081,KEY_2,청량리 제기동 일대 전통시장,POI081,여유,사람이 몰려있을 가능성이 낮고 붐빔은 거의 느껴지지 않아요. 도보 이동이 자유로워요.,6000,6500,52.6,47.4,2.3,4.9,16.0,14.6,13.9,17.4,16.1,14.8,72.7,27.3,N,2026-07-22 01:10,Y
2026-07-22T01:39:12.505424+09:00,해방촌·경리단길,해방촌·경리단길,POI082,KEY_3,해방촌·경리단길,POI082,여유,사람이 몰려있을 가능성이 낮고 붐빔은 거의 느껴지지 않아요. 도보 이동이 자유로워요.,2500,3000,52.7,47.3,0.2,4.1,15.5,21.6,19.0,16.8,11.8,11.1,57.9,42.1,N,2026-07-22 01:10,Y
2026-07-22T01:39:12.505424+09:00,DDP(동대문디자인플라자),DDP(동대문디자인플라자),POI083,KEY_4,DDP(동대문디자인플라자),POI083,여유,사람이 몰려있을 가능성이 낮고 붐빔은 거의 느껴지지 않아요. 도보 이동이 자유로워요.,2000,2500,50.8,49.2,0.8,2.7,14.3,18.5,21.3,20.2,14.3,7.9,61.6,38.4,N,2026-07-22 01:10,Y
2026-07-22T01:39:12.505424+09:00,DMC(디지털미디어시티),DMC(디지털미디어시티),POI084,KEY_1,DMC(디지털미디어시티),POI084,여유,사람이 몰려있을 가능성이 낮고 붐빔은 거의 느껴지지 않아요. 도보 이동이 자유로워요.,14000,16000,48.9,51.1,3.1,7.8,15.1,18.4,17.6,17.4,11.4,9.2,71.8,28.2,N,2026-07-22 01:10,Y
2026-07-22T01:39:12.505424+09:00,가산디지털단지역,가산디지털단지역,POI013,KEY_2,가산디지털단지역,POI013,여유,사람이 몰려있을 가능성이 낮고 붐빔은 거의 느껴지지 않아요. 도보 이동이 자유로워요.,5500,6000,61.2,38.8,0.1,2.7,21.0,25.7,20.4,16.0,10.0,4.1,47.8,52.2,N,2026-07-22 01:10,Y
2026-07-22T01:39:12.505424+09:00,강남역,강남역,POI014,KEY_3,강남역,POI014,여유,사람이 몰려있을 가능성이 낮고 붐빔은 거의 느껴지지 않아요. 도보 이동이 자유로워요.,22000,24000,54.3,45.7,2.2,6.3,19.1,21.6,21.7,14.8,7.9,6.4,64.2,35.8,N,2026-07-22 01:10,Y
2026-07-22T01:39:12.505424+09:00,건대입구역,건대입구역,POI015,KEY_4,건대입구역,POI015,여유,사람이 몰려있을 가능성이 낮고 붐빔은 거의 느껴지지 않아요. 도보 이동이 자유로워요.,16000,18000,49.7,50.3,1.6,6.5,30.4,16.5,12.1,13.4,10.5,9.0,70.3,29.7,N,2026-07-22 01:10,Y
2026-07-22T01:39:12.505424+09:00,고덕역,고덕역,POI016,KEY_1,고덕역,POI016,여유,사람이 몰려있을 가능성이 낮고 붐빔은 거의 느껴지지 않아요. 도보 이동이 자유로워요.,1000,1500,58.5,41.5,0.2,18.0,16.8,11.3,21.1,14.7,10.0,7.8,59.4,40.6,N,2026-07-22 01:10,Y
2026-07-22T01:39:12.505424+09:00,고속터미널역,고속터미널역,POI017,KEY_2,고속터미널역,POI017,여유,사람이 몰려있을 가능성이 낮고 붐빔은 거의 느껴지지 않아요. 도보 이동이 자유로워요.,1500,2000,55.0,45.0,0.2,8.4,10.1,15.4,24.8,22.5,12.0,6.7,37.8,62.2,N,2026-07-22 01:10,Y
2026-07-22T01:39:12.505424+09:00,교대역,교대역,POI018,KEY_3,교대역,POI018,여유,사람이 몰려있을 가능성이 낮고 붐빔은 거의 느껴지지 않아요. 도보 이동이 자유로워요.,6000,6500,51.5,48.5,3.4,7.4,13.0,16.5,20.6,18.0,10.8,10.3,73.1,26.9,N,2026-07-22 01:10,Y
2026-07-22T01:39:12.505424+09:00,구로디지털단지역,구로디지털단지역,POI019,KEY_4,구로디지털단지역,POI019,여유,사람이 몰려있을 가능성이 낮고 붐빔은 거의 느껴지지 않아요. 도보 이동이 자유로워요.,5000,5500,57.2,42.8,0.2,3.3,23.5,24.9,19.9,14.9,7.9,5.3,50.1,49.9,N,2026-07-22 01:10,Y
2026-07-22T01:39:12.505424+09:00,구로역,구로역,POI020,KEY_1,구로역,POI020,여유,사람이 몰려있을 가능성이 낮고 붐빔은 거의 느껴지지 않아요. 도보 이동이 자유로워요.,900,1000,50.4,49.6,0.2,4.7,12.8,25.7,15.9,20.9,10.8,9.0,55.4,44.6,N,2026-07-22 01:10,Y
2026-07-22T01:39:12.505424+09:00,군자역,군자역,POI021,KEY_2,군자역,POI021,여유,사람이 몰려있을 가능성이 낮고 붐빔은 거의 느껴지지 않아요. 도보 이동이 자유로워요.,4000,4500,52.4,47.6,0.2,5.2,26.5,22.7,16.9,12.8,8.5,7.2,59.0,41.0,N,2026-07-22 01:10,Y
2026-07-22T01:39:12.505424+09:00,대림역,대림역,POI023,KEY_3,대림역,POI023,약간 붐빔,사람들이 몰려있을 가능성이 크고 붐빈다고 느낄 수 있어요. 인구밀도가 높은 구간에서는 도보 이동시 부딪힘이 발생할 수 있어요.,16000,18000,50.0,50.0,2.0,4.9,11.6,14.2,14.1,20.7,18.8,13.7,87.2,12.8,N,2026-07-22 01:10,Y
2026-07-22T01:39:12.505424+09:00,동대문역,동대문역,POI024,KEY_4,동대문역,POI024,여유,사람이 몰려있을 가능성이 낮고 붐빔은 거의 느껴지지 않아요. 도보 이동이 자유로워요.,1500,2000,57.4,42.6,0.0,3.1,14.5,15.9,22.0,17.1,17.0,10.4,25.7,74.3,N,2026-07-22 01:10,Y
2026-07-22T01:39:12.505424+09:00,뚝섬역,뚝섬역,POI025,KEY_1,뚝섬역,POI025,여유,사람이 몰려있을 가능성이 낮고 붐빔은 거의 느껴지지 않아요. 도보 이동이 자유로워요.,4000,4500,50.1,49.9,2.0,5.2,14.4,20.8,17.9,16.4,13.2,10.1,77.5,22.5,N,2026-07-22 01:10,Y
2026-07-22T01:39:12.505424+09:00,미아사거리역,미아사거리역,POI026,KEY_2,미아사거리역,POI026,여유,사람이 몰려있을 가능성이 낮고 붐빔은 거의 느껴지지 않아요. 도보 이동이 자유로워요.,3500,4000,53.5,46.5,0.3,6.8,21.6,15.3,15.7,18.6,11.4,10.3,44.2,55.8,N,2026-07-22 01:10,Y
2026-07-22T01:39:12.505424+09:00,발산역,발산역,POI027,KEY_3,발산역,POI027,여유,사람이 몰려있을 가능성이 낮고 붐빔은 거의 느껴지지 않아요. 도보 이동이 자유로워요.,4500,5000,52.7,47.3,0.4,6.4,21.7,26.4,18.0,12.3,8.7,6.0,49.6,50.4,N,2026-07-22 01:10,Y
2026-07-22T01:39:12.505424+09:00,사당역,사당역,POI029,KEY_4,사당역,POI029,여유,사람이 몰려있을 가능성이 낮고 붐빔은 거의 느껴지지 않아요. 도보 이동이 자유로워요.,7000,7500,52.6,47.4,0.1,4.0,23.9,23.8,15.7,14.0,10.3,8.3,53.6,46.4,N,2026-07-22 01:10,Y
2026-07-22T01:39:12.505424+09:00,삼각지역,삼각지역,POI030,KEY_1,삼각지역,POI030,여유,사람이 몰려있을 가능성이 낮고 붐빔은 거의 느껴지지 않아요. 도보 이동이 자유로워요.,1000,1500,52.8,47.2,1.7,3.6,17.4,26.8,17.8,14.7,10.7,7.4,70.1,29.9,N,2026-07-22 01:10,Y
2026-07-22T01:39:12.505424+09:00,서울대입구역,서울대입구역,POI031,KEY_2,서울대입구역,POI031,여유,사람이 몰려있을 가능성이 낮고 붐빔은 거의 느껴지지 않아요. 도보 이동이 자유로워요.,6500,7000,53.2,46.8,0.0,4.5,44.0,22.6,10.9,9.3,5.0,3.7,53.4,46.6,N,2026-07-22 01:10,Y
2026-07-22T01:39:12.505424+09:00,서울식물원·마곡나루역,서울식물원·마곡나루역,POI032,KEY_3,서울식물원·마곡나루역,POI032,여유,사람이 몰려있을 가능성이 낮고 붐빔은 거의 느껴지지 않아요. 도보 이동이 자유로워요.,1500,2000,49.0,51.0,3.8,6.6,17.1,22.1,16.8,14.3,10.3,9.0,78.7,21.3,N,2026-07-22 01:10,Y
2026-07-22T01:39:12.505424+09:00,서울역,서울역,POI033,KEY_4,서울역,POI033,여유,사람이 몰려있을 가능성이 낮고 붐빔은 거의 느껴지지 않아요. 도보 이동이 자유로워요.,3500,4000,53.8,46.2,1.7,4.7,12.4,17.5,18.0,19.3,14.7,11.7,71.6,28.4,N,2026-07-22 01:10,Y
2026-07-22T01:39:12.505424+09:00,선릉역,선릉역,POI034,KEY_1,선릉역,POI034,여유,사람이 몰려있을 가능성이 낮고 붐빔은 거의 느껴지지 않아요. 도보 이동이 자유로워요.,20000,22000,52.1,47.9,1.7,8.6,14.8,19.7,23.3,17.9,7.7,6.3,65.0,35.0,N,2026-07-22 01:10,Y
2026-07-22T01:39:12.505424+09:00,성신여대입구역,성신여대입구역,POI035,KEY_2,성신여대입구역,POI035,여유,사람이 몰려있을 가능성이 낮고 붐빔은 거의 느껴지지 않아요. 도보 이동이 자유로워요.,2000,2500,50.4,49.6,0.4,8.0,41.1,15.8,12.4,11.2,5.8,5.4,31.5,68.5,N,2026-07-22 01:10,Y
2026-07-22T01:39:12.505424+09:00,수유역,수유역,POI036,KEY_3,수유역,POI036,여유,사람이 몰려있을 가능성이 낮고 붐빔은 거의 느껴지지 않아요. 도보 이동이 자유로워요.,8500,9000,52.3,47.7,0.1,4.3,23.7,18.2,16.7,17.4,11.4,8.2,46.4,53.6,N,2026-07-22 01:10,Y
2026-07-22T01:39:12.505424+09:00,숭례문,숭례문,POI131,KEY_4,숭례문,POI131,여유,사람이 몰려있을 가능성이 낮고 붐빔은 거의 느껴지지 않아요. 도보 이동이 자유로워요.,1500,2000,58.9,41.1,0.8,3.3,12.0,17.8,21.8,19.9,14.7,9.6,57.1,42.9,N,2026-07-22 01:10,Y
2026-07-22T01:39:12.505424+09:00,시의회 앞,시의회 앞,POI130,KEY_1,시의회 앞,POI130,여유,사람이 몰려있을 가능성이 낮고 붐빔은 거의 느껴지지 않아요. 도보 이동이 자유로워요.,800,900,57.5,42.5,0.8,3.5,15.6,18.7,22.8,20.0,11.4,7.3,52.3,47.7,N,2026-07-22 01:10,Y
2026-07-22T01:39:12.505424+09:00,신논현역·논현역,신논현역·논현역,POI037,KEY_2,신논현역·논현역,POI037,여유,사람이 몰려있을 가능성이 낮고 붐빔은 거의 느껴지지 않아요. 도보 이동이 자유로워요.,5500,6000,53.7,46.3,1.6,4.2,20.3,22.6,20.6,14.5,8.6,7.5,62.1,37.9,N,2026-07-22 01:10,Y
2026-07-22T01:39:12.505424+09:00,신도림역,신도림역,POI038,KEY_3,신도림역,POI038,여유,사람이 몰려있을 가능성이 낮고 붐빔은 거의 느껴지지 않아요. 도보 이동이 자유로워요.,3500,4000,49.7,50.3,4.3,6.7,11.9,18.9,17.0,16.0,13.7,11.5,84.7,15.3,N,2026-07-22 01:10,Y
2026-07-22T01:39:12.505424+09:00,신림역,신림역,POI039,KEY_4,신림역,POI039,여유,사람이 몰려있을 가능성이 낮고 붐빔은 거의 느껴지지 않아요. 도보 이동이 자유로워요.,7500,8000,59.2,40.8,0.0,2.9,39.7,26.8,13.9,8.9,4.6,3.2,46.9,53.1,N,2026-07-22 01:10,Y
2026-07-22T01:39:12.505424+09:00,신정네거리역,신정네거리역,POI117,KEY_1,신정네거리역,POI117,여유,사람이 몰려있을 가능성이 낮고 붐빔은 거의 느껴지지 않아요. 도보 이동이 자유로워요.,900,1000,53.3,46.7,0.7,8.0,12.8,17.0,19.5,20.4,11.5,10.1,52.6,47.4,N,2026-07-22 01:10,Y
2026-07-22T01:39:12.505424+09:00,신촌·이대역,신촌·이대역,POI040,KEY_2,신촌·이대역,POI040,여유,사람이 몰려있을 가능성이 낮고 붐빔은 거의 느껴지지 않아요. 도보 이동이 자유로워요.,16000,18000,45.0,55.0,1.2,6.0,42.9,16.2,11.1,10.2,6.6,5.9,64.0,36.0,N,2026-07-22 01:10,Y
2026-07-22T01:39:12.505424+09:00,쌍문역,쌍문역,POI070,KEY_3,쌍문역,POI070,여유,사람이 몰려있을 가능성이 낮고 붐빔은 거의 느껴지지 않아요. 도보 이동이 자유로워요.,4500,5000,51.7,48.3,0.4,6.3,16.5,16.8,17.3,17.8,13.7,11.1,60.0,40.0,N,2026-07-22 01:10,Y
2026-07-22T01:39:12.505424+09:00,양재역,양재역,POI041,KEY_4,양재역,POI041,여유,사람이 몰려있을 가능성이 낮고 붐빔은 거의 느껴지지 않아요. 도보 이동이 자유로워요.,6000,6500,49.8,50.2,2.2,7.2,15.0,20.2,17.9,16.5,11.4,9.7,77.1,22.9,N,2026-07-22 01:10,Y
2026-07-22T01:39:12.505424+09:00,역삼역,역삼역,POI042,KEY_1,역삼역,POI042,여유,사람이 몰려있을 가능성이 낮고 붐빔은 거의 느껴지지 않아요. 도보 이동이 자유로워요.,12000,14000,53.2,46.8,1.7,5.3,17.1,22.7,23.1,15.7,8.1,6.3,65.8,34.2,N,2026-07-22 01:10,Y
2026-07-22T01:39:12.505424+09:00,연신내역,연신내역,POI043,KEY_2,연신내역,POI043,여유,사람이 몰려있을 가능성이 낮고 붐빔은 거의 느껴지지 않아요. 도보 이동이 자유로워요.,3500,4000,54.7,45.3,0.1,3.7,25.4,22.2,15.0,14.0,11.4,8.2,42.8,57.2,N,2026-07-22 01:10,Y
2026-07-22T01:39:12.505424+09:00,오목교역·목동운동장,오목교역·목동운동장,POI044,KEY_3,오목교역·목동운동장,POI044,여유,사람이 몰려있을 가능성이 낮고 붐빔은 거의 느껴지지 않아요. 도보 이동이 자유로워요.,64000,66000,48.6,51.4,6.0,14.6,10.5,9.7,20.1,17.5,11.7,9.8,88.3,11.7,N,2026-07-22 01:10,Y
2026-07-22T01:39:12.505424+09:00,왕십리역,왕십리역,POI045,KEY_4,왕십리역,POI045,여유,사람이 몰려있을 가능성이 낮고 붐빔은 거의 느껴지지 않아요. 도보 이동이 자유로워요.,16000,18000,49.1,50.9,3.0,6.5,24.0,15.7,12.5,14.7,12.1,11.5,82.4,17.6,N,2026-07-22 01:10,Y
2026-07-22T01:39:12.505424+09:00,용산역,용산역,POI046,KEY_1,용산역,POI046,여유,사람이 몰려있을 가능성이 낮고 붐빔은 거의 느껴지지 않아요. 도보 이동이 자유로워요.,3000,3500,55.6,44.4,0.6,4.0,14.7,20.9,22.4,17.6,11.5,8.1,51.0,49.0,N,2026-07-22 01:10,Y
2026-07-22T01:39:12.505424+09:00,이태원역,이태원역,POI047,KEY_2,이태원역,POI047,여유,사람이 몰려있을 가능성이 낮고 붐빔은 거의 느껴지지 않아요. 도보 이동이 자유로워요.,2000,2500,59.8,40.2,0.1,3.5,37.0,23.4,15.9,9.7,5.2,5.2,39.9,60.1,N,2026-07-22 01:10,Y
2026-07-22T01:39:12.505424+09:00,잠실새내역,잠실새내역,POI118,KEY_3,잠실새내역,POI118,여유,사람이 몰려있을 가능성이 낮고 붐빔은 거의 느껴지지 않아요. 도보 이동이 자유로워요.,6500,7000,53.8,46.2,0.5,9.6,18.3,17.9,23.6,17.0,7.1,5.9,54.5,45.5,N,2026-07-22 01:10,Y
2026-07-22T01:39:12.505424+09:00,잠실역,잠실역,POI119,KEY_4,잠실역,POI119,여유,사람이 몰려있을 가능성이 낮고 붐빔은 거의 느껴지지 않아요. 도보 이동이 자유로워요.,2500,3000,53.6,46.4,0.2,5.5,16.6,21.4,21.9,17.5,11.5,5.4,35.4,64.6,N,2026-07-22 01:10,Y
2026-07-22T01:39:12.505424+09:00,장지역,장지역,POI048,KEY_1,장지역,POI048,여유,사람이 몰려있을 가능성이 낮고 붐빔은 거의 느껴지지 않아요. 도보 이동이 자유로워요.,6500,7000,51.2,48.8,2.4,5.3,12.6,23.5,20.9,15.8,11.3,8.2,75.3,24.7,N,2026-07-22 01:10,Y
2026-07-22T01:39:12.505424+09:00,장한평역,장한평역,POI049,KEY_2,장한평역,POI049,여유,사람이 몰려있을 가능성이 낮고 붐빔은 거의 느껴지지 않아요. 도보 이동이 자유로워요.,5000,5500,54.5,45.5,0.3,2.6,18.1,23.8,18.6,17.3,11.6,7.6,53.4,46.6,N,2026-07-22 01:10,Y
2026-07-22T01:39:12.505424+09:00,천호역,천호역,POI050,KEY_3,천호역,POI050,여유,사람이 몰려있을 가능성이 낮고 붐빔은 거의 느껴지지 않아요. 도보 이동이 자유로워요.,3500,4000,51.6,48.4,0.1,4.7,21.0,26.1,16.7,17.2,8.7,5.5,49.7,50.3,N,2026-07-22 01:10,Y
2026-07-22T01:39:12.505424+09:00,총신대입구(이수)역,총신대입구(이수)역,POI051,KEY_4,총신대입구(이수)역,POI051,여유,사람이 몰려있을 가능성이 낮고 붐빔은 거의 느껴지지 않아요. 도보 이동이 자유로워요.,4500,5000,50.1,49.9,0.3,5.2,21.1,20.6,16.8,15.3,10.8,9.9,59.0,41.0,N,2026-07-22 01:10,Y
2026-07-22T01:39:12.505424+09:00,충정로역,충정로역,POI052,KEY_1,충정로역,POI052,여유,사람이 몰려있을 가능성이 낮고 붐빔은 거의 느껴지지 않아요. 도보 이동이 자유로워요.,5500,6000,47.8,52.2,2.8,5.6,13.4,17.3,15.7,17.0,15.1,13.3,87.8,12.2,N,2026-07-22 01:10,Y
2026-07-22T01:39:12.505424+09:00,합정역,합정역,POI053,KEY_2,합정역,POI053,여유,사람이 몰려있을 가능성이 낮고 붐빔은 거의 느껴지지 않아요. 도보 이동이 자유로워요.,5000,5500,47.9,52.1,1.1,4.2,19.8,23.5,16.5,14.7,10.8,9.5,76.0,24.0,N,2026-07-22 01:10,Y
2026-07-22T01:39:12.505424+09:00,혜화역,혜화역,POI054,KEY_3,혜화역,POI054,여유,사람이 몰려있을 가능성이 낮고 붐빔은 거의 느껴지지 않아요. 도보 이동이 자유로워요.,6500,7000,48.6,51.4,1.3,6.9,26.9,15.8,12.7,14.0,11.3,11.0,75.7,24.3,N,2026-07-22 01:10,Y
2026-07-22T01:39:12.505424+09:00,홍대입구역(2호선),홍대입구역(2호선),POI055,KEY_4,홍대입구역(2호선),POI055,여유,사람이 몰려있을 가능성이 낮고 붐빔은 거의 느껴지지 않아요. 도보 이동이 자유로워요.,7000,7500,49.9,50.1,1.1,5.3,27.3,19.6,15.5,13.7,9.5,8.0,66.9,33.1,N,2026-07-22 01:10,Y
2026-07-22T01:39:12.505424+09:00,회기역,회기역,POI056,KEY_1,회기역,POI056,여유,사람이 몰려있을 가능성이 낮고 붐빔은 거의 느껴지지 않아요. 도보 이동이 자유로워요.,6000,6500,51.7,48.3,0.1,5.9,47.8,15.5,9.4,8.8,6.2,6.3,56.1,43.9,N,2026-07-22 01:10,Y
