fetched_at,place_name,AREA_NM,AREA_CD,_key_used,PRK_STTS__PRK_NM,PRK_STTS__PRK_CD,PRK_STTS__PRK_TYPE,PRK_STTS__CPCTY,PRK_STTS__CUR_PRK_CNT,PRK_STTS__CUR_PRK_TIME,PRK_STTS__CUR_PRK_YN,PRK_STTS__PAY_YN,PRK_STTS__RATES,PRK_STTS__TIME_RATES,PRK_STTS__ADD_RATES,PRK_STTS__ADD_TIME_RATES,PRK_STTS__ADDRESS,PRK_STTS__ROAD_ADDR,PRK_STTS__LNG,PRK_STTS__LAT
2026-08-25T00:51:54.892889+09:00,서울 암사동 유적,서울 암사동 유적,POI011,KEY_4,서울암사동유적 주차장(구),3246676,NW,108,,,N,Y,1000,540,1000,540,강동구 암사동 139-2,,127.1303425,37.5591723
2026-08-25T00:51:54.892889+09:00,노들섬,노들섬,POI092,KEY_4,노들섬 주차장,3204515,BS,99,,,N,Y,1000,30,300,10,용산구 이촌동 302-146,,126.957417,37.517689
2026-08-25T00:51:54.892889+09:00,보라매공원,보라매공원,POI123,KEY_4,보라매공원 정문주차장,3246367,BS,78,,,N,Y,130,5,130,5,동작구 신대방동 722-0,,126.9188806,37.494927
2026-08-25T00:51:54.892889+09:00,안양천,안양천,POI125,KEY_4,신정교주차장(구),1588371,NW,294,,,N,N,0,0,0,0,양천구 신정동 871-3,,126.8779641,37.5171996
2026-08-25T00:51:54.892889+09:00,잠실종합운동장,잠실종합운동장,POI109,KEY_1,잠실종합운동장 부설주차장,672169,BP,876,,,N,Y,0,15,200,5,송파구 잠실동 10-0,,127.07361195,37.51645099
2026-08-25T00:51:54.892889+09:00,신도림역,신도림역,POI038,KEY_3,신도림 디큐브시티,3121188,BS,1644,,,N,Y,3000,30,1000,10,구로구 신도림동 692-0,,126.888938,37.508607
2026-08-25T01:52:04.300150+09:00,서울 암사동 유적,서울 암사동 유적,POI011,KEY_4,서울암사동유적 주차장(구),3246676,NW,108,,,N,Y,1000,540,1000,540,강동구 암사동 139-2,,127.1303425,37.5591723
2026-08-25T01:52:04.300150+09:00,노들섬,노들섬,POI092,KEY_4,노들섬 주차장,3204515,BS,99,,,N,Y,1000,30,300,10,용산구 이촌동 302-146,,126.957417,37.517689
2026-08-25T01:52:04.300150+09:00,보라매공원,보라매공원,POI123,KEY_4,보라매공원 정문주차장,3246367,BS,78,,,N,Y,130,5,130,5,동작구 신대방동 722-0,,126.9188806,37.494927
2026-08-25T01:52:04.300150+09:00,안양천,안양천,POI125,KEY_4,신정교주차장(구),1588371,NW,294,,,N,N,0,0,0,0,양천구 신정동 871-3,,126.8779641,37.5171996
2026-08-25T01:52:04.300150+09:00,잠실종합운동장,잠실종합운동장,POI109,KEY_1,잠실종합운동장 부설주차장,672169,BP,876,,,N,Y,0,15,200,5,송파구 잠실동 10-0,,127.07361195,37.51645099
2026-08-25T01:52:04.300150+09:00,신도림역,신도림역,POI038,KEY_3,신도림 디큐브시티,3121188,BS,1644,,,N,Y,3000,30,1000,10,구로구 신도림동 692-0,,126.888938,37.508607
2026-08-25T02:40:40.822442+09:00,서울 암사동 유적,서울 암사동 유적,POI011,KEY_4,서울암사동유적 주차장(구),3246676,NW,108,,,N,Y,1000,540,1000,540,강동구 암사동 139-2,,127.1303425,37.5591723
2026-08-25T02:40:40.822442+09:00,노들섬,노들섬,POI092,KEY_4,노들섬 주차장,3204515,BS,99,,,N,Y,1000,30,300,10,용산구 이촌동 302-146,,126.957417,37.517689
2026-08-25T02:40:40.822442+09:00,보라매공원,보라매공원,POI123,KEY_4,보라매공원 정문주차장,3246367,BS,78,,,N,Y,130,5,130,5,동작구 신대방동 722-0,,126.9188806,37.494927
2026-08-25T02:40:40.822442+09:00,안양천,안양천,POI125,KEY_4,신정교주차장(구),1588371,NW,294,,,N,N,0,0,0,0,양천구 신정동 871-3,,126.8779641,37.5171996
2026-08-25T02:40:40.822442+09:00,잠실종합운동장,잠실종합운동장,POI109,KEY_1,잠실종합운동장 부설주차장,672169,BP,876,,,N,Y,0,15,200,5,송파구 잠실동 10-0,,127.07361195,37.51645099
2026-08-25T02:40:40.822442+09:00,신도림역,신도림역,POI038,KEY_3,신도림 디큐브시티,3121188,BS,1644,,,N,Y,3000,30,1000,10,구로구 신도림동 692-0,,126.888938,37.508607
2026-08-25T03:54:51.615642+09:00,서울 암사동 유적,서울 암사동 유적,POI011,KEY_4,서울암사동유적 주차장(구),3246676,NW,108,,,N,Y,1000,540,1000,540,강동구 암사동 139-2,,127.1303425,37.5591723
2026-08-25T03:54:51.615642+09:00,노들섬,노들섬,POI092,KEY_4,노들섬 주차장,3204515,BS,99,,,N,Y,1000,30,300,10,용산구 이촌동 302-146,,126.957417,37.517689
2026-08-25T03:54:51.615642+09:00,보라매공원,보라매공원,POI123,KEY_4,보라매공원 정문주차장,3246367,BS,78,,,N,Y,130,5,130,5,동작구 신대방동 722-0,,126.9188806,37.494927
2026-08-25T03:54:51.615642+09:00,안양천,안양천,POI125,KEY_4,신정교주차장(구),1588371,NW,294,,,N,N,0,0,0,0,양천구 신정동 871-3,,126.8779641,37.5171996
2026-08-25T03:54:51.615642+09:00,잠실종합운동장,잠실종합운동장,POI109,KEY_1,잠실종합운동장 부설주차장,672169,BP,876,,,N,Y,0,15,200,5,송파구 잠실동 10-0,,127.07361195,37.51645099
2026-08-25T03:54:51.615642+09:00,신도림역,신도림역,POI038,KEY_3,신도림 디큐브시티,3121188,BS,1644,,,N,Y,3000,30,1000,10,구로구 신도림동 692-0,,126.888938,37.508607
2026-08-25T04:39:06.104489+09:00,서울 암사동 유적,서울 암사동 유적,POI011,KEY_4,서울암사동유적 주차장(구),3246676,NW,108,,,N,Y,1000,540,1000,540,강동구 암사동 139-2,,127.1303425,37.5591723
2026-08-25T04:39:06.104489+09:00,노들섬,노들섬,POI092,KEY_4,노들섬 주차장,3204515,BS,99,,,N,Y,1000,30,300,10,용산구 이촌동 302-146,,126.957417,37.517689
2026-08-25T04:39:06.104489+09:00,보라매공원,보라매공원,POI123,KEY_4,보라매공원 정문주차장,3246367,BS,78,,,N,Y,130,5,130,5,동작구 신대방동 722-0,,126.9188806,37.494927
2026-08-25T04:39:06.104489+09:00,안양천,안양천,POI125,KEY_4,신정교주차장(구),1588371,NW,294,,,N,N,0,0,0,0,양천구 신정동 871-3,,126.8779641,37.5171996
2026-08-25T04:39:06.104489+09:00,잠실종합운동장,잠실종합운동장,POI109,KEY_1,잠실종합운동장 부설주차장,672169,BP,876,,,N,Y,0,15,200,5,송파구 잠실동 10-0,,127.07361195,37.51645099
2026-08-25T04:39:06.104489+09:00,신도림역,신도림역,POI038,KEY_3,신도림 디큐브시티,3121188,BS,1644,,,N,Y,3000,30,1000,10,구로구 신도림동 692-0,,126.888938,37.508607
2026-08-25T05:43:01.634217+09:00,서울 암사동 유적,서울 암사동 유적,POI011,KEY_4,서울암사동유적 주차장(구),3246676,NW,108,,,N,Y,1000,540,1000,540,강동구 암사동 139-2,,127.1303425,37.5591723
2026-08-25T05:43:01.634217+09:00,노들섬,노들섬,POI092,KEY_4,노들섬 주차장,3204515,BS,99,,,N,Y,1000,30,300,10,용산구 이촌동 302-146,,126.957417,37.517689
2026-08-25T05:43:01.634217+09:00,보라매공원,보라매공원,POI123,KEY_4,보라매공원 정문주차장,3246367,BS,78,,,N,Y,130,5,130,5,동작구 신대방동 722-0,,126.9188806,37.494927
2026-08-25T05:43:01.634217+09:00,안양천,안양천,POI125,KEY_4,신정교주차장(구),1588371,NW,294,,,N,N,0,0,0,0,양천구 신정동 871-3,,126.8779641,37.5171996
2026-08-25T05:43:01.634217+09:00,잠실종합운동장,잠실종합운동장,POI109,KEY_1,잠실종합운동장 부설주차장,672169,BP,876,,,N,Y,0,15,200,5,송파구 잠실동 10-0,,127.07361195,37.51645099
2026-08-25T05:43:01.634217+09:00,신도림역,신도림역,POI038,KEY_3,신도림 디큐브시티,3121188,BS,1644,,,N,Y,3000,30,1000,10,구로구 신도림동 692-0,,126.888938,37.508607
2026-08-25T06:40:22.182810+09:00,서울 암사동 유적,서울 암사동 유적,POI011,KEY_4,서울암사동유적 주차장(구),3246676,NW,108,,,N,Y,1000,540,1000,540,강동구 암사동 139-2,,127.1303425,37.5591723
2026-08-25T06:40:22.182810+09:00,노들섬,노들섬,POI092,KEY_4,노들섬 주차장,3204515,BS,99,,,N,Y,1000,30,300,10,용산구 이촌동 302-146,,126.957417,37.517689
2026-08-25T06:40:22.182810+09:00,보라매공원,보라매공원,POI123,KEY_4,보라매공원 정문주차장,3246367,BS,78,,,N,Y,130,5,130,5,동작구 신대방동 722-0,,126.9188806,37.494927
2026-08-25T06:40:22.182810+09:00,안양천,안양천,POI125,KEY_4,신정교주차장(구),1588371,NW,294,,,N,N,0,0,0,0,양천구 신정동 871-3,,126.8779641,37.5171996
2026-08-25T06:40:22.182810+09:00,잠실종합운동장,잠실종합운동장,POI109,KEY_1,잠실종합운동장 부설주차장,672169,BP,876,,,N,Y,0,15,200,5,송파구 잠실동 10-0,,127.07361195,37.51645099
2026-08-25T06:40:22.182810+09:00,신도림역,신도림역,POI038,KEY_3,신도림 디큐브시티,3121188,BS,1644,,,N,Y,3000,30,1000,10,구로구 신도림동 692-0,,126.888938,37.508607
2026-08-25T07:38:47.500363+09:00,서울 암사동 유적,서울 암사동 유적,POI011,KEY_4,서울암사동유적 주차장(구),3246676,NW,108,,,N,Y,1000,540,1000,540,강동구 암사동 139-2,,127.1303425,37.5591723
2026-08-25T07:38:47.500363+09:00,노들섬,노들섬,POI092,KEY_4,노들섬 주차장,3204515,BS,99,,,N,Y,1000,30,300,10,용산구 이촌동 302-146,,126.957417,37.517689
2026-08-25T07:38:47.500363+09:00,보라매공원,보라매공원,POI123,KEY_4,보라매공원 정문주차장,3246367,BS,78,,,N,Y,130,5,130,5,동작구 신대방동 722-0,,126.9188806,37.494927
2026-08-25T07:38:47.500363+09:00,안양천,안양천,POI125,KEY_4,신정교주차장(구),1588371,NW,294,,,N,N,0,0,0,0,양천구 신정동 871-3,,126.8779641,37.5171996
2026-08-25T07:38:47.500363+09:00,잠실종합운동장,잠실종합운동장,POI109,KEY_1,잠실종합운동장 부설주차장,672169,BP,876,,,N,Y,0,15,200,5,송파구 잠실동 10-0,,127.07361195,37.51645099
2026-08-25T07:38:47.500363+09:00,신도림역,신도림역,POI038,KEY_3,신도림 디큐브시티,3121188,BS,1644,,,N,Y,3000,30,1000,10,구로구 신도림동 692-0,,126.888938,37.508607
2026-08-25T08:32:17.235399+09:00,서울 암사동 유적,서울 암사동 유적,POI011,KEY_4,서울암사동유적 주차장(구),3246676,NW,108,,,N,Y,1000,540,1000,540,강동구 암사동 139-2,,127.1303425,37.5591723
2026-08-25T08:32:17.235399+09:00,노들섬,노들섬,POI092,KEY_4,노들섬 주차장,3204515,BS,99,,,N,Y,1000,30,300,10,용산구 이촌동 302-146,,126.957417,37.517689
2026-08-25T08:32:17.235399+09:00,보라매공원,보라매공원,POI123,KEY_4,보라매공원 정문주차장,3246367,BS,78,,,N,Y,130,5,130,5,동작구 신대방동 722-0,,126.9188806,37.494927
2026-08-25T08:32:17.235399+09:00,안양천,안양천,POI125,KEY_4,신정교주차장(구),1588371,NW,294,,,N,N,0,0,0,0,양천구 신정동 871-3,,126.8779641,37.5171996
2026-08-25T08:32:17.235399+09:00,잠실종합운동장,잠실종합운동장,POI109,KEY_1,잠실종합운동장 부설주차장,672169,BP,876,,,N,Y,0,15,200,5,송파구 잠실동 10-0,,127.07361195,37.51645099
2026-08-25T08:32:17.235399+09:00,신도림역,신도림역,POI038,KEY_3,신도림 디큐브시티,3121188,BS,1644,,,N,Y,3000,30,1000,10,구로구 신도림동 692-0,,126.888938,37.508607
2026-08-25T10:48:39.651985+09:00,서울 암사동 유적,서울 암사동 유적,POI011,KEY_4,서울암사동유적 주차장(구),3246676,NW,108,,,N,Y,1000,540,1000,540,강동구 암사동 139-2,,127.1303425,37.5591723
2026-08-25T10:48:39.651985+09:00,노들섬,노들섬,POI092,KEY_4,노들섬 주차장,3204515,BS,99,,,N,Y,1000,30,300,10,용산구 이촌동 302-146,,126.957417,37.517689
2026-08-25T10:48:39.651985+09:00,보라매공원,보라매공원,POI123,KEY_4,보라매공원 정문주차장,3246367,BS,78,,,N,Y,130,5,130,5,동작구 신대방동 722-0,,126.9188806,37.494927
2026-08-25T10:48:39.651985+09:00,안양천,안양천,POI125,KEY_4,신정교주차장(구),1588371,NW,294,,,N,N,0,0,0,0,양천구 신정동 871-3,,126.8779641,37.5171996
2026-08-25T10:48:39.651985+09:00,잠실종합운동장,잠실종합운동장,POI109,KEY_1,잠실종합운동장 부설주차장,672169,BP,876,,,N,Y,0,15,200,5,송파구 잠실동 10-0,,127.07361195,37.51645099
2026-08-25T10:48:39.651985+09:00,신도림역,신도림역,POI038,KEY_3,신도림 디큐브시티,3121188,BS,1644,,,N,Y,3000,30,1000,10,구로구 신도림동 692-0,,126.888938,37.508607
2026-08-25T12:09:50.523928+09:00,서울 암사동 유적,서울 암사동 유적,POI011,KEY_4,서울암사동유적 주차장(구),3246676,NW,108,,,N,Y,1000,540,1000,540,강동구 암사동 139-2,,127.1303425,37.5591723
2026-08-25T12:09:50.523928+09:00,노들섬,노들섬,POI092,KEY_4,노들섬 주차장,3204515,BS,99,,,N,Y,1000,30,300,10,용산구 이촌동 302-146,,126.957417,37.517689
2026-08-25T12:09:50.523928+09:00,보라매공원,보라매공원,POI123,KEY_4,보라매공원 정문주차장,3246367,BS,78,,,N,Y,130,5,130,5,동작구 신대방동 722-0,,126.9188806,37.494927
2026-08-25T12:09:50.523928+09:00,안양천,안양천,POI125,KEY_4,신정교주차장(구),1588371,NW,294,,,N,N,0,0,0,0,양천구 신정동 871-3,,126.8779641,37.5171996
2026-08-25T12:09:50.523928+09:00,잠실종합운동장,잠실종합운동장,POI109,KEY_1,잠실종합운동장 부설주차장,672169,BP,876,,,N,Y,0,15,200,5,송파구 잠실동 10-0,,127.07361195,37.51645099
2026-08-25T12:09:50.523928+09:00,신도림역,신도림역,POI038,KEY_3,신도림 디큐브시티,3121188,BS,1644,,,N,Y,3000,30,1000,10,구로구 신도림동 692-0,,126.888938,37.508607
2026-08-25T13:50:49.395640+09:00,서울 암사동 유적,서울 암사동 유적,POI011,KEY_4,서울암사동유적 주차장(구),3246676,NW,108,,,N,Y,1000,540,1000,540,강동구 암사동 139-2,,127.1303425,37.5591723
2026-08-25T13:50:49.395640+09:00,노들섬,노들섬,POI092,KEY_4,노들섬 주차장,3204515,BS,99,,,N,Y,1000,30,300,10,용산구 이촌동 302-146,,126.957417,37.517689
2026-08-25T13:50:49.395640+09:00,보라매공원,보라매공원,POI123,KEY_4,보라매공원 정문주차장,3246367,BS,78,,,N,Y,130,5,130,5,동작구 신대방동 722-0,,126.9188806,37.494927
2026-08-25T13:50:49.395640+09:00,안양천,안양천,POI125,KEY_4,신정교주차장(구),1588371,NW,294,,,N,N,0,0,0,0,양천구 신정동 871-3,,126.8779641,37.5171996
2026-08-25T13:50:49.395640+09:00,잠실종합운동장,잠실종합운동장,POI109,KEY_1,잠실종합운동장 부설주차장,672169,BP,876,,,N,Y,0,15,200,5,송파구 잠실동 10-0,,127.07361195,37.51645099
2026-08-25T13:50:49.395640+09:00,신도림역,신도림역,POI038,KEY_3,신도림 디큐브시티,3121188,BS,1644,,,N,Y,3000,30,1000,10,구로구 신도림동 692-0,,126.888938,37.508607
2026-08-25T14:42:05.613969+09:00,서울 암사동 유적,서울 암사동 유적,POI011,KEY_4,서울암사동유적 주차장(구),3246676,NW,108,,,N,Y,1000,540,1000,540,강동구 암사동 139-2,,127.1303425,37.5591723
2026-08-25T14:42:05.613969+09:00,노들섬,노들섬,POI092,KEY_4,노들섬 주차장,3204515,BS,99,,,N,Y,1000,30,300,10,용산구 이촌동 302-146,,126.957417,37.517689
2026-08-25T14:42:05.613969+09:00,보라매공원,보라매공원,POI123,KEY_4,보라매공원 정문주차장,3246367,BS,78,,,N,Y,130,5,130,5,동작구 신대방동 722-0,,126.9188806,37.494927
2026-08-25T14:42:05.613969+09:00,안양천,안양천,POI125,KEY_4,신정교주차장(구),1588371,NW,294,,,N,N,0,0,0,0,양천구 신정동 871-3,,126.8779641,37.5171996
2026-08-25T14:42:05.613969+09:00,잠실종합운동장,잠실종합운동장,POI109,KEY_1,잠실종합운동장 부설주차장,672169,BP,876,,,N,Y,0,15,200,5,송파구 잠실동 10-0,,127.07361195,37.51645099
2026-08-25T14:42:05.613969+09:00,신도림역,신도림역,POI038,KEY_3,신도림 디큐브시티,3121188,BS,1644,,,N,Y,3000,30,1000,10,구로구 신도림동 692-0,,126.888938,37.508607
2026-08-25T16:04:22.925570+09:00,서울 암사동 유적,서울 암사동 유적,POI011,KEY_4,서울암사동유적 주차장(구),3246676,NW,108,,,N,Y,1000,540,1000,540,강동구 암사동 139-2,,127.1303425,37.5591723
2026-08-25T16:04:22.925570+09:00,노들섬,노들섬,POI092,KEY_4,노들섬 주차장,3204515,BS,99,,,N,Y,1000,30,300,10,용산구 이촌동 302-146,,126.957417,37.517689
2026-08-25T16:04:22.925570+09:00,보라매공원,보라매공원,POI123,KEY_4,보라매공원 정문주차장,3246367,BS,78,,,N,Y,130,5,130,5,동작구 신대방동 722-0,,126.9188806,37.494927
2026-08-25T16:04:22.925570+09:00,안양천,안양천,POI125,KEY_4,신정교주차장(구),1588371,NW,294,,,N,N,0,0,0,0,양천구 신정동 871-3,,126.8779641,37.5171996
2026-08-25T16:04:22.925570+09:00,잠실종합운동장,잠실종합운동장,POI109,KEY_1,잠실종합운동장 부설주차장,672169,BP,876,,,N,Y,0,15,200,5,송파구 잠실동 10-0,,127.07361195,37.51645099
2026-08-25T16:04:22.925570+09:00,신도림역,신도림역,POI038,KEY_3,신도림 디큐브시티,3121188,BS,1644,,,N,Y,3000,30,1000,10,구로구 신도림동 692-0,,126.888938,37.508607
