adstr_cd,dong_nm,category,pred_sales,pred_sales_백만원,rank
11110515,청운효자동,한식음식점,4444628000.0,4444.6,1
11110515,청운효자동,커피-음료,4103261200.0,4103.3,2
11110515,청운효자동,양식음식점,2616572400.0,2616.6,3
11110530,사직동,한식음식점,42487874000.0,42487.9,1
11110530,사직동,커피-음료,12013206000.0,12013.2,2
11110530,사직동,호프-간이주점,7229040600.0,7229.0,3
11110540,삼청동,한식음식점,10154797000.0,10154.8,1
11110540,삼청동,커피-음료,8394059000.0,8394.1,2
11110540,삼청동,양식음식점,3347521800.0,3347.5,3
11110550,부암동,한식음식점,1048313660.0,1048.3,1
11110550,부암동,양식음식점,661960640.0,662.0,2
11110550,부암동,커피-음료,645211970.0,645.2,3
11110560,평창동,한식음식점,3133969400.0,3134.0,1
11110560,평창동,호프-간이주점,423352670.0,423.4,2
11110560,평창동,제과점,338530700.0,338.5,3
11110570,무악동,한식음식점,539114300.0,539.1,1
11110570,무악동,제과점,337267460.0,337.3,2
11110570,무악동,중식음식점,121181110.0,121.2,3
11110580,교남동,한식음식점,992960830.0,993.0,1
11110580,교남동,중식음식점,508961060.0,509.0,2
11110580,교남동,일식음식점,252336820.0,252.3,3
11110600,가회동,한식음식점,10105585000.0,10105.6,1
11110600,가회동,커피-음료,5238360000.0,5238.4,2
11110600,가회동,양식음식점,4911523000.0,4911.5,3
11110615,종로1·2·3·4가동,한식음식점,101781110000.0,101781.1,1
11110615,종로1·2·3·4가동,호프-간이주점,31633623000.0,31633.6,2
11110615,종로1·2·3·4가동,커피-음료,25884537000.0,25884.5,3
11110630,종로5·6가동,한식음식점,20774940000.0,20774.9,1
11110630,종로5·6가동,커피-음료,3042377200.0,3042.4,2
11110630,종로5·6가동,호프-간이주점,2270457600.0,2270.5,3
11110640,이화동,한식음식점,8426977000.0,8427.0,1
11110640,이화동,커피-음료,4857960400.0,4858.0,2
11110640,이화동,호프-간이주점,2149490700.0,2149.5,3
11110650,혜화동,한식음식점,15235988000.0,15236.0,1
11110650,혜화동,커피-음료,4171568400.0,4171.6,2
11110650,혜화동,호프-간이주점,3690226200.0,3690.2,3
11110670,창신1동,한식음식점,5133299700.0,5133.3,1
11110670,창신1동,양식음식점,2039021200.0,2039.0,2
11110670,창신1동,호프-간이주점,1250116600.0,1250.1,3
11110680,창신2동,한식음식점,4628412400.0,4628.4,1
11110680,창신2동,호프-간이주점,473295800.0,473.3,2
11110680,창신2동,중식음식점,343037660.0,343.0,3
11110690,창신3동,한식음식점,88729050.0,88.7,1
11110690,창신3동,중식음식점,75815260.0,75.8,2
11110690,창신3동,치킨전문점,39925630.0,39.9,3
11110700,숭인1동,한식음식점,984095400.0,984.1,1
11110700,숭인1동,호프-간이주점,81488850.0,81.5,2
11110700,숭인1동,중식음식점,79211920.0,79.2,3
11110710,숭인2동,한식음식점,5843824600.0,5843.8,1
11110710,숭인2동,호프-간이주점,624522940.0,624.5,2
11110710,숭인2동,제과점,390132770.0,390.1,3
11140520,소공동,한식음식점,57116680000.0,57116.7,1
11140520,소공동,커피-음료,18068318000.0,18068.3,2
11140520,소공동,호프-간이주점,4989638700.0,4989.6,3
11140540,회현동,한식음식점,26599290000.0,26599.3,1
11140540,회현동,커피-음료,8224703500.0,8224.7,2
11140540,회현동,호프-간이주점,2568911400.0,2568.9,3
11140550,명동,한식음식점,77971325000.0,77971.3,1
11140550,명동,커피-음료,22885935000.0,22885.9,2
11140550,명동,호프-간이주점,8714716000.0,8714.7,3
11140570,필동,한식음식점,14335071000.0,14335.1,1
11140570,필동,커피-음료,3830332400.0,3830.3,2
11140570,필동,호프-간이주점,2864680000.0,2864.7,3
11140580,장충동,한식음식점,7162311700.0,7162.3,1
11140580,장충동,커피-음료,1112037900.0,1112.0,2
11140580,장충동,양식음식점,941338400.0,941.3,3
11140590,광희동,한식음식점,21896554000.0,21896.6,1
11140590,광희동,호프-간이주점,3771653600.0,3771.7,2
11140590,광희동,커피-음료,3527597600.0,3527.6,3
11140605,을지로동,한식음식점,35573154000.0,35573.2,1
11140605,을지로동,호프-간이주점,8795153000.0,8795.2,2
11140605,을지로동,커피-음료,6234747000.0,6234.7,3
11140615,신당동,한식음식점,8576989000.0,8577.0,1
11140615,신당동,분식전문점,2272229400.0,2272.2,2
11140615,신당동,커피-음료,1179557100.0,1179.6,3
11140625,다산동,한식음식점,7025200000.0,7025.2,1
11140625,다산동,제과점,1013590600.0,1013.6,2
11140625,다산동,호프-간이주점,996204740.0,996.2,3
11140635,약수동,한식음식점,5064513000.0,5064.5,1
11140635,약수동,호프-간이주점,1077047300.0,1077.0,2
11140635,약수동,일식음식점,406175600.0,406.2,3
11140645,청구동,한식음식점,925991550.0,926.0,1
11140645,청구동,커피-음료,192714660.0,192.7,2
11140645,청구동,중식음식점,170781000.0,170.8,3
11140650,신당5동,한식음식점,8555911700.0,8555.9,1
11140650,신당5동,호프-간이주점,2292393200.0,2292.4,2
11140650,신당5동,제과점,521952770.0,522.0,3
11140665,동화동,한식음식점,2532434000.0,2532.4,1
11140665,동화동,호프-간이주점,213252620.0,213.3,2
11140665,동화동,커피-음료,169725300.0,169.7,3
11140670,황학동,한식음식점,15121920000.0,15121.9,1
11140670,황학동,분식전문점,783003140.0,783.0,2
11140670,황학동,호프-간이주점,653536400.0,653.5,3
11140680,중림동,한식음식점,8350209500.0,8350.2,1
11140680,중림동,호프-간이주점,1056963000.0,1057.0,2
11140680,중림동,커피-음료,744846000.0,744.8,3
11170510,후암동,한식음식점,5682576000.0,5682.6,1
11170510,후암동,커피-음료,872640500.0,872.6,2
11170510,후암동,양식음식점,699123100.0,699.1,3
11170520,용산2가동,양식음식점,3179202300.0,3179.2,1
11170520,용산2가동,한식음식점,2029522800.0,2029.5,2
11170520,용산2가동,커피-음료,1417519100.0,1417.5,3
11170530,남영동,한식음식점,25538265000.0,25538.3,1
11170530,남영동,호프-간이주점,6429359600.0,6429.4,2
11170530,남영동,커피-음료,3796742400.0,3796.7,3
11170555,청파동,한식음식점,8332056600.0,8332.1,1
11170555,청파동,커피-음료,2001338100.0,2001.3,2
11170555,청파동,분식전문점,1915819300.0,1915.8,3
11170560,원효로1동,한식음식점,10314437000.0,10314.4,1
11170560,원효로1동,호프-간이주점,1968304400.0,1968.3,2
11170560,원효로1동,커피-음료,1119202400.0,1119.2,3
11170570,원효로2동,한식음식점,1427770600.0,1427.8,1
11170570,원효로2동,중식음식점,484950560.0,485.0,2
11170570,원효로2동,커피-음료,239246050.0,239.2,3
11170580,효창동,한식음식점,678320640.0,678.3,1
11170580,효창동,제과점,409952000.0,410.0,2
11170580,효창동,커피-음료,336965920.0,337.0,3
11170590,용문동,한식음식점,4018237000.0,4018.2,1
11170590,용문동,호프-간이주점,375028200.0,375.0,2
11170590,용문동,분식전문점,288526940.0,288.5,3
11170625,한강로동,한식음식점,38855586000.0,38855.6,1
11170625,한강로동,커피-음료,5986264600.0,5986.3,2
11170625,한강로동,양식음식점,3705623300.0,3705.6,3
11170630,이촌1동,한식음식점,4027705600.0,4027.7,1
11170630,이촌1동,일식음식점,2114628700.0,2114.6,2
11170630,이촌1동,호프-간이주점,1115585700.0,1115.6,3
11170640,이촌2동,중식음식점,95844050.0,95.8,1
11170640,이촌2동,한식음식점,65889300.0,65.9,2
11170640,이촌2동,치킨전문점,52981220.0,53.0,3
11170650,이태원1동,양식음식점,14748085000.0,14748.1,1
11170650,이태원1동,한식음식점,13342731000.0,13342.7,2
11170650,이태원1동,호프-간이주점,11076165000.0,11076.2,3
11170660,이태원2동,양식음식점,5682348000.0,5682.3,1
11170660,이태원2동,호프-간이주점,2372824800.0,2372.8,2
11170660,이태원2동,한식음식점,1544801300.0,1544.8,3
11170685,한남동,한식음식점,18591269000.0,18591.3,1
11170685,한남동,양식음식점,10886406000.0,10886.4,2
11170685,한남동,호프-간이주점,7296572000.0,7296.6,3
11170690,서빙고동,한식음식점,706009500.0,706.0,1
11170690,서빙고동,제과점,88692160.0,88.7,2
11170690,서빙고동,중식음식점,85090170.0,85.1,3
11170700,보광동,한식음식점,2392566800.0,2392.6,1
11170700,보광동,호프-간이주점,446329820.0,446.3,2
11170700,보광동,커피-음료,121732696.0,121.7,3
11200520,왕십리2동,한식음식점,2369794600.0,2369.8,1
11200520,왕십리2동,제과점,236282910.0,236.3,2
11200520,왕십리2동,호프-간이주점,233736020.0,233.7,3
11200535,왕십리도선동,한식음식점,9186808000.0,9186.8,1
11200535,왕십리도선동,호프-간이주점,1296998100.0,1297.0,2
11200535,왕십리도선동,커피-음료,451814140.0,451.8,3
11200540,마장동,한식음식점,9679690000.0,9679.7,1
11200540,마장동,호프-간이주점,761464600.0,761.5,2
11200540,마장동,커피-음료,504539140.0,504.5,3
11200550,사근동,한식음식점,10501534000.0,10501.5,1
11200550,사근동,호프-간이주점,3268866600.0,3268.9,2
11200550,사근동,커피-음료,2397729000.0,2397.7,3
11200560,행당1동,한식음식점,8651154000.0,8651.2,1
11200560,행당1동,커피-음료,835307260.0,835.3,2
11200560,행당1동,호프-간이주점,667814460.0,667.8,3
11200570,행당2동,한식음식점,535741900.0,535.7,1
11200570,행당2동,제과점,84054420.0,84.1,2
11200570,행당2동,패스트푸드점,58168956.0,58.2,3
11200580,응봉동,한식음식점,275773660.0,275.8,1
11200580,응봉동,제과점,113017440.0,113.0,2
11200580,응봉동,중식음식점,112274900.0,112.3,3
11200590,금호1가동,한식음식점,869838800.0,869.8,1
11200590,금호1가동,제과점,199169120.0,199.2,2
11200590,금호1가동,커피-음료,76058590.0,76.1,3
11200615,금호2·3가동,한식음식점,5205324000.0,5205.3,1
11200615,금호2·3가동,호프-간이주점,521493060.0,521.5,2
11200615,금호2·3가동,분식전문점,498060320.0,498.1,3
11200620,금호4가동,한식음식점,2921944000.0,2921.9,1
11200620,금호4가동,호프-간이주점,439325470.0,439.3,2
11200620,금호4가동,분식전문점,167459260.0,167.5,3
11200645,옥수동,한식음식점,1785137200.0,1785.1,1
11200645,옥수동,양식음식점,287148380.0,287.1,2
11200645,옥수동,호프-간이주점,258806100.0,258.8,3
11200650,성수1가1동,한식음식점,4736763000.0,4736.8,1
11200650,성수1가1동,양식음식점,997172350.0,997.2,2
11200650,성수1가1동,커피-음료,995048260.0,995.0,3
11200660,성수1가2동,한식음식점,15794104000.0,15794.1,1
11200660,성수1가2동,커피-음료,5270018600.0,5270.0,2
11200660,성수1가2동,호프-간이주점,1766697000.0,1766.7,3
11200670,성수2가1동,한식음식점,12842034000.0,12842.0,1
11200670,성수2가1동,커피-음료,2673380900.0,2673.4,2
11200670,성수2가1동,호프-간이주점,1574720000.0,1574.7,3
11200690,성수2가3동,한식음식점,27616029000.0,27616.0,1
11200690,성수2가3동,커피-음료,4948222500.0,4948.2,2
11200690,성수2가3동,호프-간이주점,2681777000.0,2681.8,3
11200720,송정동,한식음식점,919078140.0,919.1,1
11200720,송정동,커피-음료,95924880.0,95.9,2
11200720,송정동,제과점,87741660.0,87.7,3
11200790,용답동,한식음식점,7549082600.0,7549.1,1
11200790,용답동,호프-간이주점,818001800.0,818.0,2
11200790,용답동,커피-음료,652605900.0,652.6,3
11215710,화양동,한식음식점,25270747000.0,25270.7,1
11215710,화양동,호프-간이주점,11168637000.0,11168.6,2
11215710,화양동,커피-음료,5636289500.0,5636.3,3
11215730,군자동,한식음식점,11248164000.0,11248.2,1
11215730,군자동,호프-간이주점,2376434700.0,2376.4,2
11215730,군자동,커피-음료,1396301300.0,1396.3,3
11215740,중곡1동,한식음식점,7741603000.0,7741.6,1
11215740,중곡1동,호프-간이주점,1616044000.0,1616.0,2
11215740,중곡1동,커피-음료,236130640.0,236.1,3
11215750,중곡2동,한식음식점,6576795600.0,6576.8,1
11215750,중곡2동,호프-간이주점,1333666800.0,1333.7,2
11215750,중곡2동,커피-음료,433639420.0,433.6,3
11215760,중곡3동,한식음식점,3276644400.0,3276.6,1
11215760,중곡3동,호프-간이주점,1114805100.0,1114.8,2
11215760,중곡3동,커피-음료,474662720.0,474.7,3
11215770,중곡4동,한식음식점,6013845000.0,6013.8,1
11215770,중곡4동,호프-간이주점,1297683600.0,1297.7,2
11215770,중곡4동,커피-음료,807773600.0,807.8,3
11215780,능동,한식음식점,6877189600.0,6877.2,1
11215780,능동,호프-간이주점,1606703900.0,1606.7,2
11215780,능동,커피-음료,883375000.0,883.4,3
11215810,광장동,한식음식점,4580357000.0,4580.4,1
11215810,광장동,커피-음료,1732413400.0,1732.4,2
11215810,광장동,제과점,647715100.0,647.7,3
11215820,자양1동,한식음식점,7055467500.0,7055.5,1
11215820,자양1동,호프-간이주점,638424060.0,638.4,2
11215820,자양1동,중식음식점,486017280.0,486.0,3
11215830,자양2동,한식음식점,4187072800.0,4187.1,1
11215830,자양2동,호프-간이주점,742162940.0,742.2,2
11215830,자양2동,커피-음료,530500100.0,530.5,3
11215840,자양3동,한식음식점,6927137000.0,6927.1,1
11215840,자양3동,커피-음료,2229318000.0,2229.3,2
11215840,자양3동,제과점,595866000.0,595.9,3
11215847,자양4동,한식음식점,8567849500.0,8567.8,1
11215847,자양4동,중식음식점,5663380500.0,5663.4,2
11215847,자양4동,호프-간이주점,1445388900.0,1445.4,3
11215850,구의1동,한식음식점,13458875000.0,13458.9,1
11215850,구의1동,호프-간이주점,3051612200.0,3051.6,2
11215850,구의1동,커피-음료,819960700.0,820.0,3
11215860,구의2동,한식음식점,6947129300.0,6947.1,1
11215860,구의2동,호프-간이주점,614483100.0,614.5,2
11215860,구의2동,커피-음료,531762340.0,531.8,3
11215870,구의3동,한식음식점,11554728000.0,11554.7,1
11215870,구의3동,커피-음료,1821457200.0,1821.5,2
11215870,구의3동,호프-간이주점,914407740.0,914.4,3
11230536,용신동,한식음식점,17013547000.0,17013.5,1
11230536,용신동,호프-간이주점,2123597700.0,2123.6,2
11230536,용신동,제과점,1505833200.0,1505.8,3
11230545,제기동,한식음식점,13572457000.0,13572.5,1
11230545,제기동,호프-간이주점,815366140.0,815.4,2
11230545,제기동,중식음식점,741547400.0,741.5,3
11230560,전농1동,한식음식점,6292402000.0,6292.4,1
11230560,전농1동,호프-간이주점,1329476200.0,1329.5,2
11230560,전농1동,분식전문점,1068362000.0,1068.4,3
11230570,전농2동,한식음식점,1618715600.0,1618.7,1
11230570,전농2동,중식음식점,419661700.0,419.7,2
11230570,전농2동,분식전문점,418174720.0,418.2,3
11230600,답십리1동,한식음식점,4377348000.0,4377.3,1
11230600,답십리1동,커피-음료,555784400.0,555.8,2
11230600,답십리1동,호프-간이주점,319987870.0,320.0,3
11230610,답십리2동,한식음식점,8335951400.0,8336.0,1
11230610,답십리2동,호프-간이주점,601698560.0,601.7,2
11230610,답십리2동,분식전문점,419452030.0,419.5,3
11230650,장안1동,한식음식점,18535965000.0,18536.0,1
11230650,장안1동,호프-간이주점,2284937200.0,2284.9,2
11230650,장안1동,커피-음료,1414572400.0,1414.6,3
11230660,장안2동,한식음식점,14809705000.0,14809.7,1
11230660,장안2동,호프-간이주점,1913894500.0,1913.9,2
11230660,장안2동,제과점,1314007400.0,1314.0,3
11230705,청량리동,한식음식점,11211730000.0,11211.7,1
11230705,청량리동,호프-간이주점,1313809400.0,1313.8,2
11230705,청량리동,커피-음료,730489540.0,730.5,3
11230710,회기동,한식음식점,8116473300.0,8116.5,1
11230710,회기동,커피-음료,3071208400.0,3071.2,2
11230710,회기동,호프-간이주점,2491964700.0,2492.0,3
11230720,휘경1동,한식음식점,4181151200.0,4181.2,1
11230720,휘경1동,호프-간이주점,877971200.0,878.0,2
11230720,휘경1동,분식전문점,547954200.0,548.0,3
11230730,휘경2동,한식음식점,1468122500.0,1468.1,1
11230730,휘경2동,커피-음료,271923140.0,271.9,2
11230730,휘경2동,분식전문점,215536450.0,215.5,3
11230740,이문1동,한식음식점,6161123000.0,6161.1,1
11230740,이문1동,커피-음료,1958022300.0,1958.0,2
11230740,이문1동,호프-간이주점,743822400.0,743.8,3
11230750,이문2동,한식음식점,820056060.0,820.1,1
11230750,이문2동,제과점,204333000.0,204.3,2
11230750,이문2동,중식음식점,72867460.0,72.9,3
11260520,면목2동,한식음식점,5176986000.0,5177.0,1
11260520,면목2동,호프-간이주점,447008000.0,447.0,2
11260520,면목2동,제과점,392661250.0,392.7,3
11260540,면목4동,한식음식점,1077487000.0,1077.5,1
11260540,면목4동,호프-간이주점,246316140.0,246.3,2
11260540,면목4동,커피-음료,193700800.0,193.7,3
11260550,면목5동,한식음식점,1967141000.0,1967.1,1
11260550,면목5동,호프-간이주점,150307200.0,150.3,2
11260550,면목5동,분식전문점,114059720.0,114.1,3
11260565,면목본동,한식음식점,12384786000.0,12384.8,1
11260565,면목본동,호프-간이주점,1862490600.0,1862.5,2
11260565,면목본동,분식전문점,702057540.0,702.1,3
11260570,면목7동,한식음식점,4683506700.0,4683.5,1
11260570,면목7동,제과점,922272400.0,922.3,2
11260570,면목7동,호프-간이주점,596577860.0,596.6,3
11260575,면목3·8동,한식음식점,9254094000.0,9254.1,1
11260575,면목3·8동,호프-간이주점,1750255600.0,1750.3,2
11260575,면목3·8동,커피-음료,737486500.0,737.5,3
11260580,상봉1동,패스트푸드점,4346466000.0,4346.5,1
11260580,상봉1동,한식음식점,2761801700.0,2761.8,2
11260580,상봉1동,커피-음료,770538900.0,770.5,3
11260590,상봉2동,한식음식점,21157958000.0,21158.0,1
11260590,상봉2동,호프-간이주점,4497311000.0,4497.3,2
11260590,상봉2동,일식음식점,1332959900.0,1333.0,3
11260600,중화1동,한식음식점,969592700.0,969.6,1
11260600,중화1동,분식전문점,167453520.0,167.5,2
11260600,중화1동,호프-간이주점,139946540.0,139.9,3
11260610,중화2동,한식음식점,9800761000.0,9800.8,1
11260610,중화2동,호프-간이주점,1544984000.0,1545.0,2
11260610,중화2동,분식전문점,477678940.0,477.7,3
11260620,묵1동,한식음식점,7169337000.0,7169.3,1
11260620,묵1동,호프-간이주점,657805900.0,657.8,2
11260620,묵1동,커피-음료,629758600.0,629.8,3
11260630,묵2동,한식음식점,4612505600.0,4612.5,1
11260630,묵2동,호프-간이주점,1064858750.0,1064.9,2
11260630,묵2동,중식음식점,305357860.0,305.4,3
11260655,망우본동,한식음식점,13814620000.0,13814.6,1
11260655,망우본동,호프-간이주점,2458727000.0,2458.7,2
11260655,망우본동,커피-음료,805037300.0,805.0,3
11260660,망우3동,한식음식점,3595341800.0,3595.3,1
11260660,망우3동,제과점,453866370.0,453.9,2
11260660,망우3동,호프-간이주점,297989120.0,298.0,3
11260680,신내1동,한식음식점,9510155000.0,9510.2,1
11260680,신내1동,커피-음료,961702340.0,961.7,2
11260680,신내1동,호프-간이주점,820462850.0,820.5,3
11260690,신내2동,한식음식점,3219513600.0,3219.5,1
11260690,신내2동,제과점,1092717400.0,1092.7,2
11260690,신내2동,분식전문점,475043140.0,475.0,3
11290525,성북동,한식음식점,6361246000.0,6361.2,1
11290525,성북동,커피-음료,1518106900.0,1518.1,2
11290525,성북동,양식음식점,786294140.0,786.3,3
11290555,삼선동,한식음식점,10097377000.0,10097.4,1
11290555,삼선동,호프-간이주점,1739535700.0,1739.5,2
11290555,삼선동,커피-음료,1148789600.0,1148.8,3
11290575,동선동,한식음식점,15469693000.0,15469.7,1
11290575,동선동,커피-음료,6037509000.0,6037.5,2
11290575,동선동,호프-간이주점,5175268400.0,5175.3,3
11290580,돈암1동,한식음식점,136053600.0,136.1,1
11290580,돈암1동,호프-간이주점,30228120.0,30.2,2
11290580,돈암1동,중식음식점,29421802.0,29.4,3
11290590,돈암2동,커피-음료,489783400.0,489.8,1
11290590,돈암2동,한식음식점,444755970.0,444.8,2
11290590,돈암2동,제과점,126678824.0,126.7,3
11290600,안암동,한식음식점,11103578000.0,11103.6,1
11290600,안암동,커피-음료,4229791700.0,4229.8,2
11290600,안암동,호프-간이주점,2568891600.0,2568.9,3
11290610,보문동,한식음식점,3493329400.0,3493.3,1
11290610,보문동,호프-간이주점,525709500.0,525.7,2
11290610,보문동,커피-음료,311747170.0,311.7,3
11290620,정릉1동,한식음식점,1564397800.0,1564.4,1
11290620,정릉1동,치킨전문점,238841630.0,238.8,2
11290620,정릉1동,제과점,120934744.0,120.9,3
11290630,정릉2동,한식음식점,3240657700.0,3240.7,1
11290630,정릉2동,커피-음료,333768260.0,333.8,2
11290630,정릉2동,패스트푸드점,231643420.0,231.6,3
11290640,정릉3동,한식음식점,2695710700.0,2695.7,1
11290640,정릉3동,커피-음료,414910980.0,414.9,2
11290640,정릉3동,치킨전문점,330011260.0,330.0,3
11290650,정릉4동,한식음식점,3417904000.0,3417.9,1
11290650,정릉4동,호프-간이주점,321333400.0,321.3,2
11290650,정릉4동,커피-음료,312924320.0,312.9,3
11290660,길음1동,한식음식점,1012006500.0,1012.0,1
11290660,길음1동,제과점,420490180.0,420.5,2
11290660,길음1동,분식전문점,280978500.0,281.0,3
11290685,길음2동,한식음식점,2701341400.0,2701.3,1
11290685,길음2동,커피-음료,614506500.0,614.5,2
11290685,길음2동,제과점,393516740.0,393.5,3
11290705,종암동,한식음식점,8129271000.0,8129.3,1
11290705,종암동,커피-음료,870574100.0,870.6,2
11290705,종암동,제과점,723547900.0,723.5,3
11290715,월곡1동,한식음식점,2657088000.0,2657.1,1
11290715,월곡1동,제과점,331247940.0,331.2,2
11290715,월곡1동,커피-음료,305696420.0,305.7,3
11290725,월곡2동,한식음식점,7687938000.0,7687.9,1
11290725,월곡2동,호프-간이주점,994052350.0,994.1,2
11290725,월곡2동,분식전문점,959002400.0,959.0,3
11290760,장위1동,한식음식점,3259129600.0,3259.1,1
11290760,장위1동,호프-간이주점,596424260.0,596.4,2
11290760,장위1동,분식전문점,175152370.0,175.2,3
11290770,장위2동,한식음식점,3311628300.0,3311.6,1
11290770,장위2동,호프-간이주점,335223550.0,335.2,2
11290770,장위2동,중식음식점,260530640.0,260.5,3
11290780,장위3동,한식음식점,1051866800.0,1051.9,1
11290780,장위3동,제과점,114042320.0,114.0,2
11290780,장위3동,중식음식점,108594350.0,108.6,3
11290810,석관동,한식음식점,12591460000.0,12591.5,1
11290810,석관동,호프-간이주점,2032358300.0,2032.4,2
11290810,석관동,제과점,570986500.0,571.0,3
11305534,삼양동,한식음식점,2243595000.0,2243.6,1
11305534,삼양동,제과점,320544960.0,320.5,2
11305534,삼양동,호프-간이주점,222956340.0,223.0,3
11305535,미아동,한식음식점,8105396000.0,8105.4,1
11305535,미아동,호프-간이주점,1659104300.0,1659.1,2
11305535,미아동,분식전문점,842531700.0,842.5,3
11305545,송중동,한식음식점,13900601000.0,13900.6,1
11305545,송중동,호프-간이주점,3573403100.0,3573.4,2
11305545,송중동,커피-음료,1097023500.0,1097.0,3
11305555,송천동,한식음식점,7442371600.0,7442.4,1
11305555,송천동,호프-간이주점,663199100.0,663.2,2
11305555,송천동,분식전문점,478658460.0,478.7,3
11305575,삼각산동,한식음식점,2249177900.0,2249.2,1
11305575,삼각산동,분식전문점,393007420.0,393.0,2
11305575,삼각산동,커피-음료,269893500.0,269.9,3
11305595,번1동,한식음식점,8583012000.0,8583.0,1
11305595,번1동,호프-간이주점,2286559200.0,2286.6,2
11305595,번1동,커피-음료,748967400.0,749.0,3
11305603,번2동,한식음식점,1126948200.0,1126.9,1
11305603,번2동,커피-음료,139214940.0,139.2,2
11305603,번2동,중식음식점,95786300.0,95.8,3
11305608,번3동,한식음식점,2455338800.0,2455.3,1
11305608,번3동,제과점,256604030.0,256.6,2
11305608,번3동,커피-음료,171420320.0,171.4,3
11305615,수유1동,한식음식점,5589526500.0,5589.5,1
11305615,수유1동,분식전문점,408736320.0,408.7,2
11305615,수유1동,호프-간이주점,364144160.0,364.1,3
11305625,수유2동,한식음식점,4789226500.0,4789.2,1
11305625,수유2동,호프-간이주점,418450780.0,418.5,2
11305625,수유2동,치킨전문점,327557400.0,327.6,3
11305635,수유3동,한식음식점,23083653000.0,23083.7,1
11305635,수유3동,호프-간이주점,8935310000.0,8935.3,2
11305635,수유3동,커피-음료,1887996000.0,1888.0,3
11305645,우이동,한식음식점,12605061000.0,12605.1,1
11305645,우이동,커피-음료,1314453600.0,1314.5,2
11305645,우이동,호프-간이주점,698105100.0,698.1,3
11305660,인수동,한식음식점,3611534600.0,3611.5,1
11305660,인수동,커피-음료,642170900.0,642.2,2
11305660,인수동,호프-간이주점,431018850.0,431.0,3
11320511,창1동,한식음식점,4495656400.0,4495.7,1
11320511,창1동,제과점,1043945900.0,1043.9,2
11320511,창1동,커피-음료,906003460.0,906.0,3
11320512,창2동,한식음식점,2696749300.0,2696.7,1
11320512,창2동,중식음식점,226936540.0,226.9,2
11320512,창2동,치킨전문점,224649730.0,224.6,3
11320513,창3동,한식음식점,3491404300.0,3491.4,1
11320513,창3동,호프-간이주점,326789250.0,326.8,2
11320513,창3동,제과점,266358180.0,266.4,3
11320514,창4동,한식음식점,6632576500.0,6632.6,1
11320514,창4동,호프-간이주점,1320676000.0,1320.7,2
11320514,창4동,제과점,646861950.0,646.9,3
11320515,창5동,한식음식점,5972157400.0,5972.2,1
11320515,창5동,분식전문점,1294348900.0,1294.3,2
11320515,창5동,호프-간이주점,1095344600.0,1095.3,3
11320521,도봉1동,한식음식점,8739702000.0,8739.7,1
11320521,도봉1동,호프-간이주점,1451959700.0,1452.0,2
11320521,도봉1동,커피-음료,563858750.0,563.9,3
11320522,도봉2동,한식음식점,2928779300.0,2928.8,1
11320522,도봉2동,커피-음료,382468740.0,382.5,2
11320522,도봉2동,호프-간이주점,354630300.0,354.6,3
11320660,쌍문1동,한식음식점,904912000.0,904.9,1
11320660,쌍문1동,분식전문점,387964500.0,388.0,2
11320660,쌍문1동,커피-음료,319183870.0,319.2,3
11320670,쌍문2동,한식음식점,4513958000.0,4514.0,1
11320670,쌍문2동,호프-간이주점,348883300.0,348.9,2
11320670,쌍문2동,제과점,291253380.0,291.3,3
11320680,쌍문3동,한식음식점,4457838600.0,4457.8,1
11320680,쌍문3동,호프-간이주점,856771460.0,856.8,2
11320680,쌍문3동,제과점,454198900.0,454.2,3
11320681,쌍문4동,한식음식점,1423349500.0,1423.3,1
11320681,쌍문4동,분식전문점,283967600.0,284.0,2
11320681,쌍문4동,커피-음료,177149760.0,177.1,3
11320690,방학1동,한식음식점,9902907000.0,9902.9,1
11320690,방학1동,호프-간이주점,2237573600.0,2237.6,2
11320690,방학1동,제과점,1108691700.0,1108.7,3
11320700,방학2동,한식음식점,2836613600.0,2836.6,1
11320700,방학2동,분식전문점,319123600.0,319.1,2
11320700,방학2동,제과점,273528420.0,273.5,3
11320710,방학3동,한식음식점,3771071000.0,3771.1,1
11320710,방학3동,커피-음료,238811100.0,238.8,2
11320710,방학3동,제과점,67465580.0,67.5,3
11350560,월계1동,한식음식점,7415067600.0,7415.1,1
11350560,월계1동,패스트푸드점,1048105700.0,1048.1,2
11350560,월계1동,커피-음료,780353700.0,780.4,3
11350570,월계2동,한식음식점,461611170.0,461.6,1
11350570,월계2동,제과점,298476030.0,298.5,2
11350570,월계2동,커피-음료,98559770.0,98.6,3
11350580,월계3동,한식음식점,2504917000.0,2504.9,1
11350580,월계3동,커피-음료,220985950.0,221.0,2
11350580,월계3동,제과점,214229820.0,214.2,3
11350595,공릉1동,한식음식점,17082580000.0,17082.6,1
11350595,공릉1동,호프-간이주점,2378085000.0,2378.1,2
11350595,공릉1동,커피-음료,2376171800.0,2376.2,3
11350600,공릉2동,한식음식점,7922484000.0,7922.5,1
11350600,공릉2동,커피-음료,1530071800.0,1530.1,2
11350600,공릉2동,제과점,1206675300.0,1206.7,3
11350611,하계1동,한식음식점,3774618600.0,3774.6,1
11350611,하계1동,패스트푸드점,822716300.0,822.7,2
11350611,하계1동,커피-음료,474052030.0,474.1,3
11350612,하계2동,중식음식점,16552905.0,16.6,1
11350612,하계2동,제과점,15318106.0,15.3,2
11350612,하계2동,치킨전문점,11887187.0,11.9,3
11350619,중계본동,한식음식점,2822446600.0,2822.4,1
11350619,중계본동,분식전문점,854084160.0,854.1,2
11350619,중계본동,양식음식점,646728700.0,646.7,3
11350621,중계1동,분식전문점,403057000.0,403.1,1
11350621,중계1동,제과점,387160960.0,387.2,2
11350621,중계1동,커피-음료,350927520.0,350.9,3
11350624,중계4동,한식음식점,10403367000.0,10403.4,1
11350624,중계4동,호프-간이주점,1090585300.0,1090.6,2
11350624,중계4동,제과점,1010022300.0,1010.0,3
11350625,중계2·3동,한식음식점,2400167700.0,2400.2,1
11350625,중계2·3동,커피-음료,889838200.0,889.8,2
11350625,중계2·3동,제과점,676141600.0,676.1,3
11350630,상계1동,한식음식점,14449376000.0,14449.4,1
11350630,상계1동,호프-간이주점,1602706600.0,1602.7,2
11350630,상계1동,커피-음료,1218331000.0,1218.3,3
11350640,상계2동,한식음식점,27035850000.0,27035.8,1
11350640,상계2동,호프-간이주점,5516341000.0,5516.3,2
11350640,상계2동,커피-음료,3630742300.0,3630.7,3
11350665,상계3·4동,한식음식점,2992714200.0,2992.7,1
11350665,상계3·4동,호프-간이주점,431835140.0,431.8,2
11350665,상계3·4동,커피-음료,291915740.0,291.9,3
11350670,상계5동,한식음식점,4429783600.0,4429.8,1
11350670,상계5동,호프-간이주점,684713500.0,684.7,2
11350670,상계5동,커피-음료,316226720.0,316.2,3
11350695,상계6·7동,한식음식점,7983113000.0,7983.1,1
11350695,상계6·7동,호프-간이주점,2155102500.0,2155.1,2
11350695,상계6·7동,양식음식점,2099950200.0,2100.0,3
11350700,상계8동,한식음식점,879966300.0,880.0,1
11350700,상계8동,제과점,521313060.0,521.3,2
11350700,상계8동,분식전문점,336474600.0,336.5,3
11350710,상계9동,한식음식점,1073953900.0,1074.0,1
11350710,상계9동,제과점,560261000.0,560.3,2
11350710,상계9동,분식전문점,493831040.0,493.8,3
11350720,상계10동,한식음식점,472887040.0,472.9,1
11350720,상계10동,중식음식점,211417180.0,211.4,2
11350720,상계10동,커피-음료,160686850.0,160.7,3
11380510,녹번동,한식음식점,9700982000.0,9701.0,1
11380510,녹번동,호프-간이주점,1410133000.0,1410.1,2
11380510,녹번동,커피-음료,738711300.0,738.7,3
11380520,불광1동,한식음식점,8047445000.0,8047.4,1
11380520,불광1동,호프-간이주점,903501250.0,903.5,2
11380520,불광1동,커피-음료,670035800.0,670.0,3
11380530,불광2동,한식음식점,6258946000.0,6258.9,1
11380530,불광2동,호프-간이주점,1036474050.0,1036.5,2
11380530,불광2동,중식음식점,547284600.0,547.3,3
11380551,갈현1동,한식음식점,10752416000.0,10752.4,1
11380551,갈현1동,호프-간이주점,3349457000.0,3349.5,2
11380551,갈현1동,커피-음료,693423170.0,693.4,3
11380552,갈현2동,한식음식점,8539396600.0,8539.4,1
11380552,갈현2동,호프-간이주점,1859516200.0,1859.5,2
11380552,갈현2동,분식전문점,869389300.0,869.4,3
11380560,구산동,한식음식점,1735999100.0,1736.0,1
11380560,구산동,커피-음료,311567600.0,311.6,2
11380560,구산동,분식전문점,280872960.0,280.9,3
11380570,대조동,한식음식점,11767060000.0,11767.1,1
11380570,대조동,호프-간이주점,2225405200.0,2225.4,2
11380570,대조동,제과점,2204404700.0,2204.4,3
11380580,응암1동,한식음식점,8291108400.0,8291.1,1
11380580,응암1동,호프-간이주점,1173701900.0,1173.7,2
11380580,응암1동,커피-음료,649693500.0,649.7,3
11380590,응암2동,한식음식점,1036899140.0,1036.9,1
11380590,응암2동,호프-간이주점,158872350.0,158.9,2
11380590,응암2동,중식음식점,64851700.0,64.9,3
11380600,응암3동,한식음식점,9731040000.0,9731.0,1
11380600,응암3동,호프-간이주점,2495498800.0,2495.5,2
11380600,응암3동,커피-음료,554408000.0,554.4,3
11380625,역촌동,한식음식점,6915677700.0,6915.7,1
11380625,역촌동,호프-간이주점,1560892800.0,1560.9,2
11380625,역촌동,커피-음료,677179200.0,677.2,3
11380631,신사1동,한식음식점,4628845000.0,4628.8,1
11380631,신사1동,커피-음료,551631740.0,551.6,2
11380631,신사1동,제과점,466916220.0,466.9,3
11380632,신사2동,한식음식점,425797500.0,425.8,1
11380632,신사2동,중식음식점,289870080.0,289.9,2
11380632,신사2동,호프-간이주점,194216130.0,194.2,3
11380640,증산동,한식음식점,1846886700.0,1846.9,1
11380640,증산동,제과점,369531650.0,369.5,2
11380640,증산동,커피-음료,258383890.0,258.4,3
11380650,수색동,한식음식점,1858409900.0,1858.4,1
11380650,수색동,호프-간이주점,105476530.0,105.5,2
11380650,수색동,커피-음료,80095220.0,80.1,3
11380690,진관동,한식음식점,7934128000.0,7934.1,1
11380690,진관동,커피-음료,928635800.0,928.6,2
11380690,진관동,호프-간이주점,478517900.0,478.5,3
11410520,천연동,한식음식점,4202506500.0,4202.5,1
11410520,천연동,호프-간이주점,642402400.0,642.4,2
11410520,천연동,커피-음료,221670260.0,221.7,3
11410555,북아현동,한식음식점,1825067000.0,1825.1,1
11410555,북아현동,호프-간이주점,375609470.0,375.6,2
11410555,북아현동,제과점,155776020.0,155.8,3
11410565,충현동,한식음식점,11844815000.0,11844.8,1
11410565,충현동,커피-음료,1801153500.0,1801.2,2
11410565,충현동,호프-간이주점,1559773700.0,1559.8,3
11410585,신촌동,한식음식점,34997936000.0,34997.9,1
11410585,신촌동,호프-간이주점,8492730000.0,8492.7,2
11410585,신촌동,커피-음료,8153681400.0,8153.7,3
11410615,연희동,한식음식점,10373467000.0,10373.5,1
11410615,연희동,커피-음료,4847344000.0,4847.3,2
11410615,연희동,중식음식점,1844489300.0,1844.5,3
11410620,홍제1동,한식음식점,3650198300.0,3650.2,1
11410620,홍제1동,호프-간이주점,362300640.0,362.3,2
11410620,홍제1동,분식전문점,295444100.0,295.4,3
11410640,홍제3동,한식음식점,5253318700.0,5253.3,1
11410640,홍제3동,호프-간이주점,717989760.0,718.0,2
11410640,홍제3동,분식전문점,677051300.0,677.1,3
11410655,홍제2동,한식음식점,1824572700.0,1824.6,1
11410655,홍제2동,호프-간이주점,269058270.0,269.1,2
11410655,홍제2동,커피-음료,175158380.0,175.2,3
11410660,홍은1동,한식음식점,2904025900.0,2904.0,1
11410660,홍은1동,제과점,246692270.0,246.7,2
11410660,홍은1동,호프-간이주점,231119120.0,231.1,3
11410685,홍은2동,한식음식점,4057329200.0,4057.3,1
11410685,홍은2동,커피-음료,528128580.0,528.1,2
11410685,홍은2동,제과점,460221250.0,460.2,3
11410690,남가좌1동,한식음식점,2648729000.0,2648.7,1
11410690,남가좌1동,호프-간이주점,390228030.0,390.2,2
11410690,남가좌1동,분식전문점,124815750.0,124.8,3
11410700,남가좌2동,한식음식점,5674388000.0,5674.4,1
11410700,남가좌2동,커피-음료,990299650.0,990.3,2
11410700,남가좌2동,호프-간이주점,780276350.0,780.3,3
11410710,북가좌1동,한식음식점,282939840.0,282.9,1
11410710,북가좌1동,중식음식점,27629790.0,27.6,2
11410710,북가좌1동,분식전문점,26084226.0,26.1,3
11410720,북가좌2동,한식음식점,7083568000.0,7083.6,1
11410720,북가좌2동,호프-간이주점,1068478140.0,1068.5,2
11410720,북가좌2동,커피-음료,472213760.0,472.2,3
11440555,아현동,한식음식점,3700530700.0,3700.5,1
11440555,아현동,커피-음료,685780000.0,685.8,2
11440555,아현동,분식전문점,412910460.0,412.9,3
11440565,공덕동,한식음식점,13105065000.0,13105.1,1
11440565,공덕동,호프-간이주점,1803793900.0,1803.8,2
11440565,공덕동,커피-음료,1123499300.0,1123.5,3
11440585,도화동,한식음식점,18752027000.0,18752.0,1
11440585,도화동,호프-간이주점,4367715300.0,4367.7,2
11440585,도화동,커피-음료,1917848300.0,1917.8,3
11440590,용강동,한식음식점,20120520000.0,20120.5,1
11440590,용강동,호프-간이주점,3771042000.0,3771.0,2
11440590,용강동,커피-음료,1660652400.0,1660.7,3
11440600,대흥동,한식음식점,5862960000.0,5863.0,1
11440600,대흥동,커피-음료,1460854400.0,1460.9,2
11440600,대흥동,분식전문점,669915650.0,669.9,3
11440610,염리동,한식음식점,4595820000.0,4595.8,1
11440610,염리동,양식음식점,1891683600.0,1891.7,2
11440610,염리동,커피-음료,1176099700.0,1176.1,3
11440630,신수동,한식음식점,3247941000.0,3247.9,1
11440630,신수동,커피-음료,737410560.0,737.4,2
11440630,신수동,제과점,480327520.0,480.3,3
11440655,서강동,한식음식점,6628302000.0,6628.3,1
11440655,서강동,커피-음료,3016899800.0,3016.9,2
11440655,서강동,호프-간이주점,2182570000.0,2182.6,3
11440660,서교동,한식음식점,65202303000.0,65202.3,1
11440660,서교동,호프-간이주점,36395774000.0,36395.8,2
11440660,서교동,커피-음료,26463115000.0,26463.1,3
11440680,합정동,한식음식점,16180096000.0,16180.1,1
11440680,합정동,호프-간이주점,5093847600.0,5093.8,2
11440680,합정동,커피-음료,4593007000.0,4593.0,3
11440690,망원1동,한식음식점,11814715000.0,11814.7,1
11440690,망원1동,커피-음료,2408923100.0,2408.9,2
11440690,망원1동,호프-간이주점,1677777800.0,1677.8,3
11440700,망원2동,한식음식점,4686223400.0,4686.2,1
11440700,망원2동,호프-간이주점,823206000.0,823.2,2
11440700,망원2동,커피-음료,644905600.0,644.9,3
11440710,연남동,한식음식점,10432995000.0,10433.0,1
11440710,연남동,커피-음료,4092818400.0,4092.8,2
11440710,연남동,양식음식점,4069473800.0,4069.5,3
11440720,성산1동,한식음식점,5392761000.0,5392.8,1
11440720,성산1동,커피-음료,1004600400.0,1004.6,2
11440720,성산1동,호프-간이주점,383171870.0,383.2,3
11440730,성산2동,한식음식점,5661998000.0,5662.0,1
11440730,성산2동,커피-음료,1196743800.0,1196.7,2
11440730,성산2동,분식전문점,676451140.0,676.5,3
11440740,상암동,한식음식점,22851390000.0,22851.4,1
11440740,상암동,커피-음료,6804448000.0,6804.4,2
11440740,상암동,호프-간이주점,3655033300.0,3655.0,3
11470510,목1동,한식음식점,15319971000.0,15320.0,1
11470510,목1동,커피-음료,3053603300.0,3053.6,2
11470510,목1동,호프-간이주점,2404039200.0,2404.0,3
11470520,목2동,한식음식점,5403664400.0,5403.7,1
11470520,목2동,호프-간이주점,709143230.0,709.1,2
11470520,목2동,커피-음료,556580000.0,556.6,3
11470530,목3동,한식음식점,4654209000.0,4654.2,1
11470530,목3동,호프-간이주점,1109736800.0,1109.7,2
11470530,목3동,커피-음료,536051600.0,536.1,3
11470540,목4동,한식음식점,3263683000.0,3263.7,1
11470540,목4동,호프-간이주점,327316350.0,327.3,2
11470540,목4동,치킨전문점,263771180.0,263.8,3
11470550,목5동,한식음식점,2677596000.0,2677.6,1
11470550,목5동,커피-음료,1208919000.0,1208.9,2
11470550,목5동,분식전문점,851470340.0,851.5,3
11470560,신월1동,한식음식점,5153961000.0,5154.0,1
11470560,신월1동,호프-간이주점,750281340.0,750.3,2
11470560,신월1동,제과점,444171040.0,444.2,3
11470570,신월2동,한식음식점,2123257500.0,2123.3,1
11470570,신월2동,패스트푸드점,235051300.0,235.1,2
11470570,신월2동,호프-간이주점,221204820.0,221.2,3
11470580,신월3동,한식음식점,1076868600.0,1076.9,1
11470580,신월3동,제과점,257621620.0,257.6,2
11470580,신월3동,분식전문점,218606850.0,218.6,3
11470590,신월4동,한식음식점,3504287200.0,3504.3,1
11470590,신월4동,호프-간이주점,697012740.0,697.0,2
11470590,신월4동,분식전문점,696986100.0,697.0,3
11470600,신월5동,한식음식점,3699458000.0,3699.5,1
11470600,신월5동,호프-간이주점,359322180.0,359.3,2
11470600,신월5동,커피-음료,218626030.0,218.6,3
11470610,신월6동,한식음식점,2424581600.0,2424.6,1
11470610,신월6동,패스트푸드점,348300860.0,348.3,2
11470610,신월6동,분식전문점,215237380.0,215.2,3
11470611,신월7동,한식음식점,1954332200.0,1954.3,1
11470611,신월7동,호프-간이주점,423855230.0,423.9,2
11470611,신월7동,분식전문점,211146380.0,211.1,3
11470620,신정1동,한식음식점,6427238400.0,6427.2,1
11470620,신정1동,호프-간이주점,976152200.0,976.2,2
11470620,신정1동,커피-음료,414539200.0,414.5,3
11470630,신정2동,한식음식점,4931611000.0,4931.6,1
11470630,신정2동,제과점,628736000.0,628.7,2
11470630,신정2동,커피-음료,376549150.0,376.5,3
11470640,신정3동,한식음식점,2828882000.0,2828.9,1
11470640,신정3동,커피-음료,937559300.0,937.6,2
11470640,신정3동,제과점,694054340.0,694.1,3
11470650,신정4동,한식음식점,15495828000.0,15495.8,1
11470650,신정4동,호프-간이주점,3781212000.0,3781.2,2
11470650,신정4동,커피-음료,1340634600.0,1340.6,3
11470670,신정6동,커피-음료,407444220.0,407.4,1
11470670,신정6동,한식음식점,201489200.0,201.5,2
11470670,신정6동,분식전문점,160772690.0,160.8,3
11470680,신정7동,한식음식점,2871983600.0,2872.0,1
11470680,신정7동,제과점,988638850.0,988.6,2
11470680,신정7동,커피-음료,951809800.0,951.8,3
11500510,염창동,한식음식점,6210002000.0,6210.0,1
11500510,염창동,커피-음료,1801064300.0,1801.1,2
11500510,염창동,제과점,1074603400.0,1074.6,3
11500520,등촌1동,한식음식점,10811169000.0,10811.2,1
11500520,등촌1동,커피-음료,1619184900.0,1619.2,2
11500520,등촌1동,제과점,1396943400.0,1396.9,3
11500530,등촌2동,한식음식점,1424188500.0,1424.2,1
11500530,등촌2동,분식전문점,247223140.0,247.2,2
11500530,등촌2동,커피-음료,228616980.0,228.6,3
11500535,등촌3동,한식음식점,11133607000.0,11133.6,1
11500535,등촌3동,커피-음료,1219865700.0,1219.9,2
11500535,등촌3동,제과점,823209150.0,823.2,3
11500540,화곡1동,한식음식점,15538892000.0,15538.9,1
11500540,화곡1동,호프-간이주점,8157928400.0,8157.9,2
11500540,화곡1동,커피-음료,1604792800.0,1604.8,3
11500550,화곡2동,한식음식점,599260160.0,599.3,1
11500550,화곡2동,호프-간이주점,152559790.0,152.6,2
11500550,화곡2동,제과점,151436100.0,151.4,3
11500560,화곡3동,한식음식점,7151364000.0,7151.4,1
11500560,화곡3동,호프-간이주점,1617635300.0,1617.6,2
11500560,화곡3동,커피-음료,639512400.0,639.5,3
11500570,화곡4동,한식음식점,4791967000.0,4792.0,1
11500570,화곡4동,호프-간이주점,736366300.0,736.4,2
11500570,화곡4동,커피-음료,328138980.0,328.1,3
11500590,화곡본동,한식음식점,6138496000.0,6138.5,1
11500590,화곡본동,호프-간이주점,1497649800.0,1497.6,2
11500590,화곡본동,제과점,581916200.0,581.9,3
11500591,화곡6동,한식음식점,8924732000.0,8924.7,1
11500591,화곡6동,호프-간이주점,3452360700.0,3452.4,2
11500591,화곡6동,커피-음료,846691200.0,846.7,3
11500593,화곡8동,한식음식점,4672915500.0,4672.9,1
11500593,화곡8동,호프-간이주점,714628800.0,714.6,2
11500593,화곡8동,분식전문점,676926100.0,676.9,3
11500603,가양1동,한식음식점,38684692000.0,38684.7,1
11500603,가양1동,커피-음료,2694117000.0,2694.1,2
11500603,가양1동,호프-간이주점,2204888300.0,2204.9,3
11500604,가양2동,한식음식점,948066500.0,948.1,1
11500604,가양2동,호프-간이주점,173317940.0,173.3,2
11500604,가양2동,분식전문점,167832740.0,167.8,3
11500605,가양3동,한식음식점,1552478200.0,1552.5,1
11500605,가양3동,중식음식점,346054050.0,346.1,2
11500605,가양3동,커피-음료,239859680.0,239.9,3
11500611,발산1동,한식음식점,7221819000.0,7221.8,1
11500611,발산1동,커피-음료,2039849700.0,2039.8,2
11500611,발산1동,분식전문점,1578762000.0,1578.8,3
11500615,우장산동,한식음식점,3933953500.0,3934.0,1
11500615,우장산동,커피-음료,498123970.0,498.1,2
11500615,우장산동,제과점,387707070.0,387.7,3
11500620,공항동,한식음식점,7718808000.0,7718.8,1
11500620,공항동,호프-간이주점,1666805500.0,1666.8,2
11500620,공항동,패스트푸드점,1066977200.0,1067.0,3
11500630,방화1동,한식음식점,8446077000.0,8446.1,1
11500630,방화1동,제과점,820522300.0,820.5,2
11500630,방화1동,호프-간이주점,811289340.0,811.3,3
11500640,방화2동,한식음식점,5902557000.0,5902.6,1
11500640,방화2동,호프-간이주점,849747300.0,849.7,2
11500640,방화2동,중식음식점,411622430.0,411.6,3
11500641,방화3동,한식음식점,1905066200.0,1905.1,1
11500641,방화3동,제과점,848950300.0,849.0,2
11500641,방화3동,커피-음료,547064450.0,547.1,3
11530510,신도림동,한식음식점,6810109400.0,6810.1,1
11530510,신도림동,커피-음료,755249150.0,755.2,2
11530510,신도림동,호프-간이주점,637166140.0,637.2,3
11530520,구로1동,한식음식점,1241216500.0,1241.2,1
11530520,구로1동,호프-간이주점,181062500.0,181.1,2
11530520,구로1동,커피-음료,99511790.0,99.5,3
11530530,구로2동,한식음식점,9883472000.0,9883.5,1
11530530,구로2동,호프-간이주점,2008339700.0,2008.3,2
11530530,구로2동,중식음식점,1409573600.0,1409.6,3
11530540,구로3동,한식음식점,37882954000.0,37883.0,1
11530540,구로3동,호프-간이주점,6241731600.0,6241.7,2
11530540,구로3동,커피-음료,5832032000.0,5832.0,3
11530550,구로4동,한식음식점,8711858000.0,8711.9,1
11530550,구로4동,호프-간이주점,1979882600.0,1979.9,2
11530550,구로4동,중식음식점,1540937500.0,1540.9,3
11530560,구로5동,한식음식점,21351047000.0,21351.0,1
11530560,구로5동,호프-간이주점,5526188000.0,5526.2,2
11530560,구로5동,커피-음료,2489893400.0,2489.9,3
11530595,가리봉동,중식음식점,1096115800.0,1096.1,1
11530595,가리봉동,한식음식점,910945340.0,910.9,2
11530595,가리봉동,호프-간이주점,579374500.0,579.4,3
11530720,고척1동,한식음식점,6811278300.0,6811.3,1
11530720,고척1동,호프-간이주점,1007551740.0,1007.6,2
11530720,고척1동,커피-음료,873889700.0,873.9,3
11530730,고척2동,한식음식점,3781731000.0,3781.7,1
11530730,고척2동,분식전문점,428856400.0,428.9,2
11530730,고척2동,호프-간이주점,409938700.0,409.9,3
11530740,개봉1동,한식음식점,4884030000.0,4884.0,1
11530740,개봉1동,호프-간이주점,468209340.0,468.2,2
11530740,개봉1동,제과점,400362270.0,400.4,3
11530750,개봉2동,한식음식점,4931809000.0,4931.8,1
11530750,개봉2동,호프-간이주점,889224060.0,889.2,2
11530750,개봉2동,제과점,617338900.0,617.3,3
11530760,개봉3동,한식음식점,3802961000.0,3803.0,1
11530760,개봉3동,호프-간이주점,373628100.0,373.6,2
11530760,개봉3동,제과점,251619260.0,251.6,3
11530770,오류1동,한식음식점,4746602500.0,4746.6,1
11530770,오류1동,호프-간이주점,1090394000.0,1090.4,2
11530770,오류1동,분식전문점,691621500.0,691.6,3
11530780,오류2동,한식음식점,3505604000.0,3505.6,1
11530780,오류2동,제과점,510905340.0,510.9,2
11530780,오류2동,분식전문점,429272960.0,429.3,3
11530790,수궁동,한식음식점,2176110300.0,2176.1,1
11530790,수궁동,커피-음료,250005200.0,250.0,2
11530790,수궁동,호프-간이주점,247141570.0,247.1,3
11530800,항동,커피-음료,63857228.0,63.9,1
11530800,항동,제과점,63164812.0,63.2,2
11530800,항동,중식음식점,51933980.0,51.9,3
11545510,가산동,한식음식점,42575163000.0,42575.2,1
11545510,가산동,커피-음료,13116018000.0,13116.0,2
11545510,가산동,호프-간이주점,5935251500.0,5935.3,3
11545610,독산1동,한식음식점,10969090000.0,10969.1,1
11545610,독산1동,호프-간이주점,1685045000.0,1685.0,2
11545610,독산1동,분식전문점,1091642500.0,1091.6,3
11545620,독산2동,한식음식점,3808136200.0,3808.1,1
11545620,독산2동,호프-간이주점,470014940.0,470.0,2
11545620,독산2동,제과점,318860740.0,318.9,3
11545630,독산3동,한식음식점,6873229300.0,6873.2,1
11545630,독산3동,중식음식점,1341793400.0,1341.8,2
11545630,독산3동,호프-간이주점,1199904800.0,1199.9,3
11545640,독산4동,한식음식점,3843124200.0,3843.1,1
11545640,독산4동,호프-간이주점,1342028900.0,1342.0,2
11545640,독산4동,중식음식점,330103170.0,330.1,3
11545670,시흥1동,한식음식점,14964941000.0,14964.9,1
11545670,시흥1동,호프-간이주점,3161002500.0,3161.0,2
11545670,시흥1동,커피-음료,1389778400.0,1389.8,3
11545680,시흥2동,호프-간이주점,113649290.0,113.6,1
11545680,시흥2동,한식음식점,95128850.0,95.1,2
11545680,시흥2동,중식음식점,95068450.0,95.1,3
11545690,시흥3동,한식음식점,1998420000.0,1998.4,1
11545690,시흥3동,호프-간이주점,358446660.0,358.4,2
11545690,시흥3동,제과점,253719980.0,253.7,3
11545700,시흥4동,한식음식점,1116326400.0,1116.3,1
11545700,시흥4동,치킨전문점,110960296.0,111.0,2
11545700,시흥4동,커피-음료,108594560.0,108.6,3
11545710,시흥5동,한식음식점,3343572000.0,3343.6,1
11545710,시흥5동,호프-간이주점,416302980.0,416.3,2
11545710,시흥5동,분식전문점,303452320.0,303.5,3
11560515,영등포본동,한식음식점,5485013000.0,5485.0,1
11560515,영등포본동,패스트푸드점,2604075800.0,2604.1,2
11560515,영등포본동,중식음식점,699453800.0,699.5,3
11560535,영등포동,한식음식점,45079716000.0,45079.7,1
11560535,영등포동,호프-간이주점,6499045400.0,6499.0,2
11560535,영등포동,커피-음료,4170780700.0,4170.8,3
11560540,여의동,한식음식점,98141225000.0,98141.2,1
11560540,여의동,커피-음료,22893662000.0,22893.7,2
11560540,여의동,호프-간이주점,21032182000.0,21032.2,3
11560550,당산1동,한식음식점,18359716000.0,18359.7,1
11560550,당산1동,호프-간이주점,3978731800.0,3978.7,2
11560550,당산1동,커피-음료,2427353300.0,2427.4,3
11560560,당산2동,한식음식점,18160673000.0,18160.7,1
11560560,당산2동,커피-음료,3632099800.0,3632.1,2
11560560,당산2동,호프-간이주점,1900986400.0,1901.0,3
11560585,도림동,한식음식점,2383975400.0,2384.0,1
11560585,도림동,호프-간이주점,474737000.0,474.7,2
11560585,도림동,중식음식점,321659000.0,321.7,3
11560605,문래동,한식음식점,26213343000.0,26213.3,1
11560605,문래동,호프-간이주점,4991809000.0,4991.8,2
11560605,문래동,커피-음료,4531590000.0,4531.6,3
11560610,양평1동,한식음식점,7638316000.0,7638.3,1
11560610,양평1동,커피-음료,974530050.0,974.5,2
11560610,양평1동,호프-간이주점,766569200.0,766.6,3
11560620,양평2동,한식음식점,11564892000.0,11564.9,1
11560620,양평2동,커피-음료,2607952600.0,2608.0,2
11560620,양평2동,호프-간이주점,1424881400.0,1424.9,3
11560630,신길1동,한식음식점,5749264400.0,5749.3,1
11560630,신길1동,호프-간이주점,993461000.0,993.5,2
11560630,신길1동,중식음식점,870999230.0,871.0,3
11560650,신길3동,한식음식점,3053492700.0,3053.5,1
11560650,신길3동,중식음식점,195589000.0,195.6,2
11560650,신길3동,호프-간이주점,186759090.0,186.8,3
11560660,신길4동,한식음식점,881303300.0,881.3,1
11560660,신길4동,중식음식점,210712290.0,210.7,2
11560660,신길4동,호프-간이주점,189817020.0,189.8,3
11560670,신길5동,한식음식점,1768918900.0,1768.9,1
11560670,신길5동,호프-간이주점,250038580.0,250.0,2
11560670,신길5동,중식음식점,120937050.0,120.9,3
11560680,신길6동,한식음식점,6978804000.0,6978.8,1
11560680,신길6동,호프-간이주점,1030463900.0,1030.5,2
11560680,신길6동,커피-음료,800822660.0,800.8,3
11560690,신길7동,한식음식점,1748423800.0,1748.4,1
11560690,신길7동,호프-간이주점,471606200.0,471.6,2
11560690,신길7동,패스트푸드점,335345060.0,335.3,3
11560700,대림1동,한식음식점,4013962500.0,4014.0,1
11560700,대림1동,제과점,876726200.0,876.7,2
11560700,대림1동,중식음식점,763168640.0,763.2,3
11560710,대림2동,중식음식점,8489474600.0,8489.5,1
11560710,대림2동,한식음식점,1640112900.0,1640.1,2
11560710,대림2동,호프-간이주점,1358185100.0,1358.2,3
11560720,대림3동,한식음식점,5921196000.0,5921.2,1
11560720,대림3동,중식음식점,5890512000.0,5890.5,2
11560720,대림3동,호프-간이주점,1735989200.0,1736.0,3
11590510,노량진1동,한식음식점,9029383000.0,9029.4,1
11590510,노량진1동,커피-음료,1750966800.0,1751.0,2
11590510,노량진1동,호프-간이주점,1711205100.0,1711.2,3
11590520,노량진2동,한식음식점,18462290000.0,18462.3,1
11590520,노량진2동,호프-간이주점,1057836300.0,1057.8,2
11590520,노량진2동,커피-음료,573032200.0,573.0,3
11590530,상도1동,한식음식점,9823257000.0,9823.3,1
11590530,상도1동,커피-음료,2219788000.0,2219.8,2
11590530,상도1동,호프-간이주점,1461305900.0,1461.3,3
11590540,상도2동,한식음식점,3862893000.0,3862.9,1
11590540,상도2동,호프-간이주점,614709250.0,614.7,2
11590540,상도2동,분식전문점,600165000.0,600.2,3
11590550,상도3동,한식음식점,4331387000.0,4331.4,1
11590550,상도3동,제과점,992143000.0,992.1,2
11590550,상도3동,호프-간이주점,942513300.0,942.5,3
11590560,상도4동,한식음식점,3096187600.0,3096.2,1
11590560,상도4동,호프-간이주점,334061900.0,334.1,2
11590560,상도4동,일식음식점,300525120.0,300.5,3
11590605,흑석동,한식음식점,8642742000.0,8642.7,1
11590605,흑석동,호프-간이주점,1872232000.0,1872.2,2
11590605,흑석동,커피-음료,1676517400.0,1676.5,3
11590620,사당1동,한식음식점,22029095000.0,22029.1,1
11590620,사당1동,호프-간이주점,6003405000.0,6003.4,2
11590620,사당1동,커피-음료,1965689500.0,1965.7,3
11590630,사당2동,한식음식점,18151530000.0,18151.5,1
11590630,사당2동,호프-간이주점,4289253400.0,4289.3,2
11590630,사당2동,제과점,2021510100.0,2021.5,3
11590640,사당3동,한식음식점,3180627700.0,3180.6,1
11590640,사당3동,호프-간이주점,307687070.0,307.7,2
11590640,사당3동,커피-음료,294172160.0,294.2,3
11590650,사당4동,한식음식점,1211169400.0,1211.2,1
11590650,사당4동,제과점,266464370.0,266.5,2
11590650,사당4동,분식전문점,223485120.0,223.5,3
11590651,사당5동,한식음식점,1098967000.0,1099.0,1
11590651,사당5동,중식음식점,319480480.0,319.5,2
11590651,사당5동,호프-간이주점,269421860.0,269.4,3
11590660,대방동,한식음식점,7162831000.0,7162.8,1
11590660,대방동,패스트푸드점,2793962500.0,2794.0,2
11590660,대방동,커피-음료,1020531500.0,1020.5,3
11590670,신대방1동,한식음식점,3191012400.0,3191.0,1
11590670,신대방1동,호프-간이주점,499633120.0,499.6,2
11590670,신대방1동,커피-음료,361995330.0,362.0,3
11590680,신대방2동,한식음식점,10195748000.0,10195.7,1
11590680,신대방2동,커피-음료,2274722800.0,2274.7,2
11590680,신대방2동,호프-간이주점,1229107300.0,1229.1,3
11620525,보라매동,한식음식점,6157210600.0,6157.2,1
11620525,보라매동,호프-간이주점,831282940.0,831.3,2
11620525,보라매동,커피-음료,735987200.0,736.0,3
11620545,청림동,한식음식점,308220400.0,308.2,1
11620545,청림동,호프-간이주점,270544450.0,270.5,2
11620545,청림동,중식음식점,99828700.0,99.8,3
11620565,성현동,한식음식점,440497660.0,440.5,1
11620565,성현동,분식전문점,124894104.0,124.9,2
11620565,성현동,호프-간이주점,81645510.0,81.6,3
11620575,행운동,한식음식점,7228130300.0,7228.1,1
11620575,행운동,호프-간이주점,1175985300.0,1176.0,2
11620575,행운동,커피-음료,810519200.0,810.5,3
11620585,낙성대동,한식음식점,15775317000.0,15775.3,1
11620585,낙성대동,호프-간이주점,3751213800.0,3751.2,2
11620585,낙성대동,양식음식점,2519180800.0,2519.2,3
11620595,청룡동,한식음식점,10269072000.0,10269.1,1
11620595,청룡동,호프-간이주점,2054323700.0,2054.3,2
11620595,청룡동,커피-음료,1364687200.0,1364.7,3
11620605,은천동,한식음식점,8595184000.0,8595.2,1
11620605,은천동,호프-간이주점,636488400.0,636.5,2
11620605,은천동,분식전문점,476912420.0,476.9,3
11620615,중앙동,한식음식점,6602083000.0,6602.1,1
11620615,중앙동,호프-간이주점,1581492600.0,1581.5,2
11620615,중앙동,제과점,1041883100.0,1041.9,3
11620625,인헌동,한식음식점,5253318700.0,5253.3,1
11620625,인헌동,분식전문점,861895040.0,861.9,2
11620625,인헌동,호프-간이주점,807256060.0,807.3,3
11620630,남현동,한식음식점,6982399000.0,6982.4,1
11620630,남현동,호프-간이주점,2075299000.0,2075.3,2
11620630,남현동,커피-음료,679366850.0,679.4,3
11620645,서원동,한식음식점,15699825000.0,15699.8,1
11620645,서원동,호프-간이주점,6101842000.0,6101.8,2
11620645,서원동,커피-음료,2202337000.0,2202.3,3
11620655,신원동,한식음식점,4082815200.0,4082.8,1
11620655,신원동,호프-간이주점,454989700.0,455.0,2
11620655,신원동,분식전문점,246394610.0,246.4,3
11620665,서림동,한식음식점,2742160100.0,2742.2,1
11620665,서림동,호프-간이주점,321735100.0,321.7,2
11620665,서림동,커피-음료,242267600.0,242.3,3
11620685,신사동,한식음식점,4003426300.0,4003.4,1
11620685,신사동,호프-간이주점,782097150.0,782.1,2
11620685,신사동,제과점,422720900.0,422.7,3
11620695,신림동,한식음식점,16338847000.0,16338.8,1
11620695,신림동,호프-간이주점,4669039600.0,4669.0,2
11620695,신림동,커피-음료,1454809300.0,1454.8,3
11620715,난향동,한식음식점,541761400.0,541.8,1
11620715,난향동,중식음식점,60085532.0,60.1,2
11620715,난향동,호프-간이주점,52064600.0,52.1,3
11620725,조원동,한식음식점,8661555000.0,8661.6,1
11620725,조원동,호프-간이주점,2147790000.0,2147.8,2
11620725,조원동,커피-음료,808021600.0,808.0,3
11620735,대학동,한식음식점,6071414000.0,6071.4,1
11620735,대학동,커피-음료,1481161900.0,1481.2,2
11620735,대학동,호프-간이주점,1027384700.0,1027.4,3
11620745,삼성동,한식음식점,807282240.0,807.3,1
11620745,삼성동,패스트푸드점,234006780.0,234.0,2
11620745,삼성동,중식음식점,110990140.0,111.0,3
11620765,미성동,한식음식점,3363060200.0,3363.1,1
11620765,미성동,호프-간이주점,393835100.0,393.8,2
11620765,미성동,커피-음료,375303680.0,375.3,3
11620775,난곡동,한식음식점,1806231400.0,1806.2,1
11620775,난곡동,치킨전문점,407022460.0,407.0,2
11620775,난곡동,제과점,265422990.0,265.4,3
11650510,서초1동,한식음식점,16301898000.0,16301.9,1
11650510,서초1동,커피-음료,3221485300.0,3221.5,2
11650510,서초1동,호프-간이주점,2303100000.0,2303.1,3
11650520,서초2동,한식음식점,30070317000.0,30070.3,1
11650520,서초2동,커피-음료,6545709000.0,6545.7,2
11650520,서초2동,호프-간이주점,3714369500.0,3714.4,3
11650530,서초3동,한식음식점,51913260000.0,51913.3,1
11650530,서초3동,커피-음료,9161312000.0,9161.3,2
11650530,서초3동,호프-간이주점,7770657300.0,7770.7,3
11650531,서초4동,한식음식점,25154802000.0,25154.8,1
11650531,서초4동,호프-간이주점,5635590700.0,5635.6,2
11650531,서초4동,커피-음료,5544706600.0,5544.7,3
11650540,잠원동,한식음식점,15999676000.0,15999.7,1
11650540,잠원동,커피-음료,2306977500.0,2307.0,2
11650540,잠원동,호프-간이주점,1892636300.0,1892.6,3
11650550,반포본동,중식음식점,281708860.0,281.7,1
11650550,반포본동,한식음식점,214993250.0,215.0,2
11650550,반포본동,일식음식점,120511980.0,120.5,3
11650560,반포1동,한식음식점,9383684000.0,9383.7,1
11650560,반포1동,커피-음료,2077057200.0,2077.1,2
11650560,반포1동,호프-간이주점,1396940700.0,1396.9,3
11650570,반포2동,한식음식점,586489200.0,586.5,1
11650570,반포2동,분식전문점,351348100.0,351.3,2
11650570,반포2동,커피-음료,206130110.0,206.1,3
11650580,반포3동,한식음식점,6377489000.0,6377.5,1
11650580,반포3동,호프-간이주점,1074824800.0,1074.8,2
11650580,반포3동,분식전문점,726256450.0,726.3,3
11650581,반포4동,한식음식점,10568446000.0,10568.4,1
11650581,반포4동,양식음식점,4503749600.0,4503.7,2
11650581,반포4동,커피-음료,3753110300.0,3753.1,3
11650590,방배본동,한식음식점,8098473500.0,8098.5,1
11650590,방배본동,커피-음료,3487710200.0,3487.7,2
11650590,방배본동,호프-간이주점,1153479400.0,1153.5,3
11650600,방배1동,한식음식점,8769842000.0,8769.8,1
11650600,방배1동,커피-음료,2076304600.0,2076.3,2
11650600,방배1동,호프-간이주점,1896256900.0,1896.3,3
11650610,방배2동,한식음식점,17520267000.0,17520.3,1
11650610,방배2동,호프-간이주점,3928682200.0,3928.7,2
11650610,방배2동,커피-음료,2397184800.0,2397.2,3
11650620,방배3동,한식음식점,2540518100.0,2540.5,1
11650620,방배3동,제과점,690514300.0,690.5,2
11650620,방배3동,커피-음료,431712450.0,431.7,3
11650621,방배4동,한식음식점,8991403000.0,8991.4,1
11650621,방배4동,커피-음료,1747663600.0,1747.7,2
11650621,방배4동,양식음식점,1155503100.0,1155.5,3
11650651,양재1동,한식음식점,22354717000.0,22354.7,1
11650651,양재1동,커피-음료,4880026000.0,4880.0,2
11650651,양재1동,호프-간이주점,4341842000.0,4341.8,3
11650652,양재2동,한식음식점,28488200000.0,28488.2,1
11650652,양재2동,커피-음료,5707015000.0,5707.0,2
11650652,양재2동,호프-간이주점,2407820500.0,2407.8,3
11650660,내곡동,한식음식점,2521555700.0,2521.6,1
11650660,내곡동,커피-음료,392385730.0,392.4,2
11650660,내곡동,제과점,109647900.0,109.6,3
11680510,신사동,한식음식점,31358306000.0,31358.3,1
11680510,신사동,일식음식점,10182144000.0,10182.1,2
11680510,신사동,호프-간이주점,9047036000.0,9047.0,3
11680521,논현1동,한식음식점,45035626000.0,45035.6,1
11680521,논현1동,호프-간이주점,8049978000.0,8050.0,2
11680521,논현1동,커피-음료,6382758000.0,6382.8,3
11680531,논현2동,한식음식점,47799020000.0,47799.0,1
11680531,논현2동,커피-음료,6717162000.0,6717.2,2
11680531,논현2동,호프-간이주점,6617981000.0,6618.0,3
11680545,압구정동,한식음식점,32846053000.0,32846.1,1
11680545,압구정동,양식음식점,17543741000.0,17543.7,2
11680545,압구정동,호프-간이주점,8313753000.0,8313.8,3
11680565,청담동,한식음식점,26260382000.0,26260.4,1
11680565,청담동,양식음식점,13749480000.0,13749.5,2
11680565,청담동,일식음식점,4894175700.0,4894.2,3
11680580,삼성1동,한식음식점,51848053000.0,51848.1,1
11680580,삼성1동,중식음식점,14275671000.0,14275.7,2
11680580,삼성1동,양식음식점,10191821000.0,10191.8,3
11680590,삼성2동,한식음식점,18945550000.0,18945.6,1
11680590,삼성2동,커피-음료,4164707600.0,4164.7,2
11680590,삼성2동,호프-간이주점,2468270000.0,2468.3,3
11680600,대치1동,한식음식점,3429593300.0,3429.6,1
11680600,대치1동,커피-음료,2274879000.0,2274.9,2
11680600,대치1동,분식전문점,1891737600.0,1891.7,3
11680610,대치2동,한식음식점,19417930000.0,19417.9,1
11680610,대치2동,커피-음료,5111054000.0,5111.1,2
11680610,대치2동,호프-간이주점,2799606300.0,2799.6,3
11680630,대치4동,한식음식점,41380258000.0,41380.3,1
11680630,대치4동,커피-음료,7221020000.0,7221.0,2
11680630,대치4동,호프-간이주점,4664954000.0,4665.0,3
11680640,역삼1동,한식음식점,105958010000.0,105958.0,1
11680640,역삼1동,커피-음료,33176168000.0,33176.2,2
11680640,역삼1동,호프-간이주점,20544540000.0,20544.5,3
11680650,역삼2동,한식음식점,14887959000.0,14888.0,1
11680650,역삼2동,커피-음료,4384317000.0,4384.3,2
11680650,역삼2동,제과점,2562583800.0,2562.6,3
11680655,도곡1동,한식음식점,6020031000.0,6020.0,1
11680655,도곡1동,제과점,1105971300.0,1106.0,2
11680655,도곡1동,커피-음료,981995400.0,982.0,3
11680656,도곡2동,한식음식점,9776228000.0,9776.2,1
11680656,도곡2동,양식음식점,3795938800.0,3795.9,2
11680656,도곡2동,커피-음료,3416633300.0,3416.6,3
11680660,개포1동,중식음식점,61204856.0,61.2,1
11680660,개포1동,제과점,27881144.0,27.9,2
11680660,개포1동,한식음식점,19382968.0,19.4,3
11680670,개포2동,한식음식점,4498255400.0,4498.3,1
11680670,개포2동,분식전문점,1558628900.0,1558.6,2
11680670,개포2동,호프-간이주점,635593100.0,635.6,3
11680690,개포4동,한식음식점,7943350000.0,7943.4,1
11680690,개포4동,중식음식점,744769300.0,744.8,2
11680690,개포4동,커피-음료,740762800.0,740.8,3
11680700,세곡동,한식음식점,3804586000.0,3804.6,1
11680700,세곡동,커피-음료,1266131800.0,1266.1,2
11680700,세곡동,제과점,456809660.0,456.8,3
11680720,일원본동,한식음식점,1154040600.0,1154.0,1
11680720,일원본동,커피-음료,616619840.0,616.6,2
11680720,일원본동,패스트푸드점,162221360.0,162.2,3
11680730,일원1동,한식음식점,7797203000.0,7797.2,1
11680730,일원1동,호프-간이주점,998272300.0,998.3,2
11680730,일원1동,커피-음료,635462140.0,635.5,3
11680740,일원2동,한식음식점,274611040.0,274.6,1
11680740,일원2동,커피-음료,122791870.0,122.8,2
11680740,일원2동,호프-간이주점,113395520.0,113.4,3
11680750,수서동,한식음식점,11626111000.0,11626.1,1
11680750,수서동,커피-음료,2054476400.0,2054.5,2
11680750,수서동,일식음식점,1414130000.0,1414.1,3
11710510,풍납1동,한식음식점,1586423000.0,1586.4,1
11710510,풍납1동,호프-간이주점,231940060.0,231.9,2
11710510,풍납1동,제과점,227791710.0,227.8,3
11710520,풍납2동,한식음식점,2372422100.0,2372.4,1
11710520,풍납2동,커피-음료,395906270.0,395.9,2
11710520,풍납2동,분식전문점,228069520.0,228.1,3
11710531,거여1동,한식음식점,3198800400.0,3198.8,1
11710531,거여1동,호프-간이주점,414133000.0,414.1,2
11710531,거여1동,커피-음료,243119330.0,243.1,3
11710532,거여2동,한식음식점,4659911700.0,4659.9,1
11710532,거여2동,제과점,567244800.0,567.2,2
11710532,거여2동,호프-간이주점,553205900.0,553.2,3
11710540,마천1동,한식음식점,846329540.0,846.3,1
11710540,마천1동,호프-간이주점,295952830.0,296.0,2
11710540,마천1동,중식음식점,207560270.0,207.6,3
11710550,마천2동,한식음식점,4829809000.0,4829.8,1
11710550,마천2동,분식전문점,1148572700.0,1148.6,2
11710550,마천2동,제과점,754664600.0,754.7,3
11710561,방이1동,한식음식점,8773690000.0,8773.7,1
11710561,방이1동,호프-간이주점,1131141100.0,1131.1,2
11710561,방이1동,커피-음료,629170300.0,629.2,3
11710562,방이2동,한식음식점,41386967000.0,41387.0,1
11710562,방이2동,호프-간이주점,11304731000.0,11304.7,2
11710562,방이2동,커피-음료,3110411300.0,3110.4,3
11710566,오륜동,커피-음료,602805950.0,602.8,1
11710566,오륜동,한식음식점,554240960.0,554.2,2
11710566,오륜동,양식음식점,485173540.0,485.2,3
11710570,오금동,한식음식점,9819079000.0,9819.1,1
11710570,오금동,커피-음료,2215148300.0,2215.1,2
11710570,오금동,호프-간이주점,1004569700.0,1004.6,3
11710580,송파1동,한식음식점,10503657000.0,10503.7,1
11710580,송파1동,커피-음료,2618719200.0,2618.7,2
11710580,송파1동,호프-간이주점,2599832600.0,2599.8,3
11710590,송파2동,한식음식점,1368438000.0,1368.4,1
11710590,송파2동,분식전문점,650637200.0,650.6,2
11710590,송파2동,커피-음료,570399800.0,570.4,3
11710600,석촌동,한식음식점,21022394000.0,21022.4,1
11710600,석촌동,커피-음료,2462556700.0,2462.6,2
11710600,석촌동,호프-간이주점,1902687600.0,1902.7,3
11710610,삼전동,한식음식점,10449824000.0,10449.8,1
11710610,삼전동,호프-간이주점,1431883100.0,1431.9,2
11710610,삼전동,커피-음료,1314844800.0,1314.8,3
11710620,가락본동,한식음식점,19720219000.0,19720.2,1
11710620,가락본동,호프-간이주점,3156399600.0,3156.4,2
11710620,가락본동,커피-음료,1608534500.0,1608.5,3
11710631,가락1동,한식음식점,12299733000.0,12299.7,1
11710631,가락1동,호프-간이주점,816488260.0,816.5,2
11710631,가락1동,커피-음료,552357200.0,552.4,3
11710632,가락2동,한식음식점,8604287000.0,8604.3,1
11710632,가락2동,호프-간이주점,892973440.0,893.0,2
11710632,가락2동,제과점,850997900.0,851.0,3
11710641,문정1동,한식음식점,5332678700.0,5332.7,1
11710641,문정1동,커피-음료,417034900.0,417.0,2
11710641,문정1동,분식전문점,227542030.0,227.5,3
11710642,문정2동,한식음식점,19307910000.0,19307.9,1
11710642,문정2동,커피-음료,4772893700.0,4772.9,2
11710642,문정2동,일식음식점,3619561500.0,3619.6,3
11710646,장지동,한식음식점,4648212000.0,4648.2,1
11710646,장지동,커피-음료,664792300.0,664.8,2
11710646,장지동,제과점,471793340.0,471.8,3
11710647,위례동,커피-음료,1689589100.0,1689.6,1
11710647,위례동,한식음식점,909025660.0,909.0,2
11710647,위례동,제과점,383325380.0,383.3,3
11710650,잠실본동,한식음식점,35788546000.0,35788.5,1
11710650,잠실본동,호프-간이주점,10517951000.0,10518.0,2
11710650,잠실본동,커피-음료,3603724500.0,3603.7,3
11710670,잠실2동,커피-음료,2162011100.0,2162.0,1
11710670,잠실2동,분식전문점,1852651800.0,1852.7,2
11710670,잠실2동,제과점,896097400.0,896.1,3
11710680,잠실3동,패스트푸드점,4727123500.0,4727.1,1
11710680,잠실3동,분식전문점,2307910700.0,2307.9,2
11710680,잠실3동,커피-음료,2129751000.0,2129.8,3
11710690,잠실4동,제과점,118534820.0,118.5,1
11710690,잠실4동,한식음식점,98286250.0,98.3,2
11710690,잠실4동,커피-음료,97561750.0,97.6,3
11710710,잠실6동,한식음식점,11335282000.0,11335.3,1
11710710,잠실6동,커피-음료,6435555300.0,6435.6,2
11710710,잠실6동,제과점,3659832800.0,3659.8,3
11710720,잠실7동,중식음식점,59270660.0,59.3,1
11710720,잠실7동,커피-음료,43598372.0,43.6,2
11710720,잠실7동,한식음식점,36805148.0,36.8,3
11740515,강일동,한식음식점,2370260200.0,2370.3,1
11740515,강일동,커피-음료,753243800.0,753.2,2
11740515,강일동,제과점,646733630.0,646.7,3
11740520,상일동,한식음식점,5140226600.0,5140.2,1
11740520,상일동,호프-간이주점,1533990400.0,1534.0,2
11740520,상일동,커피-음료,933880960.0,933.9,3
11740530,명일1동,한식음식점,8927048000.0,8927.0,1
11740530,명일1동,호프-간이주점,1618496400.0,1618.5,2
11740530,명일1동,커피-음료,1196084200.0,1196.1,3
11740540,명일2동,분식전문점,5189136000.0,5189.1,1
11740540,명일2동,한식음식점,4575327700.0,4575.3,2
11740540,명일2동,커피-음료,2566565400.0,2566.6,3
11740550,고덕1동,한식음식점,1323512800.0,1323.5,1
11740550,고덕1동,호프-간이주점,283563300.0,283.6,2
11740550,고덕1동,분식전문점,120713970.0,120.7,3
11740560,고덕2동,한식음식점,3050768400.0,3050.8,1
11740560,고덕2동,제과점,551181630.0,551.2,2
11740560,고덕2동,호프-간이주점,330833100.0,330.8,3
11740570,암사1동,한식음식점,7339758600.0,7339.8,1
11740570,암사1동,호프-간이주점,1421415000.0,1421.4,2
11740570,암사1동,분식전문점,719135550.0,719.1,3
11740580,암사2동,한식음식점,5053888500.0,5053.9,1
11740580,암사2동,분식전문점,563384640.0,563.4,2
11740580,암사2동,제과점,457224580.0,457.2,3
11740590,암사3동,한식음식점,1469699800.0,1469.7,1
11740590,암사3동,제과점,476420540.0,476.4,2
11740590,암사3동,커피-음료,350086500.0,350.1,3
11740600,천호1동,한식음식점,4345529000.0,4345.5,1
11740600,천호1동,호프-간이주점,731679000.0,731.7,2
11740600,천호1동,제과점,545814800.0,545.8,3
11740610,천호2동,한식음식점,19129248000.0,19129.2,1
11740610,천호2동,호프-간이주점,4196891400.0,4196.9,2
11740610,천호2동,커피-음료,2197838600.0,2197.8,3
11740620,천호3동,한식음식점,8088655400.0,8088.7,1
11740620,천호3동,호프-간이주점,2285730600.0,2285.7,2
11740620,천호3동,분식전문점,776059650.0,776.1,3
11740640,성내1동,한식음식점,8626536000.0,8626.5,1
11740640,성내1동,커피-음료,1276622200.0,1276.6,2
11740640,성내1동,호프-간이주점,975860000.0,975.9,3
11740650,성내2동,한식음식점,10032949000.0,10032.9,1
11740650,성내2동,호프-간이주점,1574260600.0,1574.3,2
11740650,성내2동,커피-음료,872196200.0,872.2,3
11740660,성내3동,한식음식점,14169008000.0,14169.0,1
11740660,성내3동,호프-간이주점,2230160000.0,2230.2,2
11740660,성내3동,제과점,1373773000.0,1373.8,3
11740685,길동,한식음식점,21516782000.0,21516.8,1
11740685,길동,호프-간이주점,5040440300.0,5040.4,2
11740685,길동,커피-음료,2168954000.0,2169.0,3
11740690,둔촌1동,한식음식점,1173686100.0,1173.7,1
11740690,둔촌1동,제과점,791696640.0,791.7,2
11740690,둔촌1동,일식음식점,413002620.0,413.0,3
11740700,둔촌2동,한식음식점,6257060400.0,6257.1,1
11740700,둔촌2동,커피-음료,800257700.0,800.3,2
11740700,둔촌2동,제과점,563741500.0,563.7,3
